iteration,current_distance,best_distance,route
0,2240.030571511831,2240.030571511831,City_14 -> City_24 -> City_41 -> City_48 -> City_11 -> City_47 -> City_13 -> City_46 -> City_4 -> City_29 -> City_34 -> City_22 -> City_37 -> City_28 -> City_44 -> City_23 -> City_10 -> City_5 -> City_18 -> City_9 -> City_35 -> City_31 -> City_15 -> City_38 -> City_16 -> City_25 -> City_20 -> City_12 -> City_39 -> City_7 -> City_2 -> City_50 -> City_42 -> City_1 -> City_33 -> City_49 -> City_8 -> City_40 -> City_17 -> City_21 -> City_6 -> City_30 -> City_3 -> City_36 -> City_26 -> City_43 -> City_19 -> City_32 -> City_45 -> City_27
5,1887.1356131545567,1887.1356131545567,City_41 -> City_11 -> City_47 -> City_48 -> City_21 -> City_46 -> City_14 -> City_24 -> City_28 -> City_5 -> City_44 -> City_32 -> City_18 -> City_13 -> City_17 -> City_6 -> City_35 -> City_38 -> City_25 -> City_3 -> City_15 -> City_29 -> City_42 -> City_40 -> City_39 -> City_36 -> City_12 -> City_4 -> City_8 -> City_10 -> City_50 -> City_43 -> City_33 -> City_37 -> City_22 -> City_34 -> City_1 -> City_9 -> City_26 -> City_2 -> City_19 -> City_23 -> City_16 -> City_7 -> City_31 -> City_20 -> City_49 -> City_30 -> City_45 -> City_27
10,1756.3287933302793,1756.3287933302793,City_41 -> City_4 -> City_46 -> City_14 -> City_15 -> City_29 -> City_42 -> City_11 -> City_39 -> City_36 -> City_12 -> City_19 -> City_47 -> City_48 -> City_18 -> City_44 -> City_7 -> City_26 -> City_3 -> City_40 -> City_9 -> City_8 -> City_10 -> City_50 -> City_43 -> City_33 -> City_24 -> City_37 -> City_22 -> City_35 -> City_13 -> City_38 -> City_1 -> City_21 -> City_23 -> City_34 -> City_28 -> City_5 -> City_31 -> City_16 -> City_25 -> City_20 -> City_2 -> City_49 -> City_17 -> City_6 -> City_30 -> City_32 -> City_45 -> City_27
15,1545.0372662323266,1545.0372662323266,City_41 -> City_46 -> City_14 -> City_15 -> City_29 -> City_42 -> City_11 -> City_39 -> City_20 -> City_36 -> City_12 -> City_9 -> City_26 -> City_18 -> City_47 -> City_48 -> City_44 -> City_7 -> City_3 -> City_40 -> City_8 -> City_19 -> City_10 -> City_50 -> City_43 -> City_33 -> City_24 -> City_37 -> City_6 -> City_35 -> City_4 -> City_34 -> City_23 -> City_22 -> City_1 -> City_13 -> City_38 -> City_28 -> City_5 -> City_31 -> City_16 -> City_25 -> City_2 -> City_49 -> City_17 -> City_21 -> City_30 -> City_32 -> City_45 -> City_27
20,1482.130914283682,1482.130914283682,City_41 -> City_46 -> City_14 -> City_15 -> City_29 -> City_42 -> City_11 -> City_39 -> City_36 -> City_12 -> City_9 -> City_26 -> City_18 -> City_47 -> City_48 -> City_20 -> City_44 -> City_7 -> City_3 -> City_40 -> City_19 -> City_10 -> City_50 -> City_8 -> City_43 -> City_33 -> City_24 -> City_37 -> City_6 -> City_35 -> City_4 -> City_34 -> City_23 -> City_22 -> City_1 -> City_13 -> City_38 -> City_28 -> City_5 -> City_31 -> City_16 -> City_25 -> City_2 -> City_49 -> City_17 -> City_21 -> City_30 -> City_32 -> City_45 -> City_27
25,1463.9826900198932,1463.9826900198932,City_41 -> City_46 -> City_14 -> City_15 -> City_29 -> City_42 -> City_11 -> City_39 -> City_36 -> City_12 -> City_9 -> City_26 -> City_18 -> City_47 -> City_48 -> City_44 -> City_7 -> City_3 -> City_40 -> City_19 -> City_10 -> City_8 -> City_50 -> City_43 -> City_31 -> City_33 -> City_24 -> City_37 -> City_6 -> City_35 -> City_4 -> City_34 -> City_23 -> City_22 -> City_1 -> City_13 -> City_38 -> City_28 -> City_5 -> City_16 -> City_25 -> City_20 -> City_2 -> City_49 -> City_17 -> City_21 -> City_30 -> City_32 -> City_45 -> City_27
30,1463.9826900198932,1463.9826900198932,City_41 -> City_46 -> City_14 -> City_15 -> City_29 -> City_42 -> City_11 -> City_39 -> City_36 -> City_12 -> City_9 -> City_26 -> City_18 -> City_47 -> City_48 -> City_44 -> City_7 -> City_3 -> City_40 -> City_19 -> City_10 -> City_8 -> City_50 -> City_43 -> City_31 -> City_33 -> City_24 -> City_37 -> City_6 -> City_35 -> City_4 -> City_34 -> City_23 -> City_22 -> City_1 -> City_13 -> City_38 -> City_28 -> City_5 -> City_16 -> City_25 -> City_20 -> City_2 -> City_49 -> City_17 -> City_21 -> City_30 -> City_32 -> City_45 -> City_27
35,1463.9826900198932,1463.9826900198932,City_41 -> City_46 -> City_14 -> City_15 -> City_29 -> City_42 -> City_11 -> City_39 -> City_36 -> City_12 -> City_9 -> City_26 -> City_18 -> City_47 -> City_48 -> City_44 -> City_7 -> City_3 -> City_40 -> City_19 -> City_10 -> City_8 -> City_50 -> City_43 -> City_31 -> City_33 -> City_24 -> City_37 -> City_6 -> City_35 -> City_4 -> City_34 -> City_23 -> City_22 -> City_1 -> City_13 -> City_38 -> City_28 -> City_5 -> City_16 -> City_25 -> City_20 -> City_2 -> City_49 -> City_17 -> City_21 -> City_30 -> City_32 -> City_45 -> City_27
40,1459.659357859562,1459.659357859562,City_41 -> City_46 -> City_14 -> City_15 -> City_29 -> City_42 -> City_3 -> City_39 -> City_36 -> City_12 -> City_9 -> City_26 -> City_18 -> City_47 -> City_48 -> City_44 -> City_7 -> City_11 -> City_40 -> City_19 -> City_10 -> City_8 -> City_50 -> City_43 -> City_31 -> City_33 -> City_24 -> City_37 -> City_6 -> City_35 -> City_4 -> City_34 -> City_23 -> City_22 -> City_1 -> City_13 -> City_38 -> City_28 -> City_5 -> City_16 -> City_25 -> City_20 -> City_2 -> City_49 -> City_17 -> City_21 -> City_30 -> City_32 -> City_45 -> City_27
45,1459.659357859562,1459.659357859562,City_41 -> City_46 -> City_14 -> City_15 -> City_29 -> City_42 -> City_3 -> City_39 -> City_36 -> City_12 -> City_9 -> City_26 -> City_18 -> City_47 -> City_48 -> City_44 -> City_7 -> City_11 -> City_40 -> City_19 -> City_10 -> City_8 -> City_50 -> City_43 -> City_31 -> City_33 -> City_24 -> City_37 -> City_6 -> City_35 -> City_4 -> City_34 -> City_23 -> City_22 -> City_1 -> City_13 -> City_38 -> City_28 -> City_5 -> City_16 -> City_25 -> City_20 -> City_2 -> City_49 -> City_17 -> City_21 -> City_30 -> City_32 -> City_45 -> City_27
50,1459.659357859562,1459.659357859562,City_41 -> City_46 -> City_14 -> City_15 -> City_29 -> City_42 -> City_3 -> City_39 -> City_36 -> City_12 -> City_9 -> City_26 -> City_18 -> City_47 -> City_48 -> City_44 -> City_7 -> City_11 -> City_40 -> City_19 -> City_10 -> City_8 -> City_50 -> City_43 -> City_31 -> City_33 -> City_24 -> City_37 -> City_6 -> City_35 -> City_4 -> City_34 -> City_23 -> City_22 -> City_1 -> City_13 -> City_38 -> City_28 -> City_5 -> City_16 -> City_25 -> City_20 -> City_2 -> City_49 -> City_17 -> City_21 -> City_30 -> City_32 -> City_45 -> City_27
55,1459.659357859562,1459.659357859562,City_41 -> City_46 -> City_14 -> City_15 -> City_29 -> City_42 -> City_3 -> City_39 -> City_36 -> City_12 -> City_9 -> City_26 -> City_18 -> City_47 -> City_48 -> City_44 -> City_7 -> City_11 -> City_40 -> City_19 -> City_10 -> City_8 -> City_50 -> City_43 -> City_31 -> City_33 -> City_24 -> City_37 -> City_6 -> City_35 -> City_4 -> City_34 -> City_23 -> City_22 -> City_1 -> City_13 -> City_38 -> City_28 -> City_5 -> City_16 -> City_25 -> City_20 -> City_2 -> City_49 -> City_17 -> City_21 -> City_30 -> City_32 -> City_45 -> City_27
60,1459.659357859562,1459.659357859562,City_41 -> City_46 -> City_14 -> City_15 -> City_29 -> City_42 -> City_3 -> City_39 -> City_36 -> City_12 -> City_9 -> City_26 -> City_18 -> City_47 -> City_48 -> City_44 -> City_7 -> City_11 -> City_40 -> City_19 -> City_10 -> City_8 -> City_50 -> City_43 -> City_31 -> City_33 -> City_24 -> City_37 -> City_6 -> City_35 -> City_4 -> City_34 -> City_23 -> City_22 -> City_1 -> City_13 -> City_38 -> City_28 -> City_5 -> City_16 -> City_25 -> City_20 -> City_2 -> City_49 -> City_17 -> City_21 -> City_30 -> City_32 -> City_45 -> City_27
65,1459.659357859562,1459.659357859562,City_41 -> City_46 -> City_14 -> City_15 -> City_29 -> City_42 -> City_3 -> City_39 -> City_36 -> City_12 -> City_9 -> City_26 -> City_18 -> City_47 -> City_48 -> City_44 -> City_7 -> City_11 -> City_40 -> City_19 -> City_10 -> City_8 -> City_50 -> City_43 -> City_31 -> City_33 -> City_24 -> City_37 -> City_6 -> City_35 -> City_4 -> City_34 -> City_23 -> City_22 -> City_1 -> City_13 -> City_38 -> City_28 -> City_5 -> City_16 -> City_25 -> City_20 -> City_2 -> City_49 -> City_17 -> City_21 -> City_30 -> City_32 -> City_45 -> City_27
70,1459.659357859562,1459.659357859562,City_41 -> City_46 -> City_14 -> City_15 -> City_29 -> City_42 -> City_3 -> City_39 -> City_36 -> City_12 -> City_9 -> City_26 -> City_18 -> City_47 -> City_48 -> City_44 -> City_7 -> City_11 -> City_40 -> City_19 -> City_10 -> City_8 -> City_50 -> City_43 -> City_31 -> City_33 -> City_24 -> City_37 -> City_6 -> City_35 -> City_4 -> City_34 -> City_23 -> City_22 -> City_1 -> City_13 -> City_38 -> City_28 -> City_5 -> City_16 -> City_25 -> City_20 -> City_2 -> City_49 -> City_17 -> City_21 -> City_30 -> City_32 -> City_45 -> City_27
75,1459.659357859562,1459.659357859562,City_41 -> City_46 -> City_14 -> City_15 -> City_29 -> City_42 -> City_3 -> City_39 -> City_36 -> City_12 -> City_9 -> City_26 -> City_18 -> City_47 -> City_48 -> City_44 -> City_7 -> City_11 -> City_40 -> City_19 -> City_10 -> City_8 -> City_50 -> City_43 -> City_31 -> City_33 -> City_24 -> City_37 -> City_6 -> City_35 -> City_4 -> City_34 -> City_23 -> City_22 -> City_1 -> City_13 -> City_38 -> City_28 -> City_5 -> City_16 -> City_25 -> City_20 -> City_2 -> City_49 -> City_17 -> City_21 -> City_30 -> City_32 -> City_45 -> City_27
80,1459.659357859562,1459.659357859562,City_41 -> City_46 -> City_14 -> City_15 -> City_29 -> City_42 -> City_3 -> City_39 -> City_36 -> City_12 -> City_9 -> City_26 -> City_18 -> City_47 -> City_48 -> City_44 -> City_7 -> City_11 -> City_40 -> City_19 -> City_10 -> City_8 -> City_50 -> City_43 -> City_31 -> City_33 -> City_24 -> City_37 -> City_6 -> City_35 -> City_4 -> City_34 -> City_23 -> City_22 -> City_1 -> City_13 -> City_38 -> City_28 -> City_5 -> City_16 -> City_25 -> City_20 -> City_2 -> City_49 -> City_17 -> City_21 -> City_30 -> City_32 -> City_45 -> City_27
85,1440.945228883251,1440.945228883251,City_41 -> City_46 -> City_14 -> City_15 -> City_29 -> City_42 -> City_39 -> City_36 -> City_12 -> City_9 -> City_26 -> City_18 -> City_47 -> City_48 -> City_44 -> City_7 -> City_11 -> City_40 -> City_19 -> City_8 -> City_10 -> City_3 -> City_50 -> City_43 -> City_31 -> City_33 -> City_24 -> City_37 -> City_6 -> City_35 -> City_4 -> City_34 -> City_23 -> City_22 -> City_1 -> City_13 -> City_38 -> City_28 -> City_5 -> City_16 -> City_25 -> City_20 -> City_2 -> City_49 -> City_17 -> City_21 -> City_30 -> City_32 -> City_45 -> City_27
90,1440.945228883251,1440.945228883251,City_41 -> City_46 -> City_14 -> City_15 -> City_29 -> City_42 -> City_39 -> City_36 -> City_12 -> City_9 -> City_26 -> City_18 -> City_47 -> City_48 -> City_44 -> City_7 -> City_11 -> City_40 -> City_19 -> City_8 -> City_10 -> City_3 -> City_50 -> City_43 -> City_31 -> City_33 -> City_24 -> City_37 -> City_6 -> City_35 -> City_4 -> City_34 -> City_23 -> City_22 -> City_1 -> City_13 -> City_38 -> City_28 -> City_5 -> City_16 -> City_25 -> City_20 -> City_2 -> City_49 -> City_17 -> City_21 -> City_30 -> City_32 -> City_45 -> City_27
95,1438.0999187026232,1438.0999187026232,City_41 -> City_46 -> City_14 -> City_15 -> City_29 -> City_42 -> City_39 -> City_36 -> City_12 -> City_9 -> City_26 -> City_18 -> City_47 -> City_48 -> City_44 -> City_7 -> City_11 -> City_10 -> City_19 -> City_8 -> City_40 -> City_3 -> City_50 -> City_43 -> City_31 -> City_33 -> City_24 -> City_37 -> City_6 -> City_35 -> City_4 -> City_34 -> City_23 -> City_22 -> City_1 -> City_13 -> City_38 -> City_28 -> City_5 -> City_16 -> City_25 -> City_20 -> City_2 -> City_49 -> City_17 -> City_21 -> City_30 -> City_32 -> City_45 -> City_27
100,1403.8441161574158,1403.8441161574158,City_41 -> City_46 -> City_14 -> City_15 -> City_29 -> City_42 -> City_39 -> City_36 -> City_12 -> City_9 -> City_26 -> City_18 -> City_47 -> City_48 -> City_44 -> City_7 -> City_11 -> City_10 -> City_40 -> City_19 -> City_8 -> City_3 -> City_50 -> City_43 -> City_31 -> City_33 -> City_24 -> City_37 -> City_6 -> City_35 -> City_4 -> City_34 -> City_23 -> City_22 -> City_1 -> City_13 -> City_38 -> City_28 -> City_5 -> City_16 -> City_25 -> City_20 -> City_2 -> City_49 -> City_17 -> City_21 -> City_30 -> City_32 -> City_45 -> City_27
105,1347.9456038982717,1347.9456038982717,City_41 -> City_46 -> City_14 -> City_15 -> City_29 -> City_42 -> City_39 -> City_36 -> City_12 -> City_9 -> City_26 -> City_18 -> City_47 -> City_48 -> City_44 -> City_7 -> City_11 -> City_10 -> City_40 -> City_19 -> City_8 -> City_3 -> City_50 -> City_43 -> City_31 -> City_33 -> City_24 -> City_37 -> City_6 -> City_35 -> City_17 -> City_34 -> City_4 -> City_23 -> City_22 -> City_1 -> City_13 -> City_38 -> City_28 -> City_5 -> City_16 -> City_25 -> City_20 -> City_2 -> City_49 -> City_21 -> City_30 -> City_32 -> City_45 -> City_27
110,1321.0663531743953,1321.0663531743953,City_41 -> City_46 -> City_14 -> City_15 -> City_29 -> City_42 -> City_39 -> City_36 -> City_12 -> City_9 -> City_26 -> City_18 -> City_47 -> City_48 -> City_44 -> City_7 -> City_11 -> City_10 -> City_40 -> City_19 -> City_8 -> City_3 -> City_50 -> City_43 -> City_31 -> City_33 -> City_24 -> City_37 -> City_6 -> City_35 -> City_17 -> City_34 -> City_4 -> City_22 -> City_23 -> City_1 -> City_13 -> City_38 -> City_28 -> City_5 -> City_16 -> City_25 -> City_20 -> City_2 -> City_49 -> City_21 -> City_30 -> City_32 -> City_45 -> City_27
115,1321.0663531743953,1321.0663531743953,City_41 -> City_46 -> City_14 -> City_15 -> City_29 -> City_42 -> City_39 -> City_36 -> City_12 -> City_9 -> City_26 -> City_18 -> City_47 -> City_48 -> City_44 -> City_7 -> City_11 -> City_10 -> City_40 -> City_19 -> City_8 -> City_3 -> City_50 -> City_43 -> City_31 -> City_33 -> City_24 -> City_37 -> City_6 -> City_35 -> City_17 -> City_34 -> City_4 -> City_22 -> City_23 -> City_1 -> City_13 -> City_38 -> City_28 -> City_5 -> City_16 -> City_25 -> City_20 -> City_2 -> City_49 -> City_21 -> City_30 -> City_32 -> City_45 -> City_27
120,1321.0663531743953,1321.0663531743953,City_41 -> City_46 -> City_14 -> City_15 -> City_29 -> City_42 -> City_39 -> City_36 -> City_12 -> City_9 -> City_26 -> City_18 -> City_47 -> City_48 -> City_44 -> City_7 -> City_11 -> City_10 -> City_40 -> City_19 -> City_8 -> City_3 -> City_50 -> City_43 -> City_31 -> City_33 -> City_24 -> City_37 -> City_6 -> City_35 -> City_17 -> City_34 -> City_4 -> City_22 -> City_23 -> City_1 -> City_13 -> City_38 -> City_28 -> City_5 -> City_16 -> City_25 -> City_20 -> City_2 -> City_49 -> City_21 -> City_30 -> City_32 -> City_45 -> City_27
125,1321.0663531743953,1321.0663531743953,City_41 -> City_46 -> City_14 -> City_15 -> City_29 -> City_42 -> City_39 -> City_36 -> City_12 -> City_9 -> City_26 -> City_18 -> City_47 -> City_48 -> City_44 -> City_7 -> City_11 -> City_10 -> City_40 -> City_19 -> City_8 -> City_3 -> City_50 -> City_43 -> City_31 -> City_33 -> City_24 -> City_37 -> City_6 -> City_35 -> City_17 -> City_34 -> City_4 -> City_22 -> City_23 -> City_1 -> City_13 -> City_38 -> City_28 -> City_5 -> City_16 -> City_25 -> City_20 -> City_2 -> City_49 -> City_21 -> City_30 -> City_32 -> City_45 -> City_27
130,1298.6410763585566,1298.6410763585566,City_41 -> City_46 -> City_14 -> City_15 -> City_29 -> City_42 -> City_39 -> City_36 -> City_12 -> City_9 -> City_26 -> City_18 -> City_47 -> City_48 -> City_44 -> City_7 -> City_11 -> City_10 -> City_40 -> City_19 -> City_8 -> City_3 -> City_50 -> City_43 -> City_31 -> City_33 -> City_24 -> City_23 -> City_6 -> City_35 -> City_17 -> City_37 -> City_34 -> City_4 -> City_22 -> City_1 -> City_13 -> City_38 -> City_28 -> City_5 -> City_16 -> City_25 -> City_20 -> City_2 -> City_49 -> City_21 -> City_30 -> City_32 -> City_45 -> City_27
135,1293.1567788659415,1293.1567788659415,City_41 -> City_46 -> City_14 -> City_15 -> City_29 -> City_42 -> City_39 -> City_36 -> City_12 -> City_9 -> City_26 -> City_18 -> City_47 -> City_48 -> City_44 -> City_7 -> City_11 -> City_10 -> City_40 -> City_19 -> City_8 -> City_3 -> City_50 -> City_43 -> City_31 -> City_33 -> City_24 -> City_23 -> City_37 -> City_6 -> City_35 -> City_17 -> City_34 -> City_4 -> City_22 -> City_1 -> City_13 -> City_38 -> City_28 -> City_5 -> City_16 -> City_25 -> City_20 -> City_2 -> City_49 -> City_21 -> City_30 -> City_32 -> City_45 -> City_27
140,1293.1567788659415,1293.1567788659415,City_41 -> City_46 -> City_14 -> City_15 -> City_29 -> City_42 -> City_39 -> City_36 -> City_12 -> City_9 -> City_26 -> City_18 -> City_47 -> City_48 -> City_44 -> City_7 -> City_11 -> City_10 -> City_40 -> City_19 -> City_8 -> City_3 -> City_50 -> City_43 -> City_31 -> City_33 -> City_24 -> City_23 -> City_37 -> City_6 -> City_35 -> City_17 -> City_34 -> City_4 -> City_22 -> City_1 -> City_13 -> City_38 -> City_28 -> City_5 -> City_16 -> City_25 -> City_20 -> City_2 -> City_49 -> City_21 -> City_30 -> City_32 -> City_45 -> City_27
145,1293.1567788659415,1293.1567788659415,City_41 -> City_46 -> City_14 -> City_15 -> City_29 -> City_42 -> City_39 -> City_36 -> City_12 -> City_9 -> City_26 -> City_18 -> City_47 -> City_48 -> City_44 -> City_7 -> City_11 -> City_10 -> City_40 -> City_19 -> City_8 -> City_3 -> City_50 -> City_43 -> City_31 -> City_33 -> City_24 -> City_23 -> City_37 -> City_6 -> City_35 -> City_17 -> City_34 -> City_4 -> City_22 -> City_1 -> City_13 -> City_38 -> City_28 -> City_5 -> City_16 -> City_25 -> City_20 -> City_2 -> City_49 -> City_21 -> City_30 -> City_32 -> City_45 -> City_27
150,1293.1567788659415,1293.1567788659415,City_41 -> City_46 -> City_14 -> City_15 -> City_29 -> City_42 -> City_39 -> City_36 -> City_12 -> City_9 -> City_26 -> City_18 -> City_47 -> City_48 -> City_44 -> City_7 -> City_11 -> City_10 -> City_40 -> City_19 -> City_8 -> City_3 -> City_50 -> City_43 -> City_31 -> City_33 -> City_24 -> City_23 -> City_37 -> City_6 -> City_35 -> City_17 -> City_34 -> City_4 -> City_22 -> City_1 -> City_13 -> City_38 -> City_28 -> City_5 -> City_16 -> City_25 -> City_20 -> City_2 -> City_49 -> City_21 -> City_30 -> City_32 -> City_45 -> City_27
155,1291.3354401060517,1291.3354401060517,City_41 -> City_46 -> City_14 -> City_15 -> City_29 -> City_42 -> City_39 -> City_36 -> City_12 -> City_9 -> City_26 -> City_18 -> City_48 -> City_47 -> City_44 -> City_7 -> City_11 -> City_10 -> City_40 -> City_19 -> City_8 -> City_3 -> City_50 -> City_43 -> City_31 -> City_33 -> City_24 -> City_23 -> City_37 -> City_6 -> City_35 -> City_17 -> City_34 -> City_4 -> City_22 -> City_1 -> City_13 -> City_38 -> City_28 -> City_5 -> City_16 -> City_25 -> City_20 -> City_2 -> City_49 -> City_21 -> City_30 -> City_32 -> City_45 -> City_27
160,1291.3354401060517,1291.3354401060517,City_41 -> City_46 -> City_14 -> City_15 -> City_29 -> City_42 -> City_39 -> City_36 -> City_12 -> City_9 -> City_26 -> City_18 -> City_48 -> City_47 -> City_44 -> City_7 -> City_11 -> City_10 -> City_40 -> City_19 -> City_8 -> City_3 -> City_50 -> City_43 -> City_31 -> City_33 -> City_24 -> City_23 -> City_37 -> City_6 -> City_35 -> City_17 -> City_34 -> City_4 -> City_22 -> City_1 -> City_13 -> City_38 -> City_28 -> City_5 -> City_16 -> City_25 -> City_20 -> City_2 -> City_49 -> City_21 -> City_30 -> City_32 -> City_45 -> City_27
165,1291.3354401060517,1291.3354401060517,City_41 -> City_46 -> City_14 -> City_15 -> City_29 -> City_42 -> City_39 -> City_36 -> City_12 -> City_9 -> City_26 -> City_18 -> City_48 -> City_47 -> City_44 -> City_7 -> City_11 -> City_10 -> City_40 -> City_19 -> City_8 -> City_3 -> City_50 -> City_43 -> City_31 -> City_33 -> City_24 -> City_23 -> City_37 -> City_6 -> City_35 -> City_17 -> City_34 -> City_4 -> City_22 -> City_1 -> City_13 -> City_38 -> City_28 -> City_5 -> City_16 -> City_25 -> City_20 -> City_2 -> City_49 -> City_21 -> City_30 -> City_32 -> City_45 -> City_27
170,1291.3354401060517,1291.3354401060517,City_41 -> City_46 -> City_14 -> City_15 -> City_29 -> City_42 -> City_39 -> City_36 -> City_12 -> City_9 -> City_26 -> City_18 -> City_48 -> City_47 -> City_44 -> City_7 -> City_11 -> City_10 -> City_40 -> City_19 -> City_8 -> City_3 -> City_50 -> City_43 -> City_31 -> City_33 -> City_24 -> City_23 -> City_37 -> City_6 -> City_35 -> City_17 -> City_34 -> City_4 -> City_22 -> City_1 -> City_13 -> City_38 -> City_28 -> City_5 -> City_16 -> City_25 -> City_20 -> City_2 -> City_49 -> City_21 -> City_30 -> City_32 -> City_45 -> City_27
175,1291.3354401060517,1291.3354401060517,City_41 -> City_46 -> City_14 -> City_15 -> City_29 -> City_42 -> City_39 -> City_36 -> City_12 -> City_9 -> City_26 -> City_18 -> City_48 -> City_47 -> City_44 -> City_7 -> City_11 -> City_10 -> City_40 -> City_19 -> City_8 -> City_3 -> City_50 -> City_43 -> City_31 -> City_33 -> City_24 -> City_23 -> City_37 -> City_6 -> City_35 -> City_17 -> City_34 -> City_4 -> City_22 -> City_1 -> City_13 -> City_38 -> City_28 -> City_5 -> City_16 -> City_25 -> City_20 -> City_2 -> City_49 -> City_21 -> City_30 -> City_32 -> City_45 -> City_27
180,1291.3354401060517,1291.3354401060517,City_41 -> City_46 -> City_14 -> City_15 -> City_29 -> City_42 -> City_39 -> City_36 -> City_12 -> City_9 -> City_26 -> City_18 -> City_48 -> City_47 -> City_44 -> City_7 -> City_11 -> City_10 -> City_40 -> City_19 -> City_8 -> City_3 -> City_50 -> City_43 -> City_31 -> City_33 -> City_24 -> City_23 -> City_37 -> City_6 -> City_35 -> City_17 -> City_34 -> City_4 -> City_22 -> City_1 -> City_13 -> City_38 -> City_28 -> City_5 -> City_16 -> City_25 -> City_20 -> City_2 -> City_49 -> City_21 -> City_30 -> City_32 -> City_45 -> City_27
185,1279.0293901821826,1279.0293901821826,City_41 -> City_46 -> City_14 -> City_15 -> City_29 -> City_42 -> City_39 -> City_36 -> City_12 -> City_49 -> City_26 -> City_18 -> City_48 -> City_47 -> City_44 -> City_7 -> City_11 -> City_10 -> City_40 -> City_19 -> City_8 -> City_3 -> City_50 -> City_43 -> City_31 -> City_33 -> City_24 -> City_23 -> City_37 -> City_6 -> City_35 -> City_17 -> City_34 -> City_4 -> City_22 -> City_1 -> City_13 -> City_38 -> City_28 -> City_5 -> City_16 -> City_25 -> City_20 -> City_2 -> City_9 -> City_21 -> City_30 -> City_32 -> City_45 -> City_27
190,1279.0293901821826,1279.0293901821826,City_41 -> City_46 -> City_14 -> City_15 -> City_29 -> City_42 -> City_39 -> City_36 -> City_12 -> City_49 -> City_26 -> City_18 -> City_48 -> City_47 -> City_44 -> City_7 -> City_11 -> City_10 -> City_40 -> City_19 -> City_8 -> City_3 -> City_50 -> City_43 -> City_31 -> City_33 -> City_24 -> City_23 -> City_37 -> City_6 -> City_35 -> City_17 -> City_34 -> City_4 -> City_22 -> City_1 -> City_13 -> City_38 -> City_28 -> City_5 -> City_16 -> City_25 -> City_20 -> City_2 -> City_9 -> City_21 -> City_30 -> City_32 -> City_45 -> City_27
195,1279.0293901821826,1279.0293901821826,City_41 -> City_46 -> City_14 -> City_15 -> City_29 -> City_42 -> City_39 -> City_36 -> City_12 -> City_49 -> City_26 -> City_18 -> City_48 -> City_47 -> City_44 -> City_7 -> City_11 -> City_10 -> City_40 -> City_19 -> City_8 -> City_3 -> City_50 -> City_43 -> City_31 -> City_33 -> City_24 -> City_23 -> City_37 -> City_6 -> City_35 -> City_17 -> City_34 -> City_4 -> City_22 -> City_1 -> City_13 -> City_38 -> City_28 -> City_5 -> City_16 -> City_25 -> City_20 -> City_2 -> City_9 -> City_21 -> City_30 -> City_32 -> City_45 -> City_27
200,1279.0293901821826,1279.0293901821826,City_41 -> City_46 -> City_14 -> City_15 -> City_29 -> City_42 -> City_39 -> City_36 -> City_12 -> City_49 -> City_26 -> City_18 -> City_48 -> City_47 -> City_44 -> City_7 -> City_11 -> City_10 -> City_40 -> City_19 -> City_8 -> City_3 -> City_50 -> City_43 -> City_31 -> City_33 -> City_24 -> City_23 -> City_37 -> City_6 -> City_35 -> City_17 -> City_34 -> City_4 -> City_22 -> City_1 -> City_13 -> City_38 -> City_28 -> City_5 -> City_16 -> City_25 -> City_20 -> City_2 -> City_9 -> City_21 -> City_30 -> City_32 -> City_45 -> City_27
205,1279.0293901821826,1279.0293901821826,City_41 -> City_46 -> City_14 -> City_15 -> City_29 -> City_42 -> City_39 -> City_36 -> City_12 -> City_49 -> City_26 -> City_18 -> City_48 -> City_47 -> City_44 -> City_7 -> City_11 -> City_10 -> City_40 -> City_19 -> City_8 -> City_3 -> City_50 -> City_43 -> City_31 -> City_33 -> City_24 -> City_23 -> City_37 -> City_6 -> City_35 -> City_17 -> City_34 -> City_4 -> City_22 -> City_1 -> City_13 -> City_38 -> City_28 -> City_5 -> City_16 -> City_25 -> City_20 -> City_2 -> City_9 -> City_21 -> City_30 -> City_32 -> City_45 -> City_27
210,1261.1405675309275,1261.1405675309275,City_41 -> City_46 -> City_14 -> City_15 -> City_43 -> City_42 -> City_39 -> City_36 -> City_12 -> City_49 -> City_26 -> City_18 -> City_48 -> City_47 -> City_44 -> City_7 -> City_11 -> City_10 -> City_40 -> City_19 -> City_8 -> City_3 -> City_50 -> City_29 -> City_31 -> City_33 -> City_24 -> City_23 -> City_37 -> City_6 -> City_35 -> City_17 -> City_34 -> City_4 -> City_22 -> City_1 -> City_13 -> City_38 -> City_28 -> City_5 -> City_16 -> City_25 -> City_20 -> City_2 -> City_9 -> City_21 -> City_30 -> City_32 -> City_45 -> City_27
215,1223.003786041633,1223.003786041633,City_41 -> City_46 -> City_14 -> City_15 -> City_42 -> City_39 -> City_36 -> City_43 -> City_12 -> City_49 -> City_26 -> City_18 -> City_48 -> City_47 -> City_44 -> City_7 -> City_11 -> City_10 -> City_40 -> City_19 -> City_8 -> City_3 -> City_50 -> City_29 -> City_31 -> City_33 -> City_24 -> City_23 -> City_37 -> City_6 -> City_35 -> City_17 -> City_34 -> City_4 -> City_22 -> City_1 -> City_13 -> City_38 -> City_28 -> City_5 -> City_16 -> City_25 -> City_20 -> City_2 -> City_9 -> City_21 -> City_30 -> City_32 -> City_45 -> City_27
220,1223.003786041633,1223.003786041633,City_41 -> City_46 -> City_14 -> City_15 -> City_42 -> City_39 -> City_36 -> City_43 -> City_12 -> City_49 -> City_26 -> City_18 -> City_48 -> City_47 -> City_44 -> City_7 -> City_11 -> City_10 -> City_40 -> City_19 -> City_8 -> City_3 -> City_50 -> City_29 -> City_31 -> City_33 -> City_24 -> City_23 -> City_37 -> City_6 -> City_35 -> City_17 -> City_34 -> City_4 -> City_22 -> City_1 -> City_13 -> City_38 -> City_28 -> City_5 -> City_16 -> City_25 -> City_20 -> City_2 -> City_9 -> City_21 -> City_30 -> City_32 -> City_45 -> City_27
225,1184.1851918959462,1184.1851918959462,City_41 -> City_46 -> City_14 -> City_10 -> City_42 -> City_39 -> City_36 -> City_43 -> City_12 -> City_49 -> City_26 -> City_18 -> City_48 -> City_47 -> City_44 -> City_7 -> City_11 -> City_15 -> City_40 -> City_19 -> City_8 -> City_3 -> City_50 -> City_29 -> City_31 -> City_33 -> City_24 -> City_23 -> City_37 -> City_6 -> City_35 -> City_17 -> City_34 -> City_4 -> City_22 -> City_1 -> City_13 -> City_38 -> City_28 -> City_5 -> City_16 -> City_25 -> City_20 -> City_2 -> City_9 -> City_21 -> City_30 -> City_32 -> City_45 -> City_27
230,1165.8117228078304,1165.8117228078304,City_41 -> City_46 -> City_14 -> City_42 -> City_15 -> City_39 -> City_36 -> City_10 -> City_43 -> City_12 -> City_49 -> City_26 -> City_18 -> City_48 -> City_47 -> City_44 -> City_7 -> City_11 -> City_40 -> City_19 -> City_8 -> City_3 -> City_50 -> City_29 -> City_31 -> City_33 -> City_24 -> City_23 -> City_37 -> City_6 -> City_35 -> City_17 -> City_34 -> City_4 -> City_22 -> City_1 -> City_13 -> City_38 -> City_28 -> City_5 -> City_16 -> City_25 -> City_20 -> City_2 -> City_9 -> City_21 -> City_30 -> City_32 -> City_45 -> City_27
235,1165.8117228078304,1165.8117228078304,City_41 -> City_46 -> City_14 -> City_42 -> City_15 -> City_39 -> City_36 -> City_10 -> City_43 -> City_12 -> City_49 -> City_26 -> City_18 -> City_48 -> City_47 -> City_44 -> City_7 -> City_11 -> City_40 -> City_19 -> City_8 -> City_3 -> City_50 -> City_29 -> City_31 -> City_33 -> City_24 -> City_23 -> City_37 -> City_6 -> City_35 -> City_17 -> City_34 -> City_4 -> City_22 -> City_1 -> City_13 -> City_38 -> City_28 -> City_5 -> City_16 -> City_25 -> City_20 -> City_2 -> City_9 -> City_21 -> City_30 -> City_32 -> City_45 -> City_27
240,1165.8117228078304,1165.8117228078304,City_41 -> City_46 -> City_14 -> City_42 -> City_15 -> City_39 -> City_36 -> City_10 -> City_43 -> City_12 -> City_49 -> City_26 -> City_18 -> City_48 -> City_47 -> City_44 -> City_7 -> City_11 -> City_40 -> City_19 -> City_8 -> City_3 -> City_50 -> City_29 -> City_31 -> City_33 -> City_24 -> City_23 -> City_37 -> City_6 -> City_35 -> City_17 -> City_34 -> City_4 -> City_22 -> City_1 -> City_13 -> City_38 -> City_28 -> City_5 -> City_16 -> City_25 -> City_20 -> City_2 -> City_9 -> City_21 -> City_30 -> City_32 -> City_45 -> City_27
245,1165.8117228078304,1165.8117228078304,City_41 -> City_46 -> City_14 -> City_42 -> City_15 -> City_39 -> City_36 -> City_10 -> City_43 -> City_12 -> City_49 -> City_26 -> City_18 -> City_48 -> City_47 -> City_44 -> City_7 -> City_11 -> City_40 -> City_19 -> City_8 -> City_3 -> City_50 -> City_29 -> City_31 -> City_33 -> City_24 -> City_23 -> City_37 -> City_6 -> City_35 -> City_17 -> City_34 -> City_4 -> City_22 -> City_1 -> City_13 -> City_38 -> City_28 -> City_5 -> City_16 -> City_25 -> City_20 -> City_2 -> City_9 -> City_21 -> City_30 -> City_32 -> City_45 -> City_27
250,1165.8117228078304,1165.8117228078304,City_41 -> City_46 -> City_14 -> City_42 -> City_15 -> City_39 -> City_36 -> City_10 -> City_43 -> City_12 -> City_49 -> City_26 -> City_18 -> City_48 -> City_47 -> City_44 -> City_7 -> City_11 -> City_40 -> City_19 -> City_8 -> City_3 -> City_50 -> City_29 -> City_31 -> City_33 -> City_24 -> City_23 -> City_37 -> City_6 -> City_35 -> City_17 -> City_34 -> City_4 -> City_22 -> City_1 -> City_13 -> City_38 -> City_28 -> City_5 -> City_16 -> City_25 -> City_20 -> City_2 -> City_9 -> City_21 -> City_30 -> City_32 -> City_45 -> City_27
255,1165.8117228078304,1165.8117228078304,City_41 -> City_46 -> City_14 -> City_42 -> City_15 -> City_39 -> City_36 -> City_10 -> City_43 -> City_12 -> City_49 -> City_26 -> City_18 -> City_48 -> City_47 -> City_44 -> City_7 -> City_11 -> City_40 -> City_19 -> City_8 -> City_3 -> City_50 -> City_29 -> City_31 -> City_33 -> City_24 -> City_23 -> City_37 -> City_6 -> City_35 -> City_17 -> City_34 -> City_4 -> City_22 -> City_1 -> City_13 -> City_38 -> City_28 -> City_5 -> City_16 -> City_25 -> City_20 -> City_2 -> City_9 -> City_21 -> City_30 -> City_32 -> City_45 -> City_27
260,1165.8117228078304,1165.8117228078304,City_41 -> City_46 -> City_14 -> City_42 -> City_15 -> City_39 -> City_36 -> City_10 -> City_43 -> City_12 -> City_49 -> City_26 -> City_18 -> City_48 -> City_47 -> City_44 -> City_7 -> City_11 -> City_40 -> City_19 -> City_8 -> City_3 -> City_50 -> City_29 -> City_31 -> City_33 -> City_24 -> City_23 -> City_37 -> City_6 -> City_35 -> City_17 -> City_34 -> City_4 -> City_22 -> City_1 -> City_13 -> City_38 -> City_28 -> City_5 -> City_16 -> City_25 -> City_20 -> City_2 -> City_9 -> City_21 -> City_30 -> City_32 -> City_45 -> City_27
265,1165.8117228078304,1165.8117228078304,City_41 -> City_46 -> City_14 -> City_42 -> City_15 -> City_39 -> City_36 -> City_10 -> City_43 -> City_12 -> City_49 -> City_26 -> City_18 -> City_48 -> City_47 -> City_44 -> City_7 -> City_11 -> City_40 -> City_19 -> City_8 -> City_3 -> City_50 -> City_29 -> City_31 -> City_33 -> City_24 -> City_23 -> City_37 -> City_6 -> City_35 -> City_17 -> City_34 -> City_4 -> City_22 -> City_1 -> City_13 -> City_38 -> City_28 -> City_5 -> City_16 -> City_25 -> City_20 -> City_2 -> City_9 -> City_21 -> City_30 -> City_32 -> City_45 -> City_27
270,1165.8117228078304,1165.8117228078304,City_41 -> City_46 -> City_14 -> City_42 -> City_15 -> City_39 -> City_36 -> City_10 -> City_43 -> City_12 -> City_49 -> City_26 -> City_18 -> City_48 -> City_47 -> City_44 -> City_7 -> City_11 -> City_40 -> City_19 -> City_8 -> City_3 -> City_50 -> City_29 -> City_31 -> City_33 -> City_24 -> City_23 -> City_37 -> City_6 -> City_35 -> City_17 -> City_34 -> City_4 -> City_22 -> City_1 -> City_13 -> City_38 -> City_28 -> City_5 -> City_16 -> City_25 -> City_20 -> City_2 -> City_9 -> City_21 -> City_30 -> City_32 -> City_45 -> City_27
275,1165.8117228078304,1165.8117228078304,City_41 -> City_46 -> City_14 -> City_42 -> City_15 -> City_39 -> City_36 -> City_10 -> City_43 -> City_12 -> City_49 -> City_26 -> City_18 -> City_48 -> City_47 -> City_44 -> City_7 -> City_11 -> City_40 -> City_19 -> City_8 -> City_3 -> City_50 -> City_29 -> City_31 -> City_33 -> City_24 -> City_23 -> City_37 -> City_6 -> City_35 -> City_17 -> City_34 -> City_4 -> City_22 -> City_1 -> City_13 -> City_38 -> City_28 -> City_5 -> City_16 -> City_25 -> City_20 -> City_2 -> City_9 -> City_21 -> City_30 -> City_32 -> City_45 -> City_27
280,1165.8117228078304,1165.8117228078304,City_41 -> City_46 -> City_14 -> City_42 -> City_15 -> City_39 -> City_36 -> City_10 -> City_43 -> City_12 -> City_49 -> City_26 -> City_18 -> City_48 -> City_47 -> City_44 -> City_7 -> City_11 -> City_40 -> City_19 -> City_8 -> City_3 -> City_50 -> City_29 -> City_31 -> City_33 -> City_24 -> City_23 -> City_37 -> City_6 -> City_35 -> City_17 -> City_34 -> City_4 -> City_22 -> City_1 -> City_13 -> City_38 -> City_28 -> City_5 -> City_16 -> City_25 -> City_20 -> City_2 -> City_9 -> City_21 -> City_30 -> City_32 -> City_45 -> City_27
285,1165.8117228078304,1165.8117228078304,City_41 -> City_46 -> City_14 -> City_42 -> City_15 -> City_39 -> City_36 -> City_10 -> City_43 -> City_12 -> City_49 -> City_26 -> City_18 -> City_48 -> City_47 -> City_44 -> City_7 -> City_11 -> City_40 -> City_19 -> City_8 -> City_3 -> City_50 -> City_29 -> City_31 -> City_33 -> City_24 -> City_23 -> City_37 -> City_6 -> City_35 -> City_17 -> City_34 -> City_4 -> City_22 -> City_1 -> City_13 -> City_38 -> City_28 -> City_5 -> City_16 -> City_25 -> City_20 -> City_2 -> City_9 -> City_21 -> City_30 -> City_32 -> City_45 -> City_27
290,1163.6909505059998,1163.6909505059998,City_41 -> City_46 -> City_14 -> City_42 -> City_15 -> City_39 -> City_36 -> City_10 -> City_43 -> City_12 -> City_49 -> City_26 -> City_18 -> City_48 -> City_47 -> City_44 -> City_7 -> City_11 -> City_40 -> City_19 -> City_8 -> City_3 -> City_50 -> City_29 -> City_31 -> City_33 -> City_24 -> City_23 -> City_37 -> City_6 -> City_35 -> City_17 -> City_34 -> City_4 -> City_22 -> City_1 -> City_13 -> City_38 -> City_28 -> City_5 -> City_25 -> City_16 -> City_20 -> City_2 -> City_9 -> City_21 -> City_30 -> City_32 -> City_45 -> City_27
295,1163.6909505059998,1163.6909505059998,City_41 -> City_46 -> City_14 -> City_42 -> City_15 -> City_39 -> City_36 -> City_10 -> City_43 -> City_12 -> City_49 -> City_26 -> City_18 -> City_48 -> City_47 -> City_44 -> City_7 -> City_11 -> City_40 -> City_19 -> City_8 -> City_3 -> City_50 -> City_29 -> City_31 -> City_33 -> City_24 -> City_23 -> City_37 -> City_6 -> City_35 -> City_17 -> City_34 -> City_4 -> City_22 -> City_1 -> City_13 -> City_38 -> City_28 -> City_5 -> City_25 -> City_16 -> City_20 -> City_2 -> City_9 -> City_21 -> City_30 -> City_32 -> City_45 -> City_27
300,1163.6909505059998,1163.6909505059998,City_41 -> City_46 -> City_14 -> City_42 -> City_15 -> City_39 -> City_36 -> City_10 -> City_43 -> City_12 -> City_49 -> City_26 -> City_18 -> City_48 -> City_47 -> City_44 -> City_7 -> City_11 -> City_40 -> City_19 -> City_8 -> City_3 -> City_50 -> City_29 -> City_31 -> City_33 -> City_24 -> City_23 -> City_37 -> City_6 -> City_35 -> City_17 -> City_34 -> City_4 -> City_22 -> City_1 -> City_13 -> City_38 -> City_28 -> City_5 -> City_25 -> City_16 -> City_20 -> City_2 -> City_9 -> City_21 -> City_30 -> City_32 -> City_45 -> City_27
305,1163.6909505059998,1163.6909505059998,City_41 -> City_46 -> City_14 -> City_42 -> City_15 -> City_39 -> City_36 -> City_10 -> City_43 -> City_12 -> City_49 -> City_26 -> City_18 -> City_48 -> City_47 -> City_44 -> City_7 -> City_11 -> City_40 -> City_19 -> City_8 -> City_3 -> City_50 -> City_29 -> City_31 -> City_33 -> City_24 -> City_23 -> City_37 -> City_6 -> City_35 -> City_17 -> City_34 -> City_4 -> City_22 -> City_1 -> City_13 -> City_38 -> City_28 -> City_5 -> City_25 -> City_16 -> City_20 -> City_2 -> City_9 -> City_21 -> City_30 -> City_32 -> City_45 -> City_27
310,1163.6909505059998,1163.6909505059998,City_41 -> City_46 -> City_14 -> City_42 -> City_15 -> City_39 -> City_36 -> City_10 -> City_43 -> City_12 -> City_49 -> City_26 -> City_18 -> City_48 -> City_47 -> City_44 -> City_7 -> City_11 -> City_40 -> City_19 -> City_8 -> City_3 -> City_50 -> City_29 -> City_31 -> City_33 -> City_24 -> City_23 -> City_37 -> City_6 -> City_35 -> City_17 -> City_34 -> City_4 -> City_22 -> City_1 -> City_13 -> City_38 -> City_28 -> City_5 -> City_25 -> City_16 -> City_20 -> City_2 -> City_9 -> City_21 -> City_30 -> City_32 -> City_45 -> City_27
315,1163.6909505059998,1163.6909505059998,City_41 -> City_46 -> City_14 -> City_42 -> City_15 -> City_39 -> City_36 -> City_10 -> City_43 -> City_12 -> City_49 -> City_26 -> City_18 -> City_48 -> City_47 -> City_44 -> City_7 -> City_11 -> City_40 -> City_19 -> City_8 -> City_3 -> City_50 -> City_29 -> City_31 -> City_33 -> City_24 -> City_23 -> City_37 -> City_6 -> City_35 -> City_17 -> City_34 -> City_4 -> City_22 -> City_1 -> City_13 -> City_38 -> City_28 -> City_5 -> City_25 -> City_16 -> City_20 -> City_2 -> City_9 -> City_21 -> City_30 -> City_32 -> City_45 -> City_27
320,1163.6909505059998,1163.6909505059998,City_41 -> City_46 -> City_14 -> City_42 -> City_15 -> City_39 -> City_36 -> City_10 -> City_43 -> City_12 -> City_49 -> City_26 -> City_18 -> City_48 -> City_47 -> City_44 -> City_7 -> City_11 -> City_40 -> City_19 -> City_8 -> City_3 -> City_50 -> City_29 -> City_31 -> City_33 -> City_24 -> City_23 -> City_37 -> City_6 -> City_35 -> City_17 -> City_34 -> City_4 -> City_22 -> City_1 -> City_13 -> City_38 -> City_28 -> City_5 -> City_25 -> City_16 -> City_20 -> City_2 -> City_9 -> City_21 -> City_30 -> City_32 -> City_45 -> City_27
325,1163.6909505059998,1163.6909505059998,City_41 -> City_46 -> City_14 -> City_42 -> City_15 -> City_39 -> City_36 -> City_10 -> City_43 -> City_12 -> City_49 -> City_26 -> City_18 -> City_48 -> City_47 -> City_44 -> City_7 -> City_11 -> City_40 -> City_19 -> City_8 -> City_3 -> City_50 -> City_29 -> City_31 -> City_33 -> City_24 -> City_23 -> City_37 -> City_6 -> City_35 -> City_17 -> City_34 -> City_4 -> City_22 -> City_1 -> City_13 -> City_38 -> City_28 -> City_5 -> City_25 -> City_16 -> City_20 -> City_2 -> City_9 -> City_21 -> City_30 -> City_32 -> City_45 -> City_27
330,1147.0860577657788,1147.0860577657788,City_41 -> City_46 -> City_14 -> City_42 -> City_15 -> City_39 -> City_36 -> City_10 -> City_43 -> City_12 -> City_49 -> City_26 -> City_18 -> City_48 -> City_47 -> City_44 -> City_7 -> City_11 -> City_40 -> City_19 -> City_8 -> City_3 -> City_50 -> City_29 -> City_31 -> City_33 -> City_24 -> City_23 -> City_37 -> City_6 -> City_35 -> City_17 -> City_34 -> City_4 -> City_22 -> City_1 -> City_13 -> City_28 -> City_38 -> City_5 -> City_25 -> City_16 -> City_20 -> City_2 -> City_9 -> City_21 -> City_30 -> City_32 -> City_45 -> City_27
335,1129.1605579317875,1129.1605579317875,City_46 -> City_14 -> City_42 -> City_15 -> City_39 -> City_36 -> City_10 -> City_43 -> City_12 -> City_49 -> City_41 -> City_26 -> City_18 -> City_48 -> City_47 -> City_44 -> City_7 -> City_11 -> City_40 -> City_19 -> City_8 -> City_3 -> City_50 -> City_29 -> City_31 -> City_33 -> City_24 -> City_23 -> City_37 -> City_6 -> City_35 -> City_17 -> City_34 -> City_4 -> City_22 -> City_1 -> City_13 -> City_28 -> City_38 -> City_5 -> City_25 -> City_16 -> City_20 -> City_2 -> City_9 -> City_21 -> City_30 -> City_32 -> City_45 -> City_27
340,1129.1605579317875,1129.1605579317875,City_46 -> City_14 -> City_42 -> City_15 -> City_39 -> City_36 -> City_10 -> City_43 -> City_12 -> City_49 -> City_41 -> City_26 -> City_18 -> City_48 -> City_47 -> City_44 -> City_7 -> City_11 -> City_40 -> City_19 -> City_8 -> City_3 -> City_50 -> City_29 -> City_31 -> City_33 -> City_24 -> City_23 -> City_37 -> City_6 -> City_35 -> City_17 -> City_34 -> City_4 -> City_22 -> City_1 -> City_13 -> City_28 -> City_38 -> City_5 -> City_25 -> City_16 -> City_20 -> City_2 -> City_9 -> City_21 -> City_30 -> City_32 -> City_45 -> City_27
345,1129.1605579317875,1129.1605579317875,City_46 -> City_14 -> City_42 -> City_15 -> City_39 -> City_36 -> City_10 -> City_43 -> City_12 -> City_49 -> City_41 -> City_26 -> City_18 -> City_48 -> City_47 -> City_44 -> City_7 -> City_11 -> City_40 -> City_19 -> City_8 -> City_3 -> City_50 -> City_29 -> City_31 -> City_33 -> City_24 -> City_23 -> City_37 -> City_6 -> City_35 -> City_17 -> City_34 -> City_4 -> City_22 -> City_1 -> City_13 -> City_28 -> City_38 -> City_5 -> City_25 -> City_16 -> City_20 -> City_2 -> City_9 -> City_21 -> City_30 -> City_32 -> City_45 -> City_27
350,1129.1605579317875,1129.1605579317875,City_46 -> City_14 -> City_42 -> City_15 -> City_39 -> City_36 -> City_10 -> City_43 -> City_12 -> City_49 -> City_41 -> City_26 -> City_18 -> City_48 -> City_47 -> City_44 -> City_7 -> City_11 -> City_40 -> City_19 -> City_8 -> City_3 -> City_50 -> City_29 -> City_31 -> City_33 -> City_24 -> City_23 -> City_37 -> City_6 -> City_35 -> City_17 -> City_34 -> City_4 -> City_22 -> City_1 -> City_13 -> City_28 -> City_38 -> City_5 -> City_25 -> City_16 -> City_20 -> City_2 -> City_9 -> City_21 -> City_30 -> City_32 -> City_45 -> City_27
355,1129.1605579317875,1129.1605579317875,City_46 -> City_14 -> City_42 -> City_15 -> City_39 -> City_36 -> City_10 -> City_43 -> City_12 -> City_49 -> City_41 -> City_26 -> City_18 -> City_48 -> City_47 -> City_44 -> City_7 -> City_11 -> City_40 -> City_19 -> City_8 -> City_3 -> City_50 -> City_29 -> City_31 -> City_33 -> City_24 -> City_23 -> City_37 -> City_6 -> City_35 -> City_17 -> City_34 -> City_4 -> City_22 -> City_1 -> City_13 -> City_28 -> City_38 -> City_5 -> City_25 -> City_16 -> City_20 -> City_2 -> City_9 -> City_21 -> City_30 -> City_32 -> City_45 -> City_27
360,1129.1605579317875,1129.1605579317875,City_46 -> City_14 -> City_42 -> City_15 -> City_39 -> City_36 -> City_10 -> City_43 -> City_12 -> City_49 -> City_41 -> City_26 -> City_18 -> City_48 -> City_47 -> City_44 -> City_7 -> City_11 -> City_40 -> City_19 -> City_8 -> City_3 -> City_50 -> City_29 -> City_31 -> City_33 -> City_24 -> City_23 -> City_37 -> City_6 -> City_35 -> City_17 -> City_34 -> City_4 -> City_22 -> City_1 -> City_13 -> City_28 -> City_38 -> City_5 -> City_25 -> City_16 -> City_20 -> City_2 -> City_9 -> City_21 -> City_30 -> City_32 -> City_45 -> City_27
365,1129.1605579317875,1129.1605579317875,City_46 -> City_14 -> City_42 -> City_15 -> City_39 -> City_36 -> City_10 -> City_43 -> City_12 -> City_49 -> City_41 -> City_26 -> City_18 -> City_48 -> City_47 -> City_44 -> City_7 -> City_11 -> City_40 -> City_19 -> City_8 -> City_3 -> City_50 -> City_29 -> City_31 -> City_33 -> City_24 -> City_23 -> City_37 -> City_6 -> City_35 -> City_17 -> City_34 -> City_4 -> City_22 -> City_1 -> City_13 -> City_28 -> City_38 -> City_5 -> City_25 -> City_16 -> City_20 -> City_2 -> City_9 -> City_21 -> City_30 -> City_32 -> City_45 -> City_27
370,1129.1605579317875,1129.1605579317875,City_46 -> City_14 -> City_42 -> City_15 -> City_39 -> City_36 -> City_10 -> City_43 -> City_12 -> City_49 -> City_41 -> City_26 -> City_18 -> City_48 -> City_47 -> City_44 -> City_7 -> City_11 -> City_40 -> City_19 -> City_8 -> City_3 -> City_50 -> City_29 -> City_31 -> City_33 -> City_24 -> City_23 -> City_37 -> City_6 -> City_35 -> City_17 -> City_34 -> City_4 -> City_22 -> City_1 -> City_13 -> City_28 -> City_38 -> City_5 -> City_25 -> City_16 -> City_20 -> City_2 -> City_9 -> City_21 -> City_30 -> City_32 -> City_45 -> City_27
375,1129.1605579317875,1129.1605579317875,City_46 -> City_14 -> City_42 -> City_15 -> City_39 -> City_36 -> City_10 -> City_43 -> City_12 -> City_49 -> City_41 -> City_26 -> City_18 -> City_48 -> City_47 -> City_44 -> City_7 -> City_11 -> City_40 -> City_19 -> City_8 -> City_3 -> City_50 -> City_29 -> City_31 -> City_33 -> City_24 -> City_23 -> City_37 -> City_6 -> City_35 -> City_17 -> City_34 -> City_4 -> City_22 -> City_1 -> City_13 -> City_28 -> City_38 -> City_5 -> City_25 -> City_16 -> City_20 -> City_2 -> City_9 -> City_21 -> City_30 -> City_32 -> City_45 -> City_27
380,1129.1605579317875,1129.1605579317875,City_46 -> City_14 -> City_42 -> City_15 -> City_39 -> City_36 -> City_10 -> City_43 -> City_12 -> City_49 -> City_41 -> City_26 -> City_18 -> City_48 -> City_47 -> City_44 -> City_7 -> City_11 -> City_40 -> City_19 -> City_8 -> City_3 -> City_50 -> City_29 -> City_31 -> City_33 -> City_24 -> City_23 -> City_37 -> City_6 -> City_35 -> City_17 -> City_34 -> City_4 -> City_22 -> City_1 -> City_13 -> City_28 -> City_38 -> City_5 -> City_25 -> City_16 -> City_20 -> City_2 -> City_9 -> City_21 -> City_30 -> City_32 -> City_45 -> City_27
385,1121.628260355422,1121.628260355422,City_46 -> City_14 -> City_15 -> City_39 -> City_36 -> City_10 -> City_43 -> City_12 -> City_49 -> City_41 -> City_26 -> City_18 -> City_48 -> City_47 -> City_44 -> City_7 -> City_11 -> City_40 -> City_42 -> City_19 -> City_8 -> City_3 -> City_50 -> City_29 -> City_31 -> City_33 -> City_24 -> City_23 -> City_37 -> City_6 -> City_35 -> City_17 -> City_34 -> City_4 -> City_22 -> City_1 -> City_13 -> City_28 -> City_38 -> City_5 -> City_25 -> City_16 -> City_20 -> City_2 -> City_9 -> City_21 -> City_30 -> City_32 -> City_45 -> City_27
390,1121.628260355422,1121.628260355422,City_46 -> City_14 -> City_15 -> City_39 -> City_36 -> City_10 -> City_43 -> City_12 -> City_49 -> City_41 -> City_26 -> City_18 -> City_48 -> City_47 -> City_44 -> City_7 -> City_11 -> City_40 -> City_42 -> City_19 -> City_8 -> City_3 -> City_50 -> City_29 -> City_31 -> City_33 -> City_24 -> City_23 -> City_37 -> City_6 -> City_35 -> City_17 -> City_34 -> City_4 -> City_22 -> City_1 -> City_13 -> City_28 -> City_38 -> City_5 -> City_25 -> City_16 -> City_20 -> City_2 -> City_9 -> City_21 -> City_30 -> City_32 -> City_45 -> City_27
395,1119.9279266813862,1119.9279266813862,City_46 -> City_14 -> City_36 -> City_39 -> City_15 -> City_10 -> City_43 -> City_12 -> City_49 -> City_41 -> City_26 -> City_18 -> City_48 -> City_47 -> City_44 -> City_7 -> City_11 -> City_40 -> City_42 -> City_19 -> City_8 -> City_3 -> City_50 -> City_29 -> City_31 -> City_33 -> City_24 -> City_23 -> City_37 -> City_6 -> City_35 -> City_17 -> City_34 -> City_4 -> City_22 -> City_1 -> City_13 -> City_28 -> City_38 -> City_5 -> City_25 -> City_16 -> City_20 -> City_2 -> City_9 -> City_21 -> City_30 -> City_32 -> City_45 -> City_27
400,1119.9279266813862,1119.9279266813862,City_46 -> City_14 -> City_36 -> City_39 -> City_15 -> City_10 -> City_43 -> City_12 -> City_49 -> City_41 -> City_26 -> City_18 -> City_48 -> City_47 -> City_44 -> City_7 -> City_11 -> City_40 -> City_42 -> City_19 -> City_8 -> City_3 -> City_50 -> City_29 -> City_31 -> City_33 -> City_24 -> City_23 -> City_37 -> City_6 -> City_35 -> City_17 -> City_34 -> City_4 -> City_22 -> City_1 -> City_13 -> City_28 -> City_38 -> City_5 -> City_25 -> City_16 -> City_20 -> City_2 -> City_9 -> City_21 -> City_30 -> City_32 -> City_45 -> City_27
405,1119.9279266813862,1119.9279266813862,City_46 -> City_14 -> City_36 -> City_39 -> City_15 -> City_10 -> City_43 -> City_12 -> City_49 -> City_41 -> City_26 -> City_18 -> City_48 -> City_47 -> City_44 -> City_7 -> City_11 -> City_40 -> City_42 -> City_19 -> City_8 -> City_3 -> City_50 -> City_29 -> City_31 -> City_33 -> City_24 -> City_23 -> City_37 -> City_6 -> City_35 -> City_17 -> City_34 -> City_4 -> City_22 -> City_1 -> City_13 -> City_28 -> City_38 -> City_5 -> City_25 -> City_16 -> City_20 -> City_2 -> City_9 -> City_21 -> City_30 -> City_32 -> City_45 -> City_27
410,1119.9279266813862,1119.9279266813862,City_46 -> City_14 -> City_36 -> City_39 -> City_15 -> City_10 -> City_43 -> City_12 -> City_49 -> City_41 -> City_26 -> City_18 -> City_48 -> City_47 -> City_44 -> City_7 -> City_11 -> City_40 -> City_42 -> City_19 -> City_8 -> City_3 -> City_50 -> City_29 -> City_31 -> City_33 -> City_24 -> City_23 -> City_37 -> City_6 -> City_35 -> City_17 -> City_34 -> City_4 -> City_22 -> City_1 -> City_13 -> City_28 -> City_38 -> City_5 -> City_25 -> City_16 -> City_20 -> City_2 -> City_9 -> City_21 -> City_30 -> City_32 -> City_45 -> City_27
415,1119.9279266813862,1119.9279266813862,City_46 -> City_14 -> City_36 -> City_39 -> City_15 -> City_10 -> City_43 -> City_12 -> City_49 -> City_41 -> City_26 -> City_18 -> City_48 -> City_47 -> City_44 -> City_7 -> City_11 -> City_40 -> City_42 -> City_19 -> City_8 -> City_3 -> City_50 -> City_29 -> City_31 -> City_33 -> City_24 -> City_23 -> City_37 -> City_6 -> City_35 -> City_17 -> City_34 -> City_4 -> City_22 -> City_1 -> City_13 -> City_28 -> City_38 -> City_5 -> City_25 -> City_16 -> City_20 -> City_2 -> City_9 -> City_21 -> City_30 -> City_32 -> City_45 -> City_27
420,1099.9421016116883,1099.9421016116883,City_46 -> City_14 -> City_36 -> City_39 -> City_15 -> City_10 -> City_43 -> City_12 -> City_41 -> City_26 -> City_18 -> City_48 -> City_47 -> City_2 -> City_44 -> City_7 -> City_11 -> City_40 -> City_42 -> City_19 -> City_8 -> City_3 -> City_50 -> City_29 -> City_31 -> City_33 -> City_24 -> City_23 -> City_37 -> City_6 -> City_35 -> City_17 -> City_34 -> City_4 -> City_22 -> City_1 -> City_13 -> City_28 -> City_38 -> City_5 -> City_25 -> City_16 -> City_20 -> City_49 -> City_9 -> City_21 -> City_30 -> City_32 -> City_45 -> City_27
425,1099.9421016116883,1099.9421016116883,City_46 -> City_14 -> City_36 -> City_39 -> City_15 -> City_10 -> City_43 -> City_12 -> City_41 -> City_26 -> City_18 -> City_48 -> City_47 -> City_2 -> City_44 -> City_7 -> City_11 -> City_40 -> City_42 -> City_19 -> City_8 -> City_3 -> City_50 -> City_29 -> City_31 -> City_33 -> City_24 -> City_23 -> City_37 -> City_6 -> City_35 -> City_17 -> City_34 -> City_4 -> City_22 -> City_1 -> City_13 -> City_28 -> City_38 -> City_5 -> City_25 -> City_16 -> City_20 -> City_49 -> City_9 -> City_21 -> City_30 -> City_32 -> City_45 -> City_27
430,1099.5063799889565,1099.5063799889565,City_46 -> City_14 -> City_36 -> City_39 -> City_15 -> City_10 -> City_43 -> City_12 -> City_41 -> City_26 -> City_18 -> City_48 -> City_47 -> City_2 -> City_32 -> City_7 -> City_11 -> City_40 -> City_42 -> City_19 -> City_8 -> City_3 -> City_50 -> City_29 -> City_31 -> City_33 -> City_24 -> City_23 -> City_37 -> City_6 -> City_35 -> City_17 -> City_34 -> City_4 -> City_22 -> City_1 -> City_13 -> City_28 -> City_38 -> City_5 -> City_25 -> City_16 -> City_20 -> City_49 -> City_9 -> City_21 -> City_30 -> City_44 -> City_45 -> City_27
435,1099.5063799889565,1099.5063799889565,City_46 -> City_14 -> City_36 -> City_39 -> City_15 -> City_10 -> City_43 -> City_12 -> City_41 -> City_26 -> City_18 -> City_48 -> City_47 -> City_2 -> City_32 -> City_7 -> City_11 -> City_40 -> City_42 -> City_19 -> City_8 -> City_3 -> City_50 -> City_29 -> City_31 -> City_33 -> City_24 -> City_23 -> City_37 -> City_6 -> City_35 -> City_17 -> City_34 -> City_4 -> City_22 -> City_1 -> City_13 -> City_28 -> City_38 -> City_5 -> City_25 -> City_16 -> City_20 -> City_49 -> City_9 -> City_21 -> City_30 -> City_44 -> City_45 -> City_27
440,1099.5063799889565,1099.5063799889565,City_46 -> City_14 -> City_36 -> City_39 -> City_15 -> City_10 -> City_43 -> City_12 -> City_41 -> City_26 -> City_18 -> City_48 -> City_47 -> City_2 -> City_32 -> City_7 -> City_11 -> City_40 -> City_42 -> City_19 -> City_8 -> City_3 -> City_50 -> City_29 -> City_31 -> City_33 -> City_24 -> City_23 -> City_37 -> City_6 -> City_35 -> City_17 -> City_34 -> City_4 -> City_22 -> City_1 -> City_13 -> City_28 -> City_38 -> City_5 -> City_25 -> City_16 -> City_20 -> City_49 -> City_9 -> City_21 -> City_30 -> City_44 -> City_45 -> City_27
445,1099.5063799889565,1099.5063799889565,City_46 -> City_14 -> City_36 -> City_39 -> City_15 -> City_10 -> City_43 -> City_12 -> City_41 -> City_26 -> City_18 -> City_48 -> City_47 -> City_2 -> City_32 -> City_7 -> City_11 -> City_40 -> City_42 -> City_19 -> City_8 -> City_3 -> City_50 -> City_29 -> City_31 -> City_33 -> City_24 -> City_23 -> City_37 -> City_6 -> City_35 -> City_17 -> City_34 -> City_4 -> City_22 -> City_1 -> City_13 -> City_28 -> City_38 -> City_5 -> City_25 -> City_16 -> City_20 -> City_49 -> City_9 -> City_21 -> City_30 -> City_44 -> City_45 -> City_27
450,1099.5063799889565,1099.5063799889565,City_46 -> City_14 -> City_36 -> City_39 -> City_15 -> City_10 -> City_43 -> City_12 -> City_41 -> City_26 -> City_18 -> City_48 -> City_47 -> City_2 -> City_32 -> City_7 -> City_11 -> City_40 -> City_42 -> City_19 -> City_8 -> City_3 -> City_50 -> City_29 -> City_31 -> City_33 -> City_24 -> City_23 -> City_37 -> City_6 -> City_35 -> City_17 -> City_34 -> City_4 -> City_22 -> City_1 -> City_13 -> City_28 -> City_38 -> City_5 -> City_25 -> City_16 -> City_20 -> City_49 -> City_9 -> City_21 -> City_30 -> City_44 -> City_45 -> City_27
455,1099.5063799889565,1099.5063799889565,City_46 -> City_14 -> City_36 -> City_39 -> City_15 -> City_10 -> City_43 -> City_12 -> City_41 -> City_26 -> City_18 -> City_48 -> City_47 -> City_2 -> City_32 -> City_7 -> City_11 -> City_40 -> City_42 -> City_19 -> City_8 -> City_3 -> City_50 -> City_29 -> City_31 -> City_33 -> City_24 -> City_23 -> City_37 -> City_6 -> City_35 -> City_17 -> City_34 -> City_4 -> City_22 -> City_1 -> City_13 -> City_28 -> City_38 -> City_5 -> City_25 -> City_16 -> City_20 -> City_49 -> City_9 -> City_21 -> City_30 -> City_44 -> City_45 -> City_27
460,1063.3109256710068,1063.3109256710068,City_46 -> City_14 -> City_36 -> City_39 -> City_15 -> City_10 -> City_43 -> City_12 -> City_41 -> City_26 -> City_18 -> City_44 -> City_47 -> City_48 -> City_45 -> City_32 -> City_7 -> City_11 -> City_40 -> City_42 -> City_19 -> City_8 -> City_3 -> City_50 -> City_29 -> City_31 -> City_33 -> City_24 -> City_23 -> City_37 -> City_6 -> City_35 -> City_17 -> City_34 -> City_4 -> City_22 -> City_1 -> City_13 -> City_28 -> City_38 -> City_5 -> City_25 -> City_16 -> City_20 -> City_49 -> City_9 -> City_21 -> City_30 -> City_2 -> City_27
465,1063.236983870709,1063.236983870709,City_46 -> City_14 -> City_36 -> City_39 -> City_15 -> City_10 -> City_43 -> City_12 -> City_41 -> City_26 -> City_18 -> City_47 -> City_48 -> City_45 -> City_32 -> City_7 -> City_11 -> City_40 -> City_42 -> City_19 -> City_8 -> City_3 -> City_50 -> City_29 -> City_31 -> City_33 -> City_24 -> City_23 -> City_37 -> City_6 -> City_35 -> City_17 -> City_34 -> City_4 -> City_22 -> City_1 -> City_13 -> City_28 -> City_38 -> City_5 -> City_25 -> City_16 -> City_20 -> City_49 -> City_9 -> City_21 -> City_30 -> City_44 -> City_2 -> City_27
470,1063.236983870709,1063.236983870709,City_46 -> City_14 -> City_36 -> City_39 -> City_15 -> City_10 -> City_43 -> City_12 -> City_41 -> City_26 -> City_18 -> City_47 -> City_48 -> City_45 -> City_32 -> City_7 -> City_11 -> City_40 -> City_42 -> City_19 -> City_8 -> City_3 -> City_50 -> City_29 -> City_31 -> City_33 -> City_24 -> City_23 -> City_37 -> City_6 -> City_35 -> City_17 -> City_34 -> City_4 -> City_22 -> City_1 -> City_13 -> City_28 -> City_38 -> City_5 -> City_25 -> City_16 -> City_20 -> City_49 -> City_9 -> City_21 -> City_30 -> City_44 -> City_2 -> City_27
475,1063.236983870709,1063.236983870709,City_46 -> City_14 -> City_36 -> City_39 -> City_15 -> City_10 -> City_43 -> City_12 -> City_41 -> City_26 -> City_18 -> City_47 -> City_48 -> City_45 -> City_32 -> City_7 -> City_11 -> City_40 -> City_42 -> City_19 -> City_8 -> City_3 -> City_50 -> City_29 -> City_31 -> City_33 -> City_24 -> City_23 -> City_37 -> City_6 -> City_35 -> City_17 -> City_34 -> City_4 -> City_22 -> City_1 -> City_13 -> City_28 -> City_38 -> City_5 -> City_25 -> City_16 -> City_20 -> City_49 -> City_9 -> City_21 -> City_30 -> City_44 -> City_2 -> City_27
480,1063.236983870709,1063.236983870709,City_46 -> City_14 -> City_36 -> City_39 -> City_15 -> City_10 -> City_43 -> City_12 -> City_41 -> City_26 -> City_18 -> City_47 -> City_48 -> City_45 -> City_32 -> City_7 -> City_11 -> City_40 -> City_42 -> City_19 -> City_8 -> City_3 -> City_50 -> City_29 -> City_31 -> City_33 -> City_24 -> City_23 -> City_37 -> City_6 -> City_35 -> City_17 -> City_34 -> City_4 -> City_22 -> City_1 -> City_13 -> City_28 -> City_38 -> City_5 -> City_25 -> City_16 -> City_20 -> City_49 -> City_9 -> City_21 -> City_30 -> City_44 -> City_2 -> City_27
485,1063.236983870709,1063.236983870709,City_46 -> City_14 -> City_36 -> City_39 -> City_15 -> City_10 -> City_43 -> City_12 -> City_41 -> City_26 -> City_18 -> City_47 -> City_48 -> City_45 -> City_32 -> City_7 -> City_11 -> City_40 -> City_42 -> City_19 -> City_8 -> City_3 -> City_50 -> City_29 -> City_31 -> City_33 -> City_24 -> City_23 -> City_37 -> City_6 -> City_35 -> City_17 -> City_34 -> City_4 -> City_22 -> City_1 -> City_13 -> City_28 -> City_38 -> City_5 -> City_25 -> City_16 -> City_20 -> City_49 -> City_9 -> City_21 -> City_30 -> City_44 -> City_2 -> City_27
490,1063.236983870709,1063.236983870709,City_46 -> City_14 -> City_36 -> City_39 -> City_15 -> City_10 -> City_43 -> City_12 -> City_41 -> City_26 -> City_18 -> City_47 -> City_48 -> City_45 -> City_32 -> City_7 -> City_11 -> City_40 -> City_42 -> City_19 -> City_8 -> City_3 -> City_50 -> City_29 -> City_31 -> City_33 -> City_24 -> City_23 -> City_37 -> City_6 -> City_35 -> City_17 -> City_34 -> City_4 -> City_22 -> City_1 -> City_13 -> City_28 -> City_38 -> City_5 -> City_25 -> City_16 -> City_20 -> City_49 -> City_9 -> City_21 -> City_30 -> City_44 -> City_2 -> City_27
495,1063.236983870709,1063.236983870709,City_46 -> City_14 -> City_36 -> City_39 -> City_15 -> City_10 -> City_43 -> City_12 -> City_41 -> City_26 -> City_18 -> City_47 -> City_48 -> City_45 -> City_32 -> City_7 -> City_11 -> City_40 -> City_42 -> City_19 -> City_8 -> City_3 -> City_50 -> City_29 -> City_31 -> City_33 -> City_24 -> City_23 -> City_37 -> City_6 -> City_35 -> City_17 -> City_34 -> City_4 -> City_22 -> City_1 -> City_13 -> City_28 -> City_38 -> City_5 -> City_25 -> City_16 -> City_20 -> City_49 -> City_9 -> City_21 -> City_30 -> City_44 -> City_2 -> City_27
500,1063.236983870709,1063.236983870709,City_46 -> City_14 -> City_36 -> City_39 -> City_15 -> City_10 -> City_43 -> City_12 -> City_41 -> City_26 -> City_18 -> City_47 -> City_48 -> City_45 -> City_32 -> City_7 -> City_11 -> City_40 -> City_42 -> City_19 -> City_8 -> City_3 -> City_50 -> City_29 -> City_31 -> City_33 -> City_24 -> City_23 -> City_37 -> City_6 -> City_35 -> City_17 -> City_34 -> City_4 -> City_22 -> City_1 -> City_13 -> City_28 -> City_38 -> City_5 -> City_25 -> City_16 -> City_20 -> City_49 -> City_9 -> City_21 -> City_30 -> City_44 -> City_2 -> City_27
505,1063.236983870709,1063.236983870709,City_46 -> City_14 -> City_36 -> City_39 -> City_15 -> City_10 -> City_43 -> City_12 -> City_41 -> City_26 -> City_18 -> City_47 -> City_48 -> City_45 -> City_32 -> City_7 -> City_11 -> City_40 -> City_42 -> City_19 -> City_8 -> City_3 -> City_50 -> City_29 -> City_31 -> City_33 -> City_24 -> City_23 -> City_37 -> City_6 -> City_35 -> City_17 -> City_34 -> City_4 -> City_22 -> City_1 -> City_13 -> City_28 -> City_38 -> City_5 -> City_25 -> City_16 -> City_20 -> City_49 -> City_9 -> City_21 -> City_30 -> City_44 -> City_2 -> City_27
510,1063.236983870709,1063.236983870709,City_46 -> City_14 -> City_36 -> City_39 -> City_15 -> City_10 -> City_43 -> City_12 -> City_41 -> City_26 -> City_18 -> City_47 -> City_48 -> City_45 -> City_32 -> City_7 -> City_11 -> City_40 -> City_42 -> City_19 -> City_8 -> City_3 -> City_50 -> City_29 -> City_31 -> City_33 -> City_24 -> City_23 -> City_37 -> City_6 -> City_35 -> City_17 -> City_34 -> City_4 -> City_22 -> City_1 -> City_13 -> City_28 -> City_38 -> City_5 -> City_25 -> City_16 -> City_20 -> City_49 -> City_9 -> City_21 -> City_30 -> City_44 -> City_2 -> City_27
515,1063.236983870709,1063.236983870709,City_46 -> City_14 -> City_36 -> City_39 -> City_15 -> City_10 -> City_43 -> City_12 -> City_41 -> City_26 -> City_18 -> City_47 -> City_48 -> City_45 -> City_32 -> City_7 -> City_11 -> City_40 -> City_42 -> City_19 -> City_8 -> City_3 -> City_50 -> City_29 -> City_31 -> City_33 -> City_24 -> City_23 -> City_37 -> City_6 -> City_35 -> City_17 -> City_34 -> City_4 -> City_22 -> City_1 -> City_13 -> City_28 -> City_38 -> City_5 -> City_25 -> City_16 -> City_20 -> City_49 -> City_9 -> City_21 -> City_30 -> City_44 -> City_2 -> City_27
520,1063.236983870709,1063.236983870709,City_46 -> City_14 -> City_36 -> City_39 -> City_15 -> City_10 -> City_43 -> City_12 -> City_41 -> City_26 -> City_18 -> City_47 -> City_48 -> City_45 -> City_32 -> City_7 -> City_11 -> City_40 -> City_42 -> City_19 -> City_8 -> City_3 -> City_50 -> City_29 -> City_31 -> City_33 -> City_24 -> City_23 -> City_37 -> City_6 -> City_35 -> City_17 -> City_34 -> City_4 -> City_22 -> City_1 -> City_13 -> City_28 -> City_38 -> City_5 -> City_25 -> City_16 -> City_20 -> City_49 -> City_9 -> City_21 -> City_30 -> City_44 -> City_2 -> City_27
525,1063.236983870709,1063.236983870709,City_46 -> City_14 -> City_36 -> City_39 -> City_15 -> City_10 -> City_43 -> City_12 -> City_41 -> City_26 -> City_18 -> City_47 -> City_48 -> City_45 -> City_32 -> City_7 -> City_11 -> City_40 -> City_42 -> City_19 -> City_8 -> City_3 -> City_50 -> City_29 -> City_31 -> City_33 -> City_24 -> City_23 -> City_37 -> City_6 -> City_35 -> City_17 -> City_34 -> City_4 -> City_22 -> City_1 -> City_13 -> City_28 -> City_38 -> City_5 -> City_25 -> City_16 -> City_20 -> City_49 -> City_9 -> City_21 -> City_30 -> City_44 -> City_2 -> City_27
530,1063.236983870709,1063.236983870709,City_46 -> City_14 -> City_36 -> City_39 -> City_15 -> City_10 -> City_43 -> City_12 -> City_41 -> City_26 -> City_18 -> City_47 -> City_48 -> City_45 -> City_32 -> City_7 -> City_11 -> City_40 -> City_42 -> City_19 -> City_8 -> City_3 -> City_50 -> City_29 -> City_31 -> City_33 -> City_24 -> City_23 -> City_37 -> City_6 -> City_35 -> City_17 -> City_34 -> City_4 -> City_22 -> City_1 -> City_13 -> City_28 -> City_38 -> City_5 -> City_25 -> City_16 -> City_20 -> City_49 -> City_9 -> City_21 -> City_30 -> City_44 -> City_2 -> City_27
535,1063.236983870709,1063.236983870709,City_46 -> City_14 -> City_36 -> City_39 -> City_15 -> City_10 -> City_43 -> City_12 -> City_41 -> City_26 -> City_18 -> City_47 -> City_48 -> City_45 -> City_32 -> City_7 -> City_11 -> City_40 -> City_42 -> City_19 -> City_8 -> City_3 -> City_50 -> City_29 -> City_31 -> City_33 -> City_24 -> City_23 -> City_37 -> City_6 -> City_35 -> City_17 -> City_34 -> City_4 -> City_22 -> City_1 -> City_13 -> City_28 -> City_38 -> City_5 -> City_25 -> City_16 -> City_20 -> City_49 -> City_9 -> City_21 -> City_30 -> City_44 -> City_2 -> City_27
540,1063.236983870709,1063.236983870709,City_46 -> City_14 -> City_36 -> City_39 -> City_15 -> City_10 -> City_43 -> City_12 -> City_41 -> City_26 -> City_18 -> City_47 -> City_48 -> City_45 -> City_32 -> City_7 -> City_11 -> City_40 -> City_42 -> City_19 -> City_8 -> City_3 -> City_50 -> City_29 -> City_31 -> City_33 -> City_24 -> City_23 -> City_37 -> City_6 -> City_35 -> City_17 -> City_34 -> City_4 -> City_22 -> City_1 -> City_13 -> City_28 -> City_38 -> City_5 -> City_25 -> City_16 -> City_20 -> City_49 -> City_9 -> City_21 -> City_30 -> City_44 -> City_2 -> City_27
545,1063.236983870709,1063.236983870709,City_46 -> City_14 -> City_36 -> City_39 -> City_15 -> City_10 -> City_43 -> City_12 -> City_41 -> City_26 -> City_18 -> City_47 -> City_48 -> City_45 -> City_32 -> City_7 -> City_11 -> City_40 -> City_42 -> City_19 -> City_8 -> City_3 -> City_50 -> City_29 -> City_31 -> City_33 -> City_24 -> City_23 -> City_37 -> City_6 -> City_35 -> City_17 -> City_34 -> City_4 -> City_22 -> City_1 -> City_13 -> City_28 -> City_38 -> City_5 -> City_25 -> City_16 -> City_20 -> City_49 -> City_9 -> City_21 -> City_30 -> City_44 -> City_2 -> City_27
550,1063.236983870709,1063.236983870709,City_46 -> City_14 -> City_36 -> City_39 -> City_15 -> City_10 -> City_43 -> City_12 -> City_41 -> City_26 -> City_18 -> City_47 -> City_48 -> City_45 -> City_32 -> City_7 -> City_11 -> City_40 -> City_42 -> City_19 -> City_8 -> City_3 -> City_50 -> City_29 -> City_31 -> City_33 -> City_24 -> City_23 -> City_37 -> City_6 -> City_35 -> City_17 -> City_34 -> City_4 -> City_22 -> City_1 -> City_13 -> City_28 -> City_38 -> City_5 -> City_25 -> City_16 -> City_20 -> City_49 -> City_9 -> City_21 -> City_30 -> City_44 -> City_2 -> City_27
555,1063.236983870709,1063.236983870709,City_46 -> City_14 -> City_36 -> City_39 -> City_15 -> City_10 -> City_43 -> City_12 -> City_41 -> City_26 -> City_18 -> City_47 -> City_48 -> City_45 -> City_32 -> City_7 -> City_11 -> City_40 -> City_42 -> City_19 -> City_8 -> City_3 -> City_50 -> City_29 -> City_31 -> City_33 -> City_24 -> City_23 -> City_37 -> City_6 -> City_35 -> City_17 -> City_34 -> City_4 -> City_22 -> City_1 -> City_13 -> City_28 -> City_38 -> City_5 -> City_25 -> City_16 -> City_20 -> City_49 -> City_9 -> City_21 -> City_30 -> City_44 -> City_2 -> City_27
560,1063.236983870709,1063.236983870709,City_46 -> City_14 -> City_36 -> City_39 -> City_15 -> City_10 -> City_43 -> City_12 -> City_41 -> City_26 -> City_18 -> City_47 -> City_48 -> City_45 -> City_32 -> City_7 -> City_11 -> City_40 -> City_42 -> City_19 -> City_8 -> City_3 -> City_50 -> City_29 -> City_31 -> City_33 -> City_24 -> City_23 -> City_37 -> City_6 -> City_35 -> City_17 -> City_34 -> City_4 -> City_22 -> City_1 -> City_13 -> City_28 -> City_38 -> City_5 -> City_25 -> City_16 -> City_20 -> City_49 -> City_9 -> City_21 -> City_30 -> City_44 -> City_2 -> City_27
565,1063.236983870709,1063.236983870709,City_46 -> City_14 -> City_36 -> City_39 -> City_15 -> City_10 -> City_43 -> City_12 -> City_41 -> City_26 -> City_18 -> City_47 -> City_48 -> City_45 -> City_32 -> City_7 -> City_11 -> City_40 -> City_42 -> City_19 -> City_8 -> City_3 -> City_50 -> City_29 -> City_31 -> City_33 -> City_24 -> City_23 -> City_37 -> City_6 -> City_35 -> City_17 -> City_34 -> City_4 -> City_22 -> City_1 -> City_13 -> City_28 -> City_38 -> City_5 -> City_25 -> City_16 -> City_20 -> City_49 -> City_9 -> City_21 -> City_30 -> City_44 -> City_2 -> City_27
570,1063.236983870709,1063.236983870709,City_46 -> City_14 -> City_36 -> City_39 -> City_15 -> City_10 -> City_43 -> City_12 -> City_41 -> City_26 -> City_18 -> City_47 -> City_48 -> City_45 -> City_32 -> City_7 -> City_11 -> City_40 -> City_42 -> City_19 -> City_8 -> City_3 -> City_50 -> City_29 -> City_31 -> City_33 -> City_24 -> City_23 -> City_37 -> City_6 -> City_35 -> City_17 -> City_34 -> City_4 -> City_22 -> City_1 -> City_13 -> City_28 -> City_38 -> City_5 -> City_25 -> City_16 -> City_20 -> City_49 -> City_9 -> City_21 -> City_30 -> City_44 -> City_2 -> City_27
575,1063.236983870709,1063.236983870709,City_46 -> City_14 -> City_36 -> City_39 -> City_15 -> City_10 -> City_43 -> City_12 -> City_41 -> City_26 -> City_18 -> City_47 -> City_48 -> City_45 -> City_32 -> City_7 -> City_11 -> City_40 -> City_42 -> City_19 -> City_8 -> City_3 -> City_50 -> City_29 -> City_31 -> City_33 -> City_24 -> City_23 -> City_37 -> City_6 -> City_35 -> City_17 -> City_34 -> City_4 -> City_22 -> City_1 -> City_13 -> City_28 -> City_38 -> City_5 -> City_25 -> City_16 -> City_20 -> City_49 -> City_9 -> City_21 -> City_30 -> City_44 -> City_2 -> City_27
580,1063.236983870709,1063.236983870709,City_46 -> City_14 -> City_36 -> City_39 -> City_15 -> City_10 -> City_43 -> City_12 -> City_41 -> City_26 -> City_18 -> City_47 -> City_48 -> City_45 -> City_32 -> City_7 -> City_11 -> City_40 -> City_42 -> City_19 -> City_8 -> City_3 -> City_50 -> City_29 -> City_31 -> City_33 -> City_24 -> City_23 -> City_37 -> City_6 -> City_35 -> City_17 -> City_34 -> City_4 -> City_22 -> City_1 -> City_13 -> City_28 -> City_38 -> City_5 -> City_25 -> City_16 -> City_20 -> City_49 -> City_9 -> City_21 -> City_30 -> City_44 -> City_2 -> City_27
585,1063.236983870709,1063.236983870709,City_46 -> City_14 -> City_36 -> City_39 -> City_15 -> City_10 -> City_43 -> City_12 -> City_41 -> City_26 -> City_18 -> City_47 -> City_48 -> City_45 -> City_32 -> City_7 -> City_11 -> City_40 -> City_42 -> City_19 -> City_8 -> City_3 -> City_50 -> City_29 -> City_31 -> City_33 -> City_24 -> City_23 -> City_37 -> City_6 -> City_35 -> City_17 -> City_34 -> City_4 -> City_22 -> City_1 -> City_13 -> City_28 -> City_38 -> City_5 -> City_25 -> City_16 -> City_20 -> City_49 -> City_9 -> City_21 -> City_30 -> City_44 -> City_2 -> City_27
590,1063.236983870709,1063.236983870709,City_46 -> City_14 -> City_36 -> City_39 -> City_15 -> City_10 -> City_43 -> City_12 -> City_41 -> City_26 -> City_18 -> City_47 -> City_48 -> City_45 -> City_32 -> City_7 -> City_11 -> City_40 -> City_42 -> City_19 -> City_8 -> City_3 -> City_50 -> City_29 -> City_31 -> City_33 -> City_24 -> City_23 -> City_37 -> City_6 -> City_35 -> City_17 -> City_34 -> City_4 -> City_22 -> City_1 -> City_13 -> City_28 -> City_38 -> City_5 -> City_25 -> City_16 -> City_20 -> City_49 -> City_9 -> City_21 -> City_30 -> City_44 -> City_2 -> City_27
595,1063.236983870709,1063.236983870709,City_46 -> City_14 -> City_36 -> City_39 -> City_15 -> City_10 -> City_43 -> City_12 -> City_41 -> City_26 -> City_18 -> City_47 -> City_48 -> City_45 -> City_32 -> City_7 -> City_11 -> City_40 -> City_42 -> City_19 -> City_8 -> City_3 -> City_50 -> City_29 -> City_31 -> City_33 -> City_24 -> City_23 -> City_37 -> City_6 -> City_35 -> City_17 -> City_34 -> City_4 -> City_22 -> City_1 -> City_13 -> City_28 -> City_38 -> City_5 -> City_25 -> City_16 -> City_20 -> City_49 -> City_9 -> City_21 -> City_30 -> City_44 -> City_2 -> City_27
600,1063.236983870709,1063.236983870709,City_46 -> City_14 -> City_36 -> City_39 -> City_15 -> City_10 -> City_43 -> City_12 -> City_41 -> City_26 -> City_18 -> City_47 -> City_48 -> City_45 -> City_32 -> City_7 -> City_11 -> City_40 -> City_42 -> City_19 -> City_8 -> City_3 -> City_50 -> City_29 -> City_31 -> City_33 -> City_24 -> City_23 -> City_37 -> City_6 -> City_35 -> City_17 -> City_34 -> City_4 -> City_22 -> City_1 -> City_13 -> City_28 -> City_38 -> City_5 -> City_25 -> City_16 -> City_20 -> City_49 -> City_9 -> City_21 -> City_30 -> City_44 -> City_2 -> City_27
605,1057.065715809854,1057.065715809854,City_46 -> City_14 -> City_36 -> City_39 -> City_15 -> City_10 -> City_43 -> City_12 -> City_41 -> City_26 -> City_18 -> City_47 -> City_48 -> City_45 -> City_32 -> City_7 -> City_11 -> City_40 -> City_42 -> City_19 -> City_8 -> City_3 -> City_50 -> City_29 -> City_31 -> City_24 -> City_33 -> City_23 -> City_37 -> City_6 -> City_35 -> City_17 -> City_34 -> City_4 -> City_22 -> City_1 -> City_13 -> City_28 -> City_38 -> City_5 -> City_25 -> City_16 -> City_20 -> City_49 -> City_9 -> City_21 -> City_30 -> City_44 -> City_2 -> City_27
610,1057.065715809854,1057.065715809854,City_46 -> City_14 -> City_36 -> City_39 -> City_15 -> City_10 -> City_43 -> City_12 -> City_41 -> City_26 -> City_18 -> City_47 -> City_48 -> City_45 -> City_32 -> City_7 -> City_11 -> City_40 -> City_42 -> City_19 -> City_8 -> City_3 -> City_50 -> City_29 -> City_31 -> City_24 -> City_33 -> City_23 -> City_37 -> City_6 -> City_35 -> City_17 -> City_34 -> City_4 -> City_22 -> City_1 -> City_13 -> City_28 -> City_38 -> City_5 -> City_25 -> City_16 -> City_20 -> City_49 -> City_9 -> City_21 -> City_30 -> City_44 -> City_2 -> City_27
615,1057.065715809854,1057.065715809854,City_46 -> City_14 -> City_36 -> City_39 -> City_15 -> City_10 -> City_43 -> City_12 -> City_41 -> City_26 -> City_18 -> City_47 -> City_48 -> City_45 -> City_32 -> City_7 -> City_11 -> City_40 -> City_42 -> City_19 -> City_8 -> City_3 -> City_50 -> City_29 -> City_31 -> City_24 -> City_33 -> City_23 -> City_37 -> City_6 -> City_35 -> City_17 -> City_34 -> City_4 -> City_22 -> City_1 -> City_13 -> City_28 -> City_38 -> City_5 -> City_25 -> City_16 -> City_20 -> City_49 -> City_9 -> City_21 -> City_30 -> City_44 -> City_2 -> City_27
620,1057.065715809854,1057.065715809854,City_46 -> City_14 -> City_36 -> City_39 -> City_15 -> City_10 -> City_43 -> City_12 -> City_41 -> City_26 -> City_18 -> City_47 -> City_48 -> City_45 -> City_32 -> City_7 -> City_11 -> City_40 -> City_42 -> City_19 -> City_8 -> City_3 -> City_50 -> City_29 -> City_31 -> City_24 -> City_33 -> City_23 -> City_37 -> City_6 -> City_35 -> City_17 -> City_34 -> City_4 -> City_22 -> City_1 -> City_13 -> City_28 -> City_38 -> City_5 -> City_25 -> City_16 -> City_20 -> City_49 -> City_9 -> City_21 -> City_30 -> City_44 -> City_2 -> City_27
625,1057.065715809854,1057.065715809854,City_46 -> City_14 -> City_36 -> City_39 -> City_15 -> City_10 -> City_43 -> City_12 -> City_41 -> City_26 -> City_18 -> City_47 -> City_48 -> City_45 -> City_32 -> City_7 -> City_11 -> City_40 -> City_42 -> City_19 -> City_8 -> City_3 -> City_50 -> City_29 -> City_31 -> City_24 -> City_33 -> City_23 -> City_37 -> City_6 -> City_35 -> City_17 -> City_34 -> City_4 -> City_22 -> City_1 -> City_13 -> City_28 -> City_38 -> City_5 -> City_25 -> City_16 -> City_20 -> City_49 -> City_9 -> City_21 -> City_30 -> City_44 -> City_2 -> City_27
630,1057.065715809854,1057.065715809854,City_46 -> City_14 -> City_36 -> City_39 -> City_15 -> City_10 -> City_43 -> City_12 -> City_41 -> City_26 -> City_18 -> City_47 -> City_48 -> City_45 -> City_32 -> City_7 -> City_11 -> City_40 -> City_42 -> City_19 -> City_8 -> City_3 -> City_50 -> City_29 -> City_31 -> City_24 -> City_33 -> City_23 -> City_37 -> City_6 -> City_35 -> City_17 -> City_34 -> City_4 -> City_22 -> City_1 -> City_13 -> City_28 -> City_38 -> City_5 -> City_25 -> City_16 -> City_20 -> City_49 -> City_9 -> City_21 -> City_30 -> City_44 -> City_2 -> City_27
635,1057.065715809854,1057.065715809854,City_46 -> City_14 -> City_36 -> City_39 -> City_15 -> City_10 -> City_43 -> City_12 -> City_41 -> City_26 -> City_18 -> City_47 -> City_48 -> City_45 -> City_32 -> City_7 -> City_11 -> City_40 -> City_42 -> City_19 -> City_8 -> City_3 -> City_50 -> City_29 -> City_31 -> City_24 -> City_33 -> City_23 -> City_37 -> City_6 -> City_35 -> City_17 -> City_34 -> City_4 -> City_22 -> City_1 -> City_13 -> City_28 -> City_38 -> City_5 -> City_25 -> City_16 -> City_20 -> City_49 -> City_9 -> City_21 -> City_30 -> City_44 -> City_2 -> City_27
640,1057.065715809854,1057.065715809854,City_46 -> City_14 -> City_36 -> City_39 -> City_15 -> City_10 -> City_43 -> City_12 -> City_41 -> City_26 -> City_18 -> City_47 -> City_48 -> City_45 -> City_32 -> City_7 -> City_11 -> City_40 -> City_42 -> City_19 -> City_8 -> City_3 -> City_50 -> City_29 -> City_31 -> City_24 -> City_33 -> City_23 -> City_37 -> City_6 -> City_35 -> City_17 -> City_34 -> City_4 -> City_22 -> City_1 -> City_13 -> City_28 -> City_38 -> City_5 -> City_25 -> City_16 -> City_20 -> City_49 -> City_9 -> City_21 -> City_30 -> City_44 -> City_2 -> City_27
645,1057.065715809854,1057.065715809854,City_46 -> City_14 -> City_36 -> City_39 -> City_15 -> City_10 -> City_43 -> City_12 -> City_41 -> City_26 -> City_18 -> City_47 -> City_48 -> City_45 -> City_32 -> City_7 -> City_11 -> City_40 -> City_42 -> City_19 -> City_8 -> City_3 -> City_50 -> City_29 -> City_31 -> City_24 -> City_33 -> City_23 -> City_37 -> City_6 -> City_35 -> City_17 -> City_34 -> City_4 -> City_22 -> City_1 -> City_13 -> City_28 -> City_38 -> City_5 -> City_25 -> City_16 -> City_20 -> City_49 -> City_9 -> City_21 -> City_30 -> City_44 -> City_2 -> City_27
650,1057.065715809854,1057.065715809854,City_46 -> City_14 -> City_36 -> City_39 -> City_15 -> City_10 -> City_43 -> City_12 -> City_41 -> City_26 -> City_18 -> City_47 -> City_48 -> City_45 -> City_32 -> City_7 -> City_11 -> City_40 -> City_42 -> City_19 -> City_8 -> City_3 -> City_50 -> City_29 -> City_31 -> City_24 -> City_33 -> City_23 -> City_37 -> City_6 -> City_35 -> City_17 -> City_34 -> City_4 -> City_22 -> City_1 -> City_13 -> City_28 -> City_38 -> City_5 -> City_25 -> City_16 -> City_20 -> City_49 -> City_9 -> City_21 -> City_30 -> City_44 -> City_2 -> City_27
655,1057.065715809854,1057.065715809854,City_46 -> City_14 -> City_36 -> City_39 -> City_15 -> City_10 -> City_43 -> City_12 -> City_41 -> City_26 -> City_18 -> City_47 -> City_48 -> City_45 -> City_32 -> City_7 -> City_11 -> City_40 -> City_42 -> City_19 -> City_8 -> City_3 -> City_50 -> City_29 -> City_31 -> City_24 -> City_33 -> City_23 -> City_37 -> City_6 -> City_35 -> City_17 -> City_34 -> City_4 -> City_22 -> City_1 -> City_13 -> City_28 -> City_38 -> City_5 -> City_25 -> City_16 -> City_20 -> City_49 -> City_9 -> City_21 -> City_30 -> City_44 -> City_2 -> City_27
660,1057.065715809854,1057.065715809854,City_46 -> City_14 -> City_36 -> City_39 -> City_15 -> City_10 -> City_43 -> City_12 -> City_41 -> City_26 -> City_18 -> City_47 -> City_48 -> City_45 -> City_32 -> City_7 -> City_11 -> City_40 -> City_42 -> City_19 -> City_8 -> City_3 -> City_50 -> City_29 -> City_31 -> City_24 -> City_33 -> City_23 -> City_37 -> City_6 -> City_35 -> City_17 -> City_34 -> City_4 -> City_22 -> City_1 -> City_13 -> City_28 -> City_38 -> City_5 -> City_25 -> City_16 -> City_20 -> City_49 -> City_9 -> City_21 -> City_30 -> City_44 -> City_2 -> City_27
665,1057.065715809854,1057.065715809854,City_46 -> City_14 -> City_36 -> City_39 -> City_15 -> City_10 -> City_43 -> City_12 -> City_41 -> City_26 -> City_18 -> City_47 -> City_48 -> City_45 -> City_32 -> City_7 -> City_11 -> City_40 -> City_42 -> City_19 -> City_8 -> City_3 -> City_50 -> City_29 -> City_31 -> City_24 -> City_33 -> City_23 -> City_37 -> City_6 -> City_35 -> City_17 -> City_34 -> City_4 -> City_22 -> City_1 -> City_13 -> City_28 -> City_38 -> City_5 -> City_25 -> City_16 -> City_20 -> City_49 -> City_9 -> City_21 -> City_30 -> City_44 -> City_2 -> City_27
670,1057.065715809854,1057.065715809854,City_46 -> City_14 -> City_36 -> City_39 -> City_15 -> City_10 -> City_43 -> City_12 -> City_41 -> City_26 -> City_18 -> City_47 -> City_48 -> City_45 -> City_32 -> City_7 -> City_11 -> City_40 -> City_42 -> City_19 -> City_8 -> City_3 -> City_50 -> City_29 -> City_31 -> City_24 -> City_33 -> City_23 -> City_37 -> City_6 -> City_35 -> City_17 -> City_34 -> City_4 -> City_22 -> City_1 -> City_13 -> City_28 -> City_38 -> City_5 -> City_25 -> City_16 -> City_20 -> City_49 -> City_9 -> City_21 -> City_30 -> City_44 -> City_2 -> City_27
675,1057.065715809854,1057.065715809854,City_46 -> City_14 -> City_36 -> City_39 -> City_15 -> City_10 -> City_43 -> City_12 -> City_41 -> City_26 -> City_18 -> City_47 -> City_48 -> City_45 -> City_32 -> City_7 -> City_11 -> City_40 -> City_42 -> City_19 -> City_8 -> City_3 -> City_50 -> City_29 -> City_31 -> City_24 -> City_33 -> City_23 -> City_37 -> City_6 -> City_35 -> City_17 -> City_34 -> City_4 -> City_22 -> City_1 -> City_13 -> City_28 -> City_38 -> City_5 -> City_25 -> City_16 -> City_20 -> City_49 -> City_9 -> City_21 -> City_30 -> City_44 -> City_2 -> City_27
680,1057.065715809854,1057.065715809854,City_46 -> City_14 -> City_36 -> City_39 -> City_15 -> City_10 -> City_43 -> City_12 -> City_41 -> City_26 -> City_18 -> City_47 -> City_48 -> City_45 -> City_32 -> City_7 -> City_11 -> City_40 -> City_42 -> City_19 -> City_8 -> City_3 -> City_50 -> City_29 -> City_31 -> City_24 -> City_33 -> City_23 -> City_37 -> City_6 -> City_35 -> City_17 -> City_34 -> City_4 -> City_22 -> City_1 -> City_13 -> City_28 -> City_38 -> City_5 -> City_25 -> City_16 -> City_20 -> City_49 -> City_9 -> City_21 -> City_30 -> City_44 -> City_2 -> City_27
685,1053.3093593919039,1053.3093593919039,City_46 -> City_14 -> City_36 -> City_39 -> City_15 -> City_10 -> City_43 -> City_12 -> City_41 -> City_26 -> City_18 -> City_47 -> City_48 -> City_45 -> City_32 -> City_7 -> City_11 -> City_40 -> City_42 -> City_19 -> City_8 -> City_3 -> City_50 -> City_29 -> City_9 -> City_24 -> City_33 -> City_23 -> City_37 -> City_6 -> City_35 -> City_17 -> City_34 -> City_4 -> City_22 -> City_1 -> City_13 -> City_28 -> City_38 -> City_5 -> City_25 -> City_16 -> City_20 -> City_49 -> City_31 -> City_21 -> City_30 -> City_44 -> City_2 -> City_27
690,1053.3093593919039,1053.3093593919039,City_46 -> City_14 -> City_36 -> City_39 -> City_15 -> City_10 -> City_43 -> City_12 -> City_41 -> City_26 -> City_18 -> City_47 -> City_48 -> City_45 -> City_32 -> City_7 -> City_11 -> City_40 -> City_42 -> City_19 -> City_8 -> City_3 -> City_50 -> City_29 -> City_9 -> City_24 -> City_33 -> City_23 -> City_37 -> City_6 -> City_35 -> City_17 -> City_34 -> City_4 -> City_22 -> City_1 -> City_13 -> City_28 -> City_38 -> City_5 -> City_25 -> City_16 -> City_20 -> City_49 -> City_31 -> City_21 -> City_30 -> City_44 -> City_2 -> City_27
695,1032.793265258831,1032.793265258831,City_23 -> City_14 -> City_36 -> City_39 -> City_15 -> City_10 -> City_43 -> City_12 -> City_41 -> City_26 -> City_18 -> City_47 -> City_48 -> City_45 -> City_32 -> City_7 -> City_11 -> City_40 -> City_42 -> City_19 -> City_8 -> City_3 -> City_50 -> City_29 -> City_9 -> City_24 -> City_33 -> City_46 -> City_37 -> City_6 -> City_35 -> City_17 -> City_34 -> City_4 -> City_22 -> City_1 -> City_13 -> City_28 -> City_38 -> City_5 -> City_25 -> City_16 -> City_20 -> City_49 -> City_31 -> City_21 -> City_30 -> City_44 -> City_2 -> City_27
700,1032.793265258831,1032.793265258831,City_23 -> City_14 -> City_36 -> City_39 -> City_15 -> City_10 -> City_43 -> City_12 -> City_41 -> City_26 -> City_18 -> City_47 -> City_48 -> City_45 -> City_32 -> City_7 -> City_11 -> City_40 -> City_42 -> City_19 -> City_8 -> City_3 -> City_50 -> City_29 -> City_9 -> City_24 -> City_33 -> City_46 -> City_37 -> City_6 -> City_35 -> City_17 -> City_34 -> City_4 -> City_22 -> City_1 -> City_13 -> City_28 -> City_38 -> City_5 -> City_25 -> City_16 -> City_20 -> City_49 -> City_31 -> City_21 -> City_30 -> City_44 -> City_2 -> City_27
705,1032.793265258831,1032.793265258831,City_23 -> City_14 -> City_36 -> City_39 -> City_15 -> City_10 -> City_43 -> City_12 -> City_41 -> City_26 -> City_18 -> City_47 -> City_48 -> City_45 -> City_32 -> City_7 -> City_11 -> City_40 -> City_42 -> City_19 -> City_8 -> City_3 -> City_50 -> City_29 -> City_9 -> City_24 -> City_33 -> City_46 -> City_37 -> City_6 -> City_35 -> City_17 -> City_34 -> City_4 -> City_22 -> City_1 -> City_13 -> City_28 -> City_38 -> City_5 -> City_25 -> City_16 -> City_20 -> City_49 -> City_31 -> City_21 -> City_30 -> City_44 -> City_2 -> City_27
710,1032.793265258831,1032.793265258831,City_23 -> City_14 -> City_36 -> City_39 -> City_15 -> City_10 -> City_43 -> City_12 -> City_41 -> City_26 -> City_18 -> City_47 -> City_48 -> City_45 -> City_32 -> City_7 -> City_11 -> City_40 -> City_42 -> City_19 -> City_8 -> City_3 -> City_50 -> City_29 -> City_9 -> City_24 -> City_33 -> City_46 -> City_37 -> City_6 -> City_35 -> City_17 -> City_34 -> City_4 -> City_22 -> City_1 -> City_13 -> City_28 -> City_38 -> City_5 -> City_25 -> City_16 -> City_20 -> City_49 -> City_31 -> City_21 -> City_30 -> City_44 -> City_2 -> City_27
715,1032.793265258831,1032.793265258831,City_23 -> City_14 -> City_36 -> City_39 -> City_15 -> City_10 -> City_43 -> City_12 -> City_41 -> City_26 -> City_18 -> City_47 -> City_48 -> City_45 -> City_32 -> City_7 -> City_11 -> City_40 -> City_42 -> City_19 -> City_8 -> City_3 -> City_50 -> City_29 -> City_9 -> City_24 -> City_33 -> City_46 -> City_37 -> City_6 -> City_35 -> City_17 -> City_34 -> City_4 -> City_22 -> City_1 -> City_13 -> City_28 -> City_38 -> City_5 -> City_25 -> City_16 -> City_20 -> City_49 -> City_31 -> City_21 -> City_30 -> City_44 -> City_2 -> City_27
720,1032.793265258831,1032.793265258831,City_23 -> City_14 -> City_36 -> City_39 -> City_15 -> City_10 -> City_43 -> City_12 -> City_41 -> City_26 -> City_18 -> City_47 -> City_48 -> City_45 -> City_32 -> City_7 -> City_11 -> City_40 -> City_42 -> City_19 -> City_8 -> City_3 -> City_50 -> City_29 -> City_9 -> City_24 -> City_33 -> City_46 -> City_37 -> City_6 -> City_35 -> City_17 -> City_34 -> City_4 -> City_22 -> City_1 -> City_13 -> City_28 -> City_38 -> City_5 -> City_25 -> City_16 -> City_20 -> City_49 -> City_31 -> City_21 -> City_30 -> City_44 -> City_2 -> City_27
725,1032.793265258831,1032.793265258831,City_23 -> City_14 -> City_36 -> City_39 -> City_15 -> City_10 -> City_43 -> City_12 -> City_41 -> City_26 -> City_18 -> City_47 -> City_48 -> City_45 -> City_32 -> City_7 -> City_11 -> City_40 -> City_42 -> City_19 -> City_8 -> City_3 -> City_50 -> City_29 -> City_9 -> City_24 -> City_33 -> City_46 -> City_37 -> City_6 -> City_35 -> City_17 -> City_34 -> City_4 -> City_22 -> City_1 -> City_13 -> City_28 -> City_38 -> City_5 -> City_25 -> City_16 -> City_20 -> City_49 -> City_31 -> City_21 -> City_30 -> City_44 -> City_2 -> City_27
730,1032.793265258831,1032.793265258831,City_23 -> City_14 -> City_36 -> City_39 -> City_15 -> City_10 -> City_43 -> City_12 -> City_41 -> City_26 -> City_18 -> City_47 -> City_48 -> City_45 -> City_32 -> City_7 -> City_11 -> City_40 -> City_42 -> City_19 -> City_8 -> City_3 -> City_50 -> City_29 -> City_9 -> City_24 -> City_33 -> City_46 -> City_37 -> City_6 -> City_35 -> City_17 -> City_34 -> City_4 -> City_22 -> City_1 -> City_13 -> City_28 -> City_38 -> City_5 -> City_25 -> City_16 -> City_20 -> City_49 -> City_31 -> City_21 -> City_30 -> City_44 -> City_2 -> City_27
735,1032.793265258831,1032.793265258831,City_23 -> City_14 -> City_36 -> City_39 -> City_15 -> City_10 -> City_43 -> City_12 -> City_41 -> City_26 -> City_18 -> City_47 -> City_48 -> City_45 -> City_32 -> City_7 -> City_11 -> City_40 -> City_42 -> City_19 -> City_8 -> City_3 -> City_50 -> City_29 -> City_9 -> City_24 -> City_33 -> City_46 -> City_37 -> City_6 -> City_35 -> City_17 -> City_34 -> City_4 -> City_22 -> City_1 -> City_13 -> City_28 -> City_38 -> City_5 -> City_25 -> City_16 -> City_20 -> City_49 -> City_31 -> City_21 -> City_30 -> City_44 -> City_2 -> City_27
740,1032.793265258831,1032.793265258831,City_23 -> City_14 -> City_36 -> City_39 -> City_15 -> City_10 -> City_43 -> City_12 -> City_41 -> City_26 -> City_18 -> City_47 -> City_48 -> City_45 -> City_32 -> City_7 -> City_11 -> City_40 -> City_42 -> City_19 -> City_8 -> City_3 -> City_50 -> City_29 -> City_9 -> City_24 -> City_33 -> City_46 -> City_37 -> City_6 -> City_35 -> City_17 -> City_34 -> City_4 -> City_22 -> City_1 -> City_13 -> City_28 -> City_38 -> City_5 -> City_25 -> City_16 -> City_20 -> City_49 -> City_31 -> City_21 -> City_30 -> City_44 -> City_2 -> City_27
745,1032.793265258831,1032.793265258831,City_23 -> City_14 -> City_36 -> City_39 -> City_15 -> City_10 -> City_43 -> City_12 -> City_41 -> City_26 -> City_18 -> City_47 -> City_48 -> City_45 -> City_32 -> City_7 -> City_11 -> City_40 -> City_42 -> City_19 -> City_8 -> City_3 -> City_50 -> City_29 -> City_9 -> City_24 -> City_33 -> City_46 -> City_37 -> City_6 -> City_35 -> City_17 -> City_34 -> City_4 -> City_22 -> City_1 -> City_13 -> City_28 -> City_38 -> City_5 -> City_25 -> City_16 -> City_20 -> City_49 -> City_31 -> City_21 -> City_30 -> City_44 -> City_2 -> City_27
750,1032.793265258831,1032.793265258831,City_23 -> City_14 -> City_36 -> City_39 -> City_15 -> City_10 -> City_43 -> City_12 -> City_41 -> City_26 -> City_18 -> City_47 -> City_48 -> City_45 -> City_32 -> City_7 -> City_11 -> City_40 -> City_42 -> City_19 -> City_8 -> City_3 -> City_50 -> City_29 -> City_9 -> City_24 -> City_33 -> City_46 -> City_37 -> City_6 -> City_35 -> City_17 -> City_34 -> City_4 -> City_22 -> City_1 -> City_13 -> City_28 -> City_38 -> City_5 -> City_25 -> City_16 -> City_20 -> City_49 -> City_31 -> City_21 -> City_30 -> City_44 -> City_2 -> City_27
755,1032.793265258831,1032.793265258831,City_23 -> City_14 -> City_36 -> City_39 -> City_15 -> City_10 -> City_43 -> City_12 -> City_41 -> City_26 -> City_18 -> City_47 -> City_48 -> City_45 -> City_32 -> City_7 -> City_11 -> City_40 -> City_42 -> City_19 -> City_8 -> City_3 -> City_50 -> City_29 -> City_9 -> City_24 -> City_33 -> City_46 -> City_37 -> City_6 -> City_35 -> City_17 -> City_34 -> City_4 -> City_22 -> City_1 -> City_13 -> City_28 -> City_38 -> City_5 -> City_25 -> City_16 -> City_20 -> City_49 -> City_31 -> City_21 -> City_30 -> City_44 -> City_2 -> City_27
760,1032.793265258831,1032.793265258831,City_23 -> City_14 -> City_36 -> City_39 -> City_15 -> City_10 -> City_43 -> City_12 -> City_41 -> City_26 -> City_18 -> City_47 -> City_48 -> City_45 -> City_32 -> City_7 -> City_11 -> City_40 -> City_42 -> City_19 -> City_8 -> City_3 -> City_50 -> City_29 -> City_9 -> City_24 -> City_33 -> City_46 -> City_37 -> City_6 -> City_35 -> City_17 -> City_34 -> City_4 -> City_22 -> City_1 -> City_13 -> City_28 -> City_38 -> City_5 -> City_25 -> City_16 -> City_20 -> City_49 -> City_31 -> City_21 -> City_30 -> City_44 -> City_2 -> City_27
765,1032.793265258831,1032.793265258831,City_23 -> City_14 -> City_36 -> City_39 -> City_15 -> City_10 -> City_43 -> City_12 -> City_41 -> City_26 -> City_18 -> City_47 -> City_48 -> City_45 -> City_32 -> City_7 -> City_11 -> City_40 -> City_42 -> City_19 -> City_8 -> City_3 -> City_50 -> City_29 -> City_9 -> City_24 -> City_33 -> City_46 -> City_37 -> City_6 -> City_35 -> City_17 -> City_34 -> City_4 -> City_22 -> City_1 -> City_13 -> City_28 -> City_38 -> City_5 -> City_25 -> City_16 -> City_20 -> City_49 -> City_31 -> City_21 -> City_30 -> City_44 -> City_2 -> City_27
770,1032.793265258831,1032.793265258831,City_23 -> City_14 -> City_36 -> City_39 -> City_15 -> City_10 -> City_43 -> City_12 -> City_41 -> City_26 -> City_18 -> City_47 -> City_48 -> City_45 -> City_32 -> City_7 -> City_11 -> City_40 -> City_42 -> City_19 -> City_8 -> City_3 -> City_50 -> City_29 -> City_9 -> City_24 -> City_33 -> City_46 -> City_37 -> City_6 -> City_35 -> City_17 -> City_34 -> City_4 -> City_22 -> City_1 -> City_13 -> City_28 -> City_38 -> City_5 -> City_25 -> City_16 -> City_20 -> City_49 -> City_31 -> City_21 -> City_30 -> City_44 -> City_2 -> City_27
775,1032.793265258831,1032.793265258831,City_23 -> City_14 -> City_36 -> City_39 -> City_15 -> City_10 -> City_43 -> City_12 -> City_41 -> City_26 -> City_18 -> City_47 -> City_48 -> City_45 -> City_32 -> City_7 -> City_11 -> City_40 -> City_42 -> City_19 -> City_8 -> City_3 -> City_50 -> City_29 -> City_9 -> City_24 -> City_33 -> City_46 -> City_37 -> City_6 -> City_35 -> City_17 -> City_34 -> City_4 -> City_22 -> City_1 -> City_13 -> City_28 -> City_38 -> City_5 -> City_25 -> City_16 -> City_20 -> City_49 -> City_31 -> City_21 -> City_30 -> City_44 -> City_2 -> City_27
780,1032.793265258831,1032.793265258831,City_23 -> City_14 -> City_36 -> City_39 -> City_15 -> City_10 -> City_43 -> City_12 -> City_41 -> City_26 -> City_18 -> City_47 -> City_48 -> City_45 -> City_32 -> City_7 -> City_11 -> City_40 -> City_42 -> City_19 -> City_8 -> City_3 -> City_50 -> City_29 -> City_9 -> City_24 -> City_33 -> City_46 -> City_37 -> City_6 -> City_35 -> City_17 -> City_34 -> City_4 -> City_22 -> City_1 -> City_13 -> City_28 -> City_38 -> City_5 -> City_25 -> City_16 -> City_20 -> City_49 -> City_31 -> City_21 -> City_30 -> City_44 -> City_2 -> City_27
785,1032.793265258831,1032.793265258831,City_23 -> City_14 -> City_36 -> City_39 -> City_15 -> City_10 -> City_43 -> City_12 -> City_41 -> City_26 -> City_18 -> City_47 -> City_48 -> City_45 -> City_32 -> City_7 -> City_11 -> City_40 -> City_42 -> City_19 -> City_8 -> City_3 -> City_50 -> City_29 -> City_9 -> City_24 -> City_33 -> City_46 -> City_37 -> City_6 -> City_35 -> City_17 -> City_34 -> City_4 -> City_22 -> City_1 -> City_13 -> City_28 -> City_38 -> City_5 -> City_25 -> City_16 -> City_20 -> City_49 -> City_31 -> City_21 -> City_30 -> City_44 -> City_2 -> City_27
790,1032.793265258831,1032.793265258831,City_23 -> City_14 -> City_36 -> City_39 -> City_15 -> City_10 -> City_43 -> City_12 -> City_41 -> City_26 -> City_18 -> City_47 -> City_48 -> City_45 -> City_32 -> City_7 -> City_11 -> City_40 -> City_42 -> City_19 -> City_8 -> City_3 -> City_50 -> City_29 -> City_9 -> City_24 -> City_33 -> City_46 -> City_37 -> City_6 -> City_35 -> City_17 -> City_34 -> City_4 -> City_22 -> City_1 -> City_13 -> City_28 -> City_38 -> City_5 -> City_25 -> City_16 -> City_20 -> City_49 -> City_31 -> City_21 -> City_30 -> City_44 -> City_2 -> City_27
795,1032.793265258831,1032.793265258831,City_23 -> City_14 -> City_36 -> City_39 -> City_15 -> City_10 -> City_43 -> City_12 -> City_41 -> City_26 -> City_18 -> City_47 -> City_48 -> City_45 -> City_32 -> City_7 -> City_11 -> City_40 -> City_42 -> City_19 -> City_8 -> City_3 -> City_50 -> City_29 -> City_9 -> City_24 -> City_33 -> City_46 -> City_37 -> City_6 -> City_35 -> City_17 -> City_34 -> City_4 -> City_22 -> City_1 -> City_13 -> City_28 -> City_38 -> City_5 -> City_25 -> City_16 -> City_20 -> City_49 -> City_31 -> City_21 -> City_30 -> City_44 -> City_2 -> City_27
800,1032.793265258831,1032.793265258831,City_23 -> City_14 -> City_36 -> City_39 -> City_15 -> City_10 -> City_43 -> City_12 -> City_41 -> City_26 -> City_18 -> City_47 -> City_48 -> City_45 -> City_32 -> City_7 -> City_11 -> City_40 -> City_42 -> City_19 -> City_8 -> City_3 -> City_50 -> City_29 -> City_9 -> City_24 -> City_33 -> City_46 -> City_37 -> City_6 -> City_35 -> City_17 -> City_34 -> City_4 -> City_22 -> City_1 -> City_13 -> City_28 -> City_38 -> City_5 -> City_25 -> City_16 -> City_20 -> City_49 -> City_31 -> City_21 -> City_30 -> City_44 -> City_2 -> City_27
805,1032.793265258831,1032.793265258831,City_23 -> City_14 -> City_36 -> City_39 -> City_15 -> City_10 -> City_43 -> City_12 -> City_41 -> City_26 -> City_18 -> City_47 -> City_48 -> City_45 -> City_32 -> City_7 -> City_11 -> City_40 -> City_42 -> City_19 -> City_8 -> City_3 -> City_50 -> City_29 -> City_9 -> City_24 -> City_33 -> City_46 -> City_37 -> City_6 -> City_35 -> City_17 -> City_34 -> City_4 -> City_22 -> City_1 -> City_13 -> City_28 -> City_38 -> City_5 -> City_25 -> City_16 -> City_20 -> City_49 -> City_31 -> City_21 -> City_30 -> City_44 -> City_2 -> City_27
810,1032.793265258831,1032.793265258831,City_23 -> City_14 -> City_36 -> City_39 -> City_15 -> City_10 -> City_43 -> City_12 -> City_41 -> City_26 -> City_18 -> City_47 -> City_48 -> City_45 -> City_32 -> City_7 -> City_11 -> City_40 -> City_42 -> City_19 -> City_8 -> City_3 -> City_50 -> City_29 -> City_9 -> City_24 -> City_33 -> City_46 -> City_37 -> City_6 -> City_35 -> City_17 -> City_34 -> City_4 -> City_22 -> City_1 -> City_13 -> City_28 -> City_38 -> City_5 -> City_25 -> City_16 -> City_20 -> City_49 -> City_31 -> City_21 -> City_30 -> City_44 -> City_2 -> City_27
815,1032.793265258831,1032.793265258831,City_23 -> City_14 -> City_36 -> City_39 -> City_15 -> City_10 -> City_43 -> City_12 -> City_41 -> City_26 -> City_18 -> City_47 -> City_48 -> City_45 -> City_32 -> City_7 -> City_11 -> City_40 -> City_42 -> City_19 -> City_8 -> City_3 -> City_50 -> City_29 -> City_9 -> City_24 -> City_33 -> City_46 -> City_37 -> City_6 -> City_35 -> City_17 -> City_34 -> City_4 -> City_22 -> City_1 -> City_13 -> City_28 -> City_38 -> City_5 -> City_25 -> City_16 -> City_20 -> City_49 -> City_31 -> City_21 -> City_30 -> City_44 -> City_2 -> City_27
820,1032.793265258831,1032.793265258831,City_23 -> City_14 -> City_36 -> City_39 -> City_15 -> City_10 -> City_43 -> City_12 -> City_41 -> City_26 -> City_18 -> City_47 -> City_48 -> City_45 -> City_32 -> City_7 -> City_11 -> City_40 -> City_42 -> City_19 -> City_8 -> City_3 -> City_50 -> City_29 -> City_9 -> City_24 -> City_33 -> City_46 -> City_37 -> City_6 -> City_35 -> City_17 -> City_34 -> City_4 -> City_22 -> City_1 -> City_13 -> City_28 -> City_38 -> City_5 -> City_25 -> City_16 -> City_20 -> City_49 -> City_31 -> City_21 -> City_30 -> City_44 -> City_2 -> City_27
825,1023.6812615939343,1023.6812615939343,City_23 -> City_14 -> City_36 -> City_39 -> City_15 -> City_10 -> City_43 -> City_44 -> City_26 -> City_18 -> City_41 -> City_47 -> City_48 -> City_45 -> City_32 -> City_7 -> City_11 -> City_40 -> City_42 -> City_19 -> City_8 -> City_3 -> City_50 -> City_29 -> City_9 -> City_24 -> City_33 -> City_46 -> City_37 -> City_6 -> City_35 -> City_17 -> City_34 -> City_4 -> City_22 -> City_1 -> City_13 -> City_28 -> City_38 -> City_5 -> City_25 -> City_16 -> City_20 -> City_49 -> City_31 -> City_21 -> City_30 -> City_12 -> City_2 -> City_27
830,1023.6812615939343,1023.6812615939343,City_23 -> City_14 -> City_36 -> City_39 -> City_15 -> City_10 -> City_43 -> City_44 -> City_26 -> City_18 -> City_41 -> City_47 -> City_48 -> City_45 -> City_32 -> City_7 -> City_11 -> City_40 -> City_42 -> City_19 -> City_8 -> City_3 -> City_50 -> City_29 -> City_9 -> City_24 -> City_33 -> City_46 -> City_37 -> City_6 -> City_35 -> City_17 -> City_34 -> City_4 -> City_22 -> City_1 -> City_13 -> City_28 -> City_38 -> City_5 -> City_25 -> City_16 -> City_20 -> City_49 -> City_31 -> City_21 -> City_30 -> City_12 -> City_2 -> City_27
835,1023.6812615939343,1023.6812615939343,City_23 -> City_14 -> City_36 -> City_39 -> City_15 -> City_10 -> City_43 -> City_44 -> City_26 -> City_18 -> City_41 -> City_47 -> City_48 -> City_45 -> City_32 -> City_7 -> City_11 -> City_40 -> City_42 -> City_19 -> City_8 -> City_3 -> City_50 -> City_29 -> City_9 -> City_24 -> City_33 -> City_46 -> City_37 -> City_6 -> City_35 -> City_17 -> City_34 -> City_4 -> City_22 -> City_1 -> City_13 -> City_28 -> City_38 -> City_5 -> City_25 -> City_16 -> City_20 -> City_49 -> City_31 -> City_21 -> City_30 -> City_12 -> City_2 -> City_27
840,1023.6812615939343,1023.6812615939343,City_23 -> City_14 -> City_36 -> City_39 -> City_15 -> City_10 -> City_43 -> City_44 -> City_26 -> City_18 -> City_41 -> City_47 -> City_48 -> City_45 -> City_32 -> City_7 -> City_11 -> City_40 -> City_42 -> City_19 -> City_8 -> City_3 -> City_50 -> City_29 -> City_9 -> City_24 -> City_33 -> City_46 -> City_37 -> City_6 -> City_35 -> City_17 -> City_34 -> City_4 -> City_22 -> City_1 -> City_13 -> City_28 -> City_38 -> City_5 -> City_25 -> City_16 -> City_20 -> City_49 -> City_31 -> City_21 -> City_30 -> City_12 -> City_2 -> City_27
845,1023.6812615939343,1023.6812615939343,City_23 -> City_14 -> City_36 -> City_39 -> City_15 -> City_10 -> City_43 -> City_44 -> City_26 -> City_18 -> City_41 -> City_47 -> City_48 -> City_45 -> City_32 -> City_7 -> City_11 -> City_40 -> City_42 -> City_19 -> City_8 -> City_3 -> City_50 -> City_29 -> City_9 -> City_24 -> City_33 -> City_46 -> City_37 -> City_6 -> City_35 -> City_17 -> City_34 -> City_4 -> City_22 -> City_1 -> City_13 -> City_28 -> City_38 -> City_5 -> City_25 -> City_16 -> City_20 -> City_49 -> City_31 -> City_21 -> City_30 -> City_12 -> City_2 -> City_27
850,1017.7252267656365,1017.7252267656365,City_23 -> City_14 -> City_36 -> City_39 -> City_15 -> City_10 -> City_43 -> City_44 -> City_26 -> City_18 -> City_41 -> City_47 -> City_48 -> City_45 -> City_32 -> City_7 -> City_11 -> City_40 -> City_42 -> City_19 -> City_8 -> City_3 -> City_50 -> City_29 -> City_9 -> City_24 -> City_33 -> City_46 -> City_37 -> City_6 -> City_35 -> City_17 -> City_34 -> City_4 -> City_22 -> City_1 -> City_13 -> City_28 -> City_38 -> City_2 -> City_25 -> City_16 -> City_20 -> City_49 -> City_31 -> City_21 -> City_30 -> City_12 -> City_5 -> City_27
855,1017.7252267656365,1017.7252267656365,City_23 -> City_14 -> City_36 -> City_39 -> City_15 -> City_10 -> City_43 -> City_44 -> City_26 -> City_18 -> City_41 -> City_47 -> City_48 -> City_45 -> City_32 -> City_7 -> City_11 -> City_40 -> City_42 -> City_19 -> City_8 -> City_3 -> City_50 -> City_29 -> City_9 -> City_24 -> City_33 -> City_46 -> City_37 -> City_6 -> City_35 -> City_17 -> City_34 -> City_4 -> City_22 -> City_1 -> City_13 -> City_28 -> City_38 -> City_2 -> City_25 -> City_16 -> City_20 -> City_49 -> City_31 -> City_21 -> City_30 -> City_12 -> City_5 -> City_27
860,1017.7252267656365,1017.7252267656365,City_23 -> City_14 -> City_36 -> City_39 -> City_15 -> City_10 -> City_43 -> City_44 -> City_26 -> City_18 -> City_41 -> City_47 -> City_48 -> City_45 -> City_32 -> City_7 -> City_11 -> City_40 -> City_42 -> City_19 -> City_8 -> City_3 -> City_50 -> City_29 -> City_9 -> City_24 -> City_33 -> City_46 -> City_37 -> City_6 -> City_35 -> City_17 -> City_34 -> City_4 -> City_22 -> City_1 -> City_13 -> City_28 -> City_38 -> City_2 -> City_25 -> City_16 -> City_20 -> City_49 -> City_31 -> City_21 -> City_30 -> City_12 -> City_5 -> City_27
865,1017.7252267656365,1017.7252267656365,City_23 -> City_14 -> City_36 -> City_39 -> City_15 -> City_10 -> City_43 -> City_44 -> City_26 -> City_18 -> City_41 -> City_47 -> City_48 -> City_45 -> City_32 -> City_7 -> City_11 -> City_40 -> City_42 -> City_19 -> City_8 -> City_3 -> City_50 -> City_29 -> City_9 -> City_24 -> City_33 -> City_46 -> City_37 -> City_6 -> City_35 -> City_17 -> City_34 -> City_4 -> City_22 -> City_1 -> City_13 -> City_28 -> City_38 -> City_2 -> City_25 -> City_16 -> City_20 -> City_49 -> City_31 -> City_21 -> City_30 -> City_12 -> City_5 -> City_27
870,1017.7252267656365,1017.7252267656365,City_23 -> City_14 -> City_36 -> City_39 -> City_15 -> City_10 -> City_43 -> City_44 -> City_26 -> City_18 -> City_41 -> City_47 -> City_48 -> City_45 -> City_32 -> City_7 -> City_11 -> City_40 -> City_42 -> City_19 -> City_8 -> City_3 -> City_50 -> City_29 -> City_9 -> City_24 -> City_33 -> City_46 -> City_37 -> City_6 -> City_35 -> City_17 -> City_34 -> City_4 -> City_22 -> City_1 -> City_13 -> City_28 -> City_38 -> City_2 -> City_25 -> City_16 -> City_20 -> City_49 -> City_31 -> City_21 -> City_30 -> City_12 -> City_5 -> City_27
875,1017.7252267656365,1017.7252267656365,City_23 -> City_14 -> City_36 -> City_39 -> City_15 -> City_10 -> City_43 -> City_44 -> City_26 -> City_18 -> City_41 -> City_47 -> City_48 -> City_45 -> City_32 -> City_7 -> City_11 -> City_40 -> City_42 -> City_19 -> City_8 -> City_3 -> City_50 -> City_29 -> City_9 -> City_24 -> City_33 -> City_46 -> City_37 -> City_6 -> City_35 -> City_17 -> City_34 -> City_4 -> City_22 -> City_1 -> City_13 -> City_28 -> City_38 -> City_2 -> City_25 -> City_16 -> City_20 -> City_49 -> City_31 -> City_21 -> City_30 -> City_12 -> City_5 -> City_27
880,1017.7252267656365,1017.7252267656365,City_23 -> City_14 -> City_36 -> City_39 -> City_15 -> City_10 -> City_43 -> City_44 -> City_26 -> City_18 -> City_41 -> City_47 -> City_48 -> City_45 -> City_32 -> City_7 -> City_11 -> City_40 -> City_42 -> City_19 -> City_8 -> City_3 -> City_50 -> City_29 -> City_9 -> City_24 -> City_33 -> City_46 -> City_37 -> City_6 -> City_35 -> City_17 -> City_34 -> City_4 -> City_22 -> City_1 -> City_13 -> City_28 -> City_38 -> City_2 -> City_25 -> City_16 -> City_20 -> City_49 -> City_31 -> City_21 -> City_30 -> City_12 -> City_5 -> City_27
885,1017.7252267656365,1017.7252267656365,City_23 -> City_14 -> City_36 -> City_39 -> City_15 -> City_10 -> City_43 -> City_44 -> City_26 -> City_18 -> City_41 -> City_47 -> City_48 -> City_45 -> City_32 -> City_7 -> City_11 -> City_40 -> City_42 -> City_19 -> City_8 -> City_3 -> City_50 -> City_29 -> City_9 -> City_24 -> City_33 -> City_46 -> City_37 -> City_6 -> City_35 -> City_17 -> City_34 -> City_4 -> City_22 -> City_1 -> City_13 -> City_28 -> City_38 -> City_2 -> City_25 -> City_16 -> City_20 -> City_49 -> City_31 -> City_21 -> City_30 -> City_12 -> City_5 -> City_27
890,1017.7252267656365,1017.7252267656365,City_23 -> City_14 -> City_36 -> City_39 -> City_15 -> City_10 -> City_43 -> City_44 -> City_26 -> City_18 -> City_41 -> City_47 -> City_48 -> City_45 -> City_32 -> City_7 -> City_11 -> City_40 -> City_42 -> City_19 -> City_8 -> City_3 -> City_50 -> City_29 -> City_9 -> City_24 -> City_33 -> City_46 -> City_37 -> City_6 -> City_35 -> City_17 -> City_34 -> City_4 -> City_22 -> City_1 -> City_13 -> City_28 -> City_38 -> City_2 -> City_25 -> City_16 -> City_20 -> City_49 -> City_31 -> City_21 -> City_30 -> City_12 -> City_5 -> City_27
895,1017.7252267656365,1017.7252267656365,City_23 -> City_14 -> City_36 -> City_39 -> City_15 -> City_10 -> City_43 -> City_44 -> City_26 -> City_18 -> City_41 -> City_47 -> City_48 -> City_45 -> City_32 -> City_7 -> City_11 -> City_40 -> City_42 -> City_19 -> City_8 -> City_3 -> City_50 -> City_29 -> City_9 -> City_24 -> City_33 -> City_46 -> City_37 -> City_6 -> City_35 -> City_17 -> City_34 -> City_4 -> City_22 -> City_1 -> City_13 -> City_28 -> City_38 -> City_2 -> City_25 -> City_16 -> City_20 -> City_49 -> City_31 -> City_21 -> City_30 -> City_12 -> City_5 -> City_27
900,1017.7252267656365,1017.7252267656365,City_23 -> City_14 -> City_36 -> City_39 -> City_15 -> City_10 -> City_43 -> City_44 -> City_26 -> City_18 -> City_41 -> City_47 -> City_48 -> City_45 -> City_32 -> City_7 -> City_11 -> City_40 -> City_42 -> City_19 -> City_8 -> City_3 -> City_50 -> City_29 -> City_9 -> City_24 -> City_33 -> City_46 -> City_37 -> City_6 -> City_35 -> City_17 -> City_34 -> City_4 -> City_22 -> City_1 -> City_13 -> City_28 -> City_38 -> City_2 -> City_25 -> City_16 -> City_20 -> City_49 -> City_31 -> City_21 -> City_30 -> City_12 -> City_5 -> City_27
905,1017.7252267656365,1017.7252267656365,City_23 -> City_14 -> City_36 -> City_39 -> City_15 -> City_10 -> City_43 -> City_44 -> City_26 -> City_18 -> City_41 -> City_47 -> City_48 -> City_45 -> City_32 -> City_7 -> City_11 -> City_40 -> City_42 -> City_19 -> City_8 -> City_3 -> City_50 -> City_29 -> City_9 -> City_24 -> City_33 -> City_46 -> City_37 -> City_6 -> City_35 -> City_17 -> City_34 -> City_4 -> City_22 -> City_1 -> City_13 -> City_28 -> City_38 -> City_2 -> City_25 -> City_16 -> City_20 -> City_49 -> City_31 -> City_21 -> City_30 -> City_12 -> City_5 -> City_27
910,1017.7252267656365,1017.7252267656365,City_23 -> City_14 -> City_36 -> City_39 -> City_15 -> City_10 -> City_43 -> City_44 -> City_26 -> City_18 -> City_41 -> City_47 -> City_48 -> City_45 -> City_32 -> City_7 -> City_11 -> City_40 -> City_42 -> City_19 -> City_8 -> City_3 -> City_50 -> City_29 -> City_9 -> City_24 -> City_33 -> City_46 -> City_37 -> City_6 -> City_35 -> City_17 -> City_34 -> City_4 -> City_22 -> City_1 -> City_13 -> City_28 -> City_38 -> City_2 -> City_25 -> City_16 -> City_20 -> City_49 -> City_31 -> City_21 -> City_30 -> City_12 -> City_5 -> City_27
915,1017.7252267656365,1017.7252267656365,City_23 -> City_14 -> City_36 -> City_39 -> City_15 -> City_10 -> City_43 -> City_44 -> City_26 -> City_18 -> City_41 -> City_47 -> City_48 -> City_45 -> City_32 -> City_7 -> City_11 -> City_40 -> City_42 -> City_19 -> City_8 -> City_3 -> City_50 -> City_29 -> City_9 -> City_24 -> City_33 -> City_46 -> City_37 -> City_6 -> City_35 -> City_17 -> City_34 -> City_4 -> City_22 -> City_1 -> City_13 -> City_28 -> City_38 -> City_2 -> City_25 -> City_16 -> City_20 -> City_49 -> City_31 -> City_21 -> City_30 -> City_12 -> City_5 -> City_27
920,1017.7252267656365,1017.7252267656365,City_23 -> City_14 -> City_36 -> City_39 -> City_15 -> City_10 -> City_43 -> City_44 -> City_26 -> City_18 -> City_41 -> City_47 -> City_48 -> City_45 -> City_32 -> City_7 -> City_11 -> City_40 -> City_42 -> City_19 -> City_8 -> City_3 -> City_50 -> City_29 -> City_9 -> City_24 -> City_33 -> City_46 -> City_37 -> City_6 -> City_35 -> City_17 -> City_34 -> City_4 -> City_22 -> City_1 -> City_13 -> City_28 -> City_38 -> City_2 -> City_25 -> City_16 -> City_20 -> City_49 -> City_31 -> City_21 -> City_30 -> City_12 -> City_5 -> City_27
925,1017.7252267656365,1017.7252267656365,City_23 -> City_14 -> City_36 -> City_39 -> City_15 -> City_10 -> City_43 -> City_44 -> City_26 -> City_18 -> City_41 -> City_47 -> City_48 -> City_45 -> City_32 -> City_7 -> City_11 -> City_40 -> City_42 -> City_19 -> City_8 -> City_3 -> City_50 -> City_29 -> City_9 -> City_24 -> City_33 -> City_46 -> City_37 -> City_6 -> City_35 -> City_17 -> City_34 -> City_4 -> City_22 -> City_1 -> City_13 -> City_28 -> City_38 -> City_2 -> City_25 -> City_16 -> City_20 -> City_49 -> City_31 -> City_21 -> City_30 -> City_12 -> City_5 -> City_27
930,1017.7252267656365,1017.7252267656365,City_23 -> City_14 -> City_36 -> City_39 -> City_15 -> City_10 -> City_43 -> City_44 -> City_26 -> City_18 -> City_41 -> City_47 -> City_48 -> City_45 -> City_32 -> City_7 -> City_11 -> City_40 -> City_42 -> City_19 -> City_8 -> City_3 -> City_50 -> City_29 -> City_9 -> City_24 -> City_33 -> City_46 -> City_37 -> City_6 -> City_35 -> City_17 -> City_34 -> City_4 -> City_22 -> City_1 -> City_13 -> City_28 -> City_38 -> City_2 -> City_25 -> City_16 -> City_20 -> City_49 -> City_31 -> City_21 -> City_30 -> City_12 -> City_5 -> City_27
935,1017.7252267656365,1017.7252267656365,City_23 -> City_14 -> City_36 -> City_39 -> City_15 -> City_10 -> City_43 -> City_44 -> City_26 -> City_18 -> City_41 -> City_47 -> City_48 -> City_45 -> City_32 -> City_7 -> City_11 -> City_40 -> City_42 -> City_19 -> City_8 -> City_3 -> City_50 -> City_29 -> City_9 -> City_24 -> City_33 -> City_46 -> City_37 -> City_6 -> City_35 -> City_17 -> City_34 -> City_4 -> City_22 -> City_1 -> City_13 -> City_28 -> City_38 -> City_2 -> City_25 -> City_16 -> City_20 -> City_49 -> City_31 -> City_21 -> City_30 -> City_12 -> City_5 -> City_27
940,1017.7252267656365,1017.7252267656365,City_23 -> City_14 -> City_36 -> City_39 -> City_15 -> City_10 -> City_43 -> City_44 -> City_26 -> City_18 -> City_41 -> City_47 -> City_48 -> City_45 -> City_32 -> City_7 -> City_11 -> City_40 -> City_42 -> City_19 -> City_8 -> City_3 -> City_50 -> City_29 -> City_9 -> City_24 -> City_33 -> City_46 -> City_37 -> City_6 -> City_35 -> City_17 -> City_34 -> City_4 -> City_22 -> City_1 -> City_13 -> City_28 -> City_38 -> City_2 -> City_25 -> City_16 -> City_20 -> City_49 -> City_31 -> City_21 -> City_30 -> City_12 -> City_5 -> City_27
945,1017.7252267656365,1017.7252267656365,City_23 -> City_14 -> City_36 -> City_39 -> City_15 -> City_10 -> City_43 -> City_44 -> City_26 -> City_18 -> City_41 -> City_47 -> City_48 -> City_45 -> City_32 -> City_7 -> City_11 -> City_40 -> City_42 -> City_19 -> City_8 -> City_3 -> City_50 -> City_29 -> City_9 -> City_24 -> City_33 -> City_46 -> City_37 -> City_6 -> City_35 -> City_17 -> City_34 -> City_4 -> City_22 -> City_1 -> City_13 -> City_28 -> City_38 -> City_2 -> City_25 -> City_16 -> City_20 -> City_49 -> City_31 -> City_21 -> City_30 -> City_12 -> City_5 -> City_27
950,1017.7252267656365,1017.7252267656365,City_23 -> City_14 -> City_36 -> City_39 -> City_15 -> City_10 -> City_43 -> City_44 -> City_26 -> City_18 -> City_41 -> City_47 -> City_48 -> City_45 -> City_32 -> City_7 -> City_11 -> City_40 -> City_42 -> City_19 -> City_8 -> City_3 -> City_50 -> City_29 -> City_9 -> City_24 -> City_33 -> City_46 -> City_37 -> City_6 -> City_35 -> City_17 -> City_34 -> City_4 -> City_22 -> City_1 -> City_13 -> City_28 -> City_38 -> City_2 -> City_25 -> City_16 -> City_20 -> City_49 -> City_31 -> City_21 -> City_30 -> City_12 -> City_5 -> City_27
955,1017.7252267656365,1017.7252267656365,City_23 -> City_14 -> City_36 -> City_39 -> City_15 -> City_10 -> City_43 -> City_44 -> City_26 -> City_18 -> City_41 -> City_47 -> City_48 -> City_45 -> City_32 -> City_7 -> City_11 -> City_40 -> City_42 -> City_19 -> City_8 -> City_3 -> City_50 -> City_29 -> City_9 -> City_24 -> City_33 -> City_46 -> City_37 -> City_6 -> City_35 -> City_17 -> City_34 -> City_4 -> City_22 -> City_1 -> City_13 -> City_28 -> City_38 -> City_2 -> City_25 -> City_16 -> City_20 -> City_49 -> City_31 -> City_21 -> City_30 -> City_12 -> City_5 -> City_27
960,1001.2636438041633,1001.2636438041633,City_23 -> City_14 -> City_36 -> City_39 -> City_15 -> City_10 -> City_31 -> City_44 -> City_26 -> City_18 -> City_41 -> City_47 -> City_48 -> City_45 -> City_32 -> City_7 -> City_11 -> City_40 -> City_42 -> City_19 -> City_8 -> City_3 -> City_50 -> City_29 -> City_9 -> City_24 -> City_33 -> City_46 -> City_37 -> City_6 -> City_35 -> City_17 -> City_34 -> City_4 -> City_22 -> City_1 -> City_13 -> City_28 -> City_38 -> City_2 -> City_25 -> City_16 -> City_20 -> City_49 -> City_43 -> City_21 -> City_30 -> City_12 -> City_5 -> City_27
965,1001.2636438041633,1001.2636438041633,City_23 -> City_14 -> City_36 -> City_39 -> City_15 -> City_10 -> City_31 -> City_44 -> City_26 -> City_18 -> City_41 -> City_47 -> City_48 -> City_45 -> City_32 -> City_7 -> City_11 -> City_40 -> City_42 -> City_19 -> City_8 -> City_3 -> City_50 -> City_29 -> City_9 -> City_24 -> City_33 -> City_46 -> City_37 -> City_6 -> City_35 -> City_17 -> City_34 -> City_4 -> City_22 -> City_1 -> City_13 -> City_28 -> City_38 -> City_2 -> City_25 -> City_16 -> City_20 -> City_49 -> City_43 -> City_21 -> City_30 -> City_12 -> City_5 -> City_27
970,998.7303867722676,998.7303867722676,City_23 -> City_14 -> City_36 -> City_39 -> City_15 -> City_10 -> City_31 -> City_44 -> City_26 -> City_18 -> City_41 -> City_47 -> City_48 -> City_45 -> City_32 -> City_7 -> City_11 -> City_40 -> City_42 -> City_19 -> City_8 -> City_3 -> City_50 -> City_29 -> City_9 -> City_24 -> City_33 -> City_46 -> City_37 -> City_6 -> City_35 -> City_17 -> City_34 -> City_4 -> City_22 -> City_1 -> City_13 -> City_28 -> City_38 -> City_2 -> City_25 -> City_16 -> City_20 -> City_49 -> City_43 -> City_30 -> City_21 -> City_12 -> City_5 -> City_27
975,998.7303867722676,998.7303867722676,City_23 -> City_14 -> City_36 -> City_39 -> City_15 -> City_10 -> City_31 -> City_44 -> City_26 -> City_18 -> City_41 -> City_47 -> City_48 -> City_45 -> City_32 -> City_7 -> City_11 -> City_40 -> City_42 -> City_19 -> City_8 -> City_3 -> City_50 -> City_29 -> City_9 -> City_24 -> City_33 -> City_46 -> City_37 -> City_6 -> City_35 -> City_17 -> City_34 -> City_4 -> City_22 -> City_1 -> City_13 -> City_28 -> City_38 -> City_2 -> City_25 -> City_16 -> City_20 -> City_49 -> City_43 -> City_30 -> City_21 -> City_12 -> City_5 -> City_27
980,998.7303867722676,998.7303867722676,City_23 -> City_14 -> City_36 -> City_39 -> City_15 -> City_10 -> City_31 -> City_44 -> City_26 -> City_18 -> City_41 -> City_47 -> City_48 -> City_45 -> City_32 -> City_7 -> City_11 -> City_40 -> City_42 -> City_19 -> City_8 -> City_3 -> City_50 -> City_29 -> City_9 -> City_24 -> City_33 -> City_46 -> City_37 -> City_6 -> City_35 -> City_17 -> City_34 -> City_4 -> City_22 -> City_1 -> City_13 -> City_28 -> City_38 -> City_2 -> City_25 -> City_16 -> City_20 -> City_49 -> City_43 -> City_30 -> City_21 -> City_12 -> City_5 -> City_27
985,998.7303867722676,998.7303867722676,City_23 -> City_14 -> City_36 -> City_39 -> City_15 -> City_10 -> City_31 -> City_44 -> City_26 -> City_18 -> City_41 -> City_47 -> City_48 -> City_45 -> City_32 -> City_7 -> City_11 -> City_40 -> City_42 -> City_19 -> City_8 -> City_3 -> City_50 -> City_29 -> City_9 -> City_24 -> City_33 -> City_46 -> City_37 -> City_6 -> City_35 -> City_17 -> City_34 -> City_4 -> City_22 -> City_1 -> City_13 -> City_28 -> City_38 -> City_2 -> City_25 -> City_16 -> City_20 -> City_49 -> City_43 -> City_30 -> City_21 -> City_12 -> City_5 -> City_27
990,998.7303867722676,998.7303867722676,City_23 -> City_14 -> City_36 -> City_39 -> City_15 -> City_10 -> City_31 -> City_44 -> City_26 -> City_18 -> City_41 -> City_47 -> City_48 -> City_45 -> City_32 -> City_7 -> City_11 -> City_40 -> City_42 -> City_19 -> City_8 -> City_3 -> City_50 -> City_29 -> City_9 -> City_24 -> City_33 -> City_46 -> City_37 -> City_6 -> City_35 -> City_17 -> City_34 -> City_4 -> City_22 -> City_1 -> City_13 -> City_28 -> City_38 -> City_2 -> City_25 -> City_16 -> City_20 -> City_49 -> City_43 -> City_30 -> City_21 -> City_12 -> City_5 -> City_27
995,998.7303867722676,998.7303867722676,City_23 -> City_14 -> City_36 -> City_39 -> City_15 -> City_10 -> City_31 -> City_44 -> City_26 -> City_18 -> City_41 -> City_47 -> City_48 -> City_45 -> City_32 -> City_7 -> City_11 -> City_40 -> City_42 -> City_19 -> City_8 -> City_3 -> City_50 -> City_29 -> City_9 -> City_24 -> City_33 -> City_46 -> City_37 -> City_6 -> City_35 -> City_17 -> City_34 -> City_4 -> City_22 -> City_1 -> City_13 -> City_28 -> City_38 -> City_2 -> City_25 -> City_16 -> City_20 -> City_49 -> City_43 -> City_30 -> City_21 -> City_12 -> City_5 -> City_27
1000,998.7303867722676,998.7303867722676,City_23 -> City_14 -> City_36 -> City_39 -> City_15 -> City_10 -> City_31 -> City_44 -> City_26 -> City_18 -> City_41 -> City_47 -> City_48 -> City_45 -> City_32 -> City_7 -> City_11 -> City_40 -> City_42 -> City_19 -> City_8 -> City_3 -> City_50 -> City_29 -> City_9 -> City_24 -> City_33 -> City_46 -> City_37 -> City_6 -> City_35 -> City_17 -> City_34 -> City_4 -> City_22 -> City_1 -> City_13 -> City_28 -> City_38 -> City_2 -> City_25 -> City_16 -> City_20 -> City_49 -> City_43 -> City_30 -> City_21 -> City_12 -> City_5 -> City_27
