iteration,current_distance,best_distance,route
5,618.5706658006086,603.4761259211751,City_24 -> City_9 -> City_33 -> City_23 -> City_46 -> City_34 -> City_4 -> City_22 -> City_17 -> City_35 -> City_6 -> City_37 -> City_30 -> City_21 -> City_14 -> City_12 -> City_43 -> City_31 -> City_10 -> City_49 -> City_20 -> City_48 -> City_47 -> City_2 -> City_44 -> City_38 -> City_5 -> City_13 -> City_1 -> City_28 -> City_27 -> City_18 -> City_26 -> City_41 -> City_45 -> City_32 -> City_7 -> City_36 -> City_39 -> City_15 -> City_11 -> City_16 -> City_25 -> City_40 -> City_19 -> City_42 -> City_8 -> City_3 -> City_29 -> City_50
10,626.2439593272024,571.4003260939146,City_31 -> City_10 -> City_49 -> City_20 -> City_48 -> City_47 -> City_2 -> City_44 -> City_38 -> City_5 -> City_13 -> City_1 -> City_37 -> City_4 -> City_22 -> City_17 -> City_35 -> City_6 -> City_34 -> City_46 -> City_23 -> City_33 -> City_9 -> City_24 -> City_14 -> City_21 -> City_30 -> City_29 -> City_50 -> City_8 -> City_3 -> City_42 -> City_40 -> City_19 -> City_25 -> City_16 -> City_11 -> City_15 -> City_39 -> City_36 -> City_7 -> City_32 -> City_45 -> City_41 -> City_26 -> City_18 -> City_27 -> City_28 -> City_12 -> City_43
15,572.9753301957572,571.4003260939146,City_34 -> City_46 -> City_23 -> City_33 -> City_9 -> City_24 -> City_12 -> City_43 -> City_31 -> City_10 -> City_49 -> City_20 -> City_48 -> City_47 -> City_2 -> City_44 -> City_38 -> City_5 -> City_13 -> City_1 -> City_28 -> City_27 -> City_18 -> City_26 -> City_41 -> City_45 -> City_32 -> City_7 -> City_36 -> City_39 -> City_15 -> City_11 -> City_16 -> City_25 -> City_40 -> City_42 -> City_19 -> City_8 -> City_3 -> City_29 -> City_50 -> City_30 -> City_21 -> City_14 -> City_37 -> City_4 -> City_22 -> City_17 -> City_35 -> City_6
20,571.4003260939146,571.4003260939146,City_33 -> City_9 -> City_24 -> City_12 -> City_43 -> City_31 -> City_10 -> City_49 -> City_20 -> City_48 -> City_47 -> City_2 -> City_44 -> City_38 -> City_5 -> City_13 -> City_1 -> City_28 -> City_27 -> City_18 -> City_26 -> City_41 -> City_45 -> City_32 -> City_7 -> City_36 -> City_39 -> City_15 -> City_11 -> City_16 -> City_25 -> City_40 -> City_42 -> City_19 -> City_8 -> City_3 -> City_29 -> City_50 -> City_30 -> City_21 -> City_14 -> City_46 -> City_34 -> City_4 -> City_22 -> City_17 -> City_35 -> City_6 -> City_37 -> City_23
25,580.3853524659797,571.3152335683434,City_22 -> City_17 -> City_35 -> City_6 -> City_37 -> City_4 -> City_34 -> City_46 -> City_23 -> City_33 -> City_9 -> City_24 -> City_12 -> City_43 -> City_31 -> City_10 -> City_49 -> City_20 -> City_48 -> City_47 -> City_2 -> City_44 -> City_38 -> City_5 -> City_13 -> City_1 -> City_28 -> City_27 -> City_18 -> City_26 -> City_41 -> City_45 -> City_32 -> City_7 -> City_36 -> City_39 -> City_15 -> City_11 -> City_16 -> City_25 -> City_40 -> City_42 -> City_19 -> City_8 -> City_3 -> City_29 -> City_50 -> City_30 -> City_21 -> City_14
30,579.0613572921932,571.3152335683434,City_35 -> City_17 -> City_22 -> City_4 -> City_37 -> City_34 -> City_46 -> City_23 -> City_33 -> City_9 -> City_24 -> City_12 -> City_43 -> City_31 -> City_10 -> City_49 -> City_20 -> City_48 -> City_47 -> City_2 -> City_44 -> City_38 -> City_5 -> City_13 -> City_1 -> City_28 -> City_27 -> City_18 -> City_26 -> City_41 -> City_45 -> City_32 -> City_7 -> City_36 -> City_39 -> City_15 -> City_11 -> City_16 -> City_25 -> City_40 -> City_42 -> City_19 -> City_8 -> City_3 -> City_29 -> City_50 -> City_30 -> City_21 -> City_14 -> City_6
35,584.1782519494859,571.3152335683434,City_31 -> City_10 -> City_49 -> City_20 -> City_48 -> City_47 -> City_2 -> City_44 -> City_38 -> City_5 -> City_13 -> City_1 -> City_28 -> City_27 -> City_18 -> City_26 -> City_41 -> City_45 -> City_32 -> City_7 -> City_36 -> City_39 -> City_15 -> City_11 -> City_16 -> City_25 -> City_40 -> City_42 -> City_19 -> City_8 -> City_3 -> City_29 -> City_50 -> City_30 -> City_21 -> City_14 -> City_24 -> City_9 -> City_33 -> City_23 -> City_46 -> City_34 -> City_4 -> City_22 -> City_17 -> City_35 -> City_6 -> City_37 -> City_12 -> City_43
40,586.9555091195887,571.3152335683434,City_21 -> City_14 -> City_33 -> City_9 -> City_24 -> City_12 -> City_43 -> City_31 -> City_10 -> City_49 -> City_20 -> City_48 -> City_47 -> City_2 -> City_44 -> City_38 -> City_5 -> City_13 -> City_1 -> City_28 -> City_27 -> City_18 -> City_26 -> City_41 -> City_45 -> City_32 -> City_7 -> City_36 -> City_39 -> City_15 -> City_11 -> City_16 -> City_25 -> City_40 -> City_42 -> City_19 -> City_8 -> City_3 -> City_29 -> City_50 -> City_30 -> City_23 -> City_46 -> City_34 -> City_4 -> City_22 -> City_17 -> City_35 -> City_6 -> City_37
45,571.0145809479446,571.0145809479446,City_22 -> City_4 -> City_34 -> City_46 -> City_23 -> City_33 -> City_9 -> City_24 -> City_12 -> City_43 -> City_31 -> City_10 -> City_49 -> City_20 -> City_48 -> City_47 -> City_2 -> City_44 -> City_38 -> City_5 -> City_13 -> City_1 -> City_28 -> City_27 -> City_18 -> City_26 -> City_41 -> City_45 -> City_32 -> City_7 -> City_36 -> City_39 -> City_15 -> City_11 -> City_16 -> City_25 -> City_40 -> City_42 -> City_19 -> City_8 -> City_3 -> City_29 -> City_50 -> City_30 -> City_21 -> City_14 -> City_37 -> City_6 -> City_35 -> City_17
50,576.8116062202033,570.7360350960869,City_17 -> City_35 -> City_6 -> City_22 -> City_4 -> City_37 -> City_34 -> City_46 -> City_23 -> City_33 -> City_9 -> City_24 -> City_12 -> City_43 -> City_31 -> City_10 -> City_49 -> City_20 -> City_48 -> City_47 -> City_2 -> City_44 -> City_38 -> City_5 -> City_13 -> City_1 -> City_28 -> City_27 -> City_18 -> City_26 -> City_41 -> City_45 -> City_32 -> City_7 -> City_36 -> City_39 -> City_15 -> City_11 -> City_16 -> City_25 -> City_40 -> City_42 -> City_19 -> City_8 -> City_3 -> City_29 -> City_50 -> City_30 -> City_21 -> City_14
55,590.4694002595553,570.7360350960869,City_50 -> City_29 -> City_3 -> City_8 -> City_19 -> City_42 -> City_40 -> City_25 -> City_16 -> City_11 -> City_15 -> City_39 -> City_36 -> City_7 -> City_32 -> City_45 -> City_48 -> City_47 -> City_2 -> City_44 -> City_38 -> City_5 -> City_13 -> City_1 -> City_28 -> City_27 -> City_18 -> City_26 -> City_41 -> City_20 -> City_49 -> City_10 -> City_31 -> City_43 -> City_12 -> City_9 -> City_24 -> City_14 -> City_33 -> City_23 -> City_46 -> City_34 -> City_4 -> City_22 -> City_17 -> City_35 -> City_6 -> City_37 -> City_21 -> City_30
60,572.9753301957571,570.7360350960869,City_37 -> City_4 -> City_22 -> City_17 -> City_35 -> City_6 -> City_34 -> City_46 -> City_23 -> City_33 -> City_9 -> City_24 -> City_12 -> City_43 -> City_31 -> City_10 -> City_49 -> City_20 -> City_48 -> City_47 -> City_2 -> City_44 -> City_38 -> City_5 -> City_13 -> City_1 -> City_28 -> City_27 -> City_18 -> City_26 -> City_41 -> City_45 -> City_32 -> City_7 -> City_36 -> City_39 -> City_15 -> City_11 -> City_16 -> City_25 -> City_40 -> City_42 -> City_19 -> City_8 -> City_3 -> City_29 -> City_50 -> City_30 -> City_21 -> City_14
65,575.6820463379572,570.7360350960869,City_40 -> City_42 -> City_19 -> City_8 -> City_3 -> City_29 -> City_50 -> City_30 -> City_21 -> City_14 -> City_33 -> City_9 -> City_24 -> City_12 -> City_43 -> City_31 -> City_10 -> City_49 -> City_20 -> City_48 -> City_47 -> City_2 -> City_44 -> City_38 -> City_5 -> City_13 -> City_23 -> City_46 -> City_34 -> City_4 -> City_22 -> City_17 -> City_35 -> City_6 -> City_37 -> City_1 -> City_28 -> City_27 -> City_18 -> City_26 -> City_41 -> City_45 -> City_32 -> City_7 -> City_36 -> City_39 -> City_15 -> City_11 -> City_16 -> City_25
70,572.9753301957572,570.7360350960869,City_34 -> City_46 -> City_23 -> City_33 -> City_9 -> City_24 -> City_12 -> City_43 -> City_31 -> City_10 -> City_49 -> City_20 -> City_48 -> City_47 -> City_2 -> City_44 -> City_38 -> City_5 -> City_13 -> City_1 -> City_28 -> City_27 -> City_18 -> City_26 -> City_41 -> City_45 -> City_32 -> City_7 -> City_36 -> City_39 -> City_15 -> City_11 -> City_16 -> City_25 -> City_40 -> City_42 -> City_19 -> City_8 -> City_3 -> City_29 -> City_50 -> City_30 -> City_21 -> City_14 -> City_37 -> City_4 -> City_22 -> City_17 -> City_35 -> City_6
75,572.9753301957571,570.7360350960869,City_37 -> City_4 -> City_22 -> City_17 -> City_35 -> City_6 -> City_34 -> City_46 -> City_23 -> City_33 -> City_9 -> City_24 -> City_12 -> City_43 -> City_31 -> City_10 -> City_49 -> City_20 -> City_48 -> City_47 -> City_2 -> City_44 -> City_38 -> City_5 -> City_13 -> City_1 -> City_28 -> City_27 -> City_18 -> City_26 -> City_41 -> City_45 -> City_32 -> City_7 -> City_36 -> City_39 -> City_15 -> City_11 -> City_16 -> City_25 -> City_40 -> City_42 -> City_19 -> City_8 -> City_3 -> City_29 -> City_50 -> City_30 -> City_21 -> City_14
80,590.8785576286765,570.7360350960869,City_21 -> City_14 -> City_33 -> City_9 -> City_24 -> City_12 -> City_43 -> City_31 -> City_10 -> City_49 -> City_20 -> City_48 -> City_47 -> City_2 -> City_44 -> City_38 -> City_5 -> City_13 -> City_1 -> City_28 -> City_27 -> City_18 -> City_26 -> City_41 -> City_45 -> City_32 -> City_7 -> City_36 -> City_39 -> City_15 -> City_11 -> City_16 -> City_25 -> City_40 -> City_19 -> City_42 -> City_8 -> City_3 -> City_29 -> City_50 -> City_30 -> City_23 -> City_46 -> City_34 -> City_4 -> City_22 -> City_17 -> City_35 -> City_6 -> City_37
85,572.9753301957571,570.7360350960869,City_37 -> City_4 -> City_22 -> City_17 -> City_35 -> City_6 -> City_34 -> City_46 -> City_23 -> City_33 -> City_9 -> City_24 -> City_12 -> City_43 -> City_31 -> City_10 -> City_49 -> City_20 -> City_48 -> City_47 -> City_2 -> City_44 -> City_38 -> City_5 -> City_13 -> City_1 -> City_28 -> City_27 -> City_18 -> City_26 -> City_41 -> City_45 -> City_32 -> City_7 -> City_36 -> City_39 -> City_15 -> City_11 -> City_16 -> City_25 -> City_40 -> City_42 -> City_19 -> City_8 -> City_3 -> City_29 -> City_50 -> City_30 -> City_21 -> City_14
90,582.5284610690546,570.7360350960869,City_9 -> City_24 -> City_12 -> City_43 -> City_31 -> City_10 -> City_49 -> City_20 -> City_48 -> City_47 -> City_2 -> City_44 -> City_38 -> City_5 -> City_13 -> City_1 -> City_28 -> City_27 -> City_18 -> City_26 -> City_41 -> City_45 -> City_32 -> City_7 -> City_36 -> City_39 -> City_15 -> City_11 -> City_16 -> City_25 -> City_40 -> City_42 -> City_19 -> City_8 -> City_3 -> City_29 -> City_50 -> City_30 -> City_21 -> City_14 -> City_33 -> City_23 -> City_46 -> City_34 -> City_4 -> City_22 -> City_17 -> City_35 -> City_6 -> City_37
95,576.2506435833569,570.7360350960869,City_4 -> City_22 -> City_17 -> City_35 -> City_6 -> City_37 -> City_34 -> City_46 -> City_23 -> City_33 -> City_9 -> City_24 -> City_12 -> City_43 -> City_31 -> City_10 -> City_49 -> City_20 -> City_48 -> City_47 -> City_2 -> City_44 -> City_38 -> City_5 -> City_13 -> City_1 -> City_28 -> City_27 -> City_18 -> City_26 -> City_41 -> City_45 -> City_32 -> City_7 -> City_36 -> City_39 -> City_15 -> City_11 -> City_16 -> City_25 -> City_40 -> City_42 -> City_19 -> City_8 -> City_3 -> City_29 -> City_50 -> City_30 -> City_21 -> City_14
100,572.9753301957572,570.7360350960869,City_34 -> City_46 -> City_23 -> City_33 -> City_9 -> City_24 -> City_12 -> City_43 -> City_31 -> City_10 -> City_49 -> City_20 -> City_48 -> City_47 -> City_2 -> City_44 -> City_38 -> City_5 -> City_13 -> City_1 -> City_28 -> City_27 -> City_18 -> City_26 -> City_41 -> City_45 -> City_32 -> City_7 -> City_36 -> City_39 -> City_15 -> City_11 -> City_16 -> City_25 -> City_40 -> City_42 -> City_19 -> City_8 -> City_3 -> City_29 -> City_50 -> City_30 -> City_21 -> City_14 -> City_37 -> City_4 -> City_22 -> City_17 -> City_35 -> City_6
105,572.9753301957571,570.7360350960869,City_37 -> City_4 -> City_22 -> City_17 -> City_35 -> City_6 -> City_34 -> City_46 -> City_23 -> City_33 -> City_9 -> City_24 -> City_12 -> City_43 -> City_31 -> City_10 -> City_49 -> City_20 -> City_48 -> City_47 -> City_2 -> City_44 -> City_38 -> City_5 -> City_13 -> City_1 -> City_28 -> City_27 -> City_18 -> City_26 -> City_41 -> City_45 -> City_32 -> City_7 -> City_36 -> City_39 -> City_15 -> City_11 -> City_16 -> City_25 -> City_40 -> City_42 -> City_19 -> City_8 -> City_3 -> City_29 -> City_50 -> City_30 -> City_21 -> City_14
110,600.3775218827822,570.7360350960869,City_37 -> City_4 -> City_22 -> City_17 -> City_35 -> City_6 -> City_34 -> City_46 -> City_23 -> City_33 -> City_9 -> City_24 -> City_14 -> City_21 -> City_30 -> City_29 -> City_50 -> City_8 -> City_3 -> City_19 -> City_42 -> City_40 -> City_25 -> City_16 -> City_11 -> City_15 -> City_39 -> City_36 -> City_7 -> City_32 -> City_45 -> City_48 -> City_47 -> City_2 -> City_44 -> City_38 -> City_5 -> City_13 -> City_1 -> City_28 -> City_27 -> City_18 -> City_26 -> City_41 -> City_20 -> City_49 -> City_10 -> City_31 -> City_43 -> City_12
115,581.0557549466052,570.7360350960869,City_14 -> City_33 -> City_9 -> City_24 -> City_12 -> City_43 -> City_31 -> City_10 -> City_49 -> City_20 -> City_48 -> City_47 -> City_2 -> City_44 -> City_38 -> City_5 -> City_13 -> City_1 -> City_28 -> City_27 -> City_18 -> City_26 -> City_41 -> City_45 -> City_32 -> City_7 -> City_36 -> City_39 -> City_15 -> City_11 -> City_16 -> City_25 -> City_40 -> City_42 -> City_19 -> City_8 -> City_3 -> City_29 -> City_50 -> City_30 -> City_21 -> City_23 -> City_46 -> City_34 -> City_4 -> City_22 -> City_17 -> City_35 -> City_6 -> City_37
120,584.5807459172761,570.7360350960869,City_12 -> City_43 -> City_31 -> City_10 -> City_49 -> City_20 -> City_48 -> City_47 -> City_2 -> City_44 -> City_38 -> City_5 -> City_13 -> City_1 -> City_28 -> City_27 -> City_18 -> City_26 -> City_41 -> City_45 -> City_32 -> City_7 -> City_36 -> City_39 -> City_15 -> City_11 -> City_16 -> City_25 -> City_40 -> City_42 -> City_19 -> City_8 -> City_3 -> City_29 -> City_50 -> City_30 -> City_21 -> City_14 -> City_33 -> City_9 -> City_24 -> City_23 -> City_46 -> City_34 -> City_4 -> City_22 -> City_17 -> City_35 -> City_6 -> City_37
125,584.5807459172761,570.7360350960869,City_12 -> City_43 -> City_31 -> City_10 -> City_49 -> City_20 -> City_48 -> City_47 -> City_2 -> City_44 -> City_38 -> City_5 -> City_13 -> City_1 -> City_28 -> City_27 -> City_18 -> City_26 -> City_41 -> City_45 -> City_32 -> City_7 -> City_36 -> City_39 -> City_15 -> City_11 -> City_16 -> City_25 -> City_40 -> City_42 -> City_19 -> City_8 -> City_3 -> City_29 -> City_50 -> City_30 -> City_21 -> City_14 -> City_33 -> City_9 -> City_24 -> City_23 -> City_46 -> City_34 -> City_4 -> City_22 -> City_17 -> City_35 -> City_6 -> City_37
130,574.9376294570325,570.7360350960869,City_6 -> City_35 -> City_17 -> City_22 -> City_4 -> City_34 -> City_46 -> City_23 -> City_33 -> City_9 -> City_24 -> City_12 -> City_43 -> City_31 -> City_10 -> City_49 -> City_20 -> City_48 -> City_47 -> City_2 -> City_44 -> City_38 -> City_5 -> City_13 -> City_1 -> City_28 -> City_27 -> City_18 -> City_26 -> City_41 -> City_45 -> City_32 -> City_7 -> City_36 -> City_39 -> City_15 -> City_11 -> City_16 -> City_25 -> City_40 -> City_19 -> City_42 -> City_8 -> City_3 -> City_29 -> City_50 -> City_30 -> City_21 -> City_14 -> City_37
135,572.9753301957572,570.7360350960869,City_34 -> City_46 -> City_23 -> City_33 -> City_9 -> City_24 -> City_12 -> City_43 -> City_31 -> City_10 -> City_49 -> City_20 -> City_48 -> City_47 -> City_2 -> City_44 -> City_38 -> City_5 -> City_13 -> City_1 -> City_28 -> City_27 -> City_18 -> City_26 -> City_41 -> City_45 -> City_32 -> City_7 -> City_36 -> City_39 -> City_15 -> City_11 -> City_16 -> City_25 -> City_40 -> City_42 -> City_19 -> City_8 -> City_3 -> City_29 -> City_50 -> City_30 -> City_21 -> City_14 -> City_37 -> City_4 -> City_22 -> City_17 -> City_35 -> City_6
140,582.984405801281,570.7360350960869,City_6 -> City_35 -> City_17 -> City_22 -> City_4 -> City_37 -> City_34 -> City_46 -> City_23 -> City_33 -> City_9 -> City_24 -> City_12 -> City_43 -> City_31 -> City_10 -> City_49 -> City_20 -> City_48 -> City_47 -> City_2 -> City_44 -> City_38 -> City_5 -> City_13 -> City_1 -> City_28 -> City_27 -> City_18 -> City_26 -> City_41 -> City_45 -> City_32 -> City_7 -> City_36 -> City_39 -> City_15 -> City_11 -> City_16 -> City_25 -> City_40 -> City_19 -> City_42 -> City_8 -> City_3 -> City_29 -> City_50 -> City_30 -> City_21 -> City_14
145,581.0557549466055,570.7360350960869,City_23 -> City_46 -> City_34 -> City_4 -> City_22 -> City_17 -> City_35 -> City_6 -> City_37 -> City_14 -> City_33 -> City_9 -> City_24 -> City_12 -> City_43 -> City_31 -> City_10 -> City_49 -> City_20 -> City_48 -> City_47 -> City_2 -> City_44 -> City_38 -> City_5 -> City_13 -> City_1 -> City_28 -> City_27 -> City_18 -> City_26 -> City_41 -> City_45 -> City_32 -> City_7 -> City_36 -> City_39 -> City_15 -> City_11 -> City_16 -> City_25 -> City_40 -> City_42 -> City_19 -> City_8 -> City_3 -> City_29 -> City_50 -> City_30 -> City_21
150,572.9753301957571,570.7360350960869,City_37 -> City_4 -> City_22 -> City_17 -> City_35 -> City_6 -> City_34 -> City_46 -> City_23 -> City_33 -> City_9 -> City_24 -> City_12 -> City_43 -> City_31 -> City_10 -> City_49 -> City_20 -> City_48 -> City_47 -> City_2 -> City_44 -> City_38 -> City_5 -> City_13 -> City_1 -> City_28 -> City_27 -> City_18 -> City_26 -> City_41 -> City_45 -> City_32 -> City_7 -> City_36 -> City_39 -> City_15 -> City_11 -> City_16 -> City_25 -> City_40 -> City_42 -> City_19 -> City_8 -> City_3 -> City_29 -> City_50 -> City_30 -> City_21 -> City_14
155,579.464140637911,570.7360350960869,City_22 -> City_4 -> City_37 -> City_34 -> City_46 -> City_23 -> City_33 -> City_9 -> City_24 -> City_12 -> City_43 -> City_31 -> City_10 -> City_49 -> City_20 -> City_48 -> City_47 -> City_2 -> City_44 -> City_38 -> City_5 -> City_13 -> City_1 -> City_28 -> City_27 -> City_18 -> City_26 -> City_41 -> City_45 -> City_32 -> City_7 -> City_36 -> City_39 -> City_15 -> City_11 -> City_16 -> City_25 -> City_40 -> City_42 -> City_19 -> City_8 -> City_3 -> City_29 -> City_50 -> City_30 -> City_21 -> City_14 -> City_35 -> City_17 -> City_6
160,579.0613572921932,570.7360350960869,City_6 -> City_35 -> City_17 -> City_22 -> City_4 -> City_37 -> City_34 -> City_46 -> City_23 -> City_33 -> City_9 -> City_24 -> City_12 -> City_43 -> City_31 -> City_10 -> City_49 -> City_20 -> City_48 -> City_47 -> City_2 -> City_44 -> City_38 -> City_5 -> City_13 -> City_1 -> City_28 -> City_27 -> City_18 -> City_26 -> City_41 -> City_45 -> City_32 -> City_7 -> City_36 -> City_39 -> City_15 -> City_11 -> City_16 -> City_25 -> City_40 -> City_42 -> City_19 -> City_8 -> City_3 -> City_29 -> City_50 -> City_30 -> City_21 -> City_14
165,576.2506435833569,570.7360350960869,City_4 -> City_22 -> City_17 -> City_35 -> City_6 -> City_37 -> City_34 -> City_46 -> City_23 -> City_33 -> City_9 -> City_24 -> City_12 -> City_43 -> City_31 -> City_10 -> City_49 -> City_20 -> City_48 -> City_47 -> City_2 -> City_44 -> City_38 -> City_5 -> City_13 -> City_1 -> City_28 -> City_27 -> City_18 -> City_26 -> City_41 -> City_45 -> City_32 -> City_7 -> City_36 -> City_39 -> City_15 -> City_11 -> City_16 -> City_25 -> City_40 -> City_42 -> City_19 -> City_8 -> City_3 -> City_29 -> City_50 -> City_30 -> City_21 -> City_14
170,586.9555091195887,570.7360350960869,City_21 -> City_14 -> City_33 -> City_9 -> City_24 -> City_12 -> City_43 -> City_31 -> City_10 -> City_49 -> City_20 -> City_48 -> City_47 -> City_2 -> City_44 -> City_38 -> City_5 -> City_13 -> City_1 -> City_28 -> City_27 -> City_18 -> City_26 -> City_41 -> City_45 -> City_32 -> City_7 -> City_36 -> City_39 -> City_15 -> City_11 -> City_16 -> City_25 -> City_40 -> City_42 -> City_19 -> City_8 -> City_3 -> City_29 -> City_50 -> City_30 -> City_23 -> City_46 -> City_34 -> City_4 -> City_22 -> City_17 -> City_35 -> City_6 -> City_37
175,572.9753301957572,570.7360350960869,City_33 -> City_9 -> City_24 -> City_12 -> City_43 -> City_31 -> City_10 -> City_49 -> City_20 -> City_48 -> City_47 -> City_2 -> City_44 -> City_38 -> City_5 -> City_13 -> City_1 -> City_28 -> City_27 -> City_18 -> City_26 -> City_41 -> City_45 -> City_32 -> City_7 -> City_36 -> City_39 -> City_15 -> City_11 -> City_16 -> City_25 -> City_40 -> City_42 -> City_19 -> City_8 -> City_3 -> City_29 -> City_50 -> City_30 -> City_21 -> City_14 -> City_37 -> City_4 -> City_22 -> City_17 -> City_35 -> City_6 -> City_34 -> City_46 -> City_23
180,579.0613572921932,570.7360350960869,City_22 -> City_4 -> City_37 -> City_34 -> City_46 -> City_23 -> City_33 -> City_9 -> City_24 -> City_12 -> City_43 -> City_31 -> City_10 -> City_49 -> City_20 -> City_48 -> City_47 -> City_2 -> City_44 -> City_38 -> City_5 -> City_13 -> City_1 -> City_28 -> City_27 -> City_18 -> City_26 -> City_41 -> City_45 -> City_32 -> City_7 -> City_36 -> City_39 -> City_15 -> City_11 -> City_16 -> City_25 -> City_40 -> City_42 -> City_19 -> City_8 -> City_3 -> City_29 -> City_50 -> City_30 -> City_21 -> City_14 -> City_6 -> City_35 -> City_17
185,571.4003260939146,570.7360350960869,City_46 -> City_34 -> City_4 -> City_22 -> City_17 -> City_35 -> City_6 -> City_37 -> City_23 -> City_33 -> City_9 -> City_24 -> City_12 -> City_43 -> City_31 -> City_10 -> City_49 -> City_20 -> City_48 -> City_47 -> City_2 -> City_44 -> City_38 -> City_5 -> City_13 -> City_1 -> City_28 -> City_27 -> City_18 -> City_26 -> City_41 -> City_45 -> City_32 -> City_7 -> City_36 -> City_39 -> City_15 -> City_11 -> City_16 -> City_25 -> City_40 -> City_42 -> City_19 -> City_8 -> City_3 -> City_29 -> City_50 -> City_30 -> City_21 -> City_14
190,572.9753301957571,570.7360350960869,City_37 -> City_4 -> City_22 -> City_17 -> City_35 -> City_6 -> City_34 -> City_46 -> City_23 -> City_33 -> City_9 -> City_24 -> City_12 -> City_43 -> City_31 -> City_10 -> City_49 -> City_20 -> City_48 -> City_47 -> City_2 -> City_44 -> City_38 -> City_5 -> City_13 -> City_1 -> City_28 -> City_27 -> City_18 -> City_26 -> City_41 -> City_45 -> City_32 -> City_7 -> City_36 -> City_39 -> City_15 -> City_11 -> City_16 -> City_25 -> City_40 -> City_42 -> City_19 -> City_8 -> City_3 -> City_29 -> City_50 -> City_30 -> City_21 -> City_14
195,571.4003260939146,570.7360350960869,City_23 -> City_33 -> City_9 -> City_24 -> City_12 -> City_43 -> City_31 -> City_10 -> City_49 -> City_20 -> City_48 -> City_47 -> City_2 -> City_44 -> City_38 -> City_5 -> City_13 -> City_1 -> City_28 -> City_27 -> City_18 -> City_26 -> City_41 -> City_45 -> City_32 -> City_7 -> City_36 -> City_39 -> City_15 -> City_11 -> City_16 -> City_25 -> City_40 -> City_42 -> City_19 -> City_8 -> City_3 -> City_29 -> City_50 -> City_30 -> City_21 -> City_14 -> City_46 -> City_34 -> City_4 -> City_22 -> City_17 -> City_35 -> City_6 -> City_37
200,577.7171988621177,570.7360350960869,City_33 -> City_9 -> City_24 -> City_12 -> City_43 -> City_31 -> City_10 -> City_49 -> City_20 -> City_48 -> City_47 -> City_2 -> City_44 -> City_38 -> City_5 -> City_13 -> City_1 -> City_28 -> City_27 -> City_18 -> City_26 -> City_41 -> City_45 -> City_32 -> City_7 -> City_36 -> City_39 -> City_15 -> City_11 -> City_16 -> City_25 -> City_40 -> City_42 -> City_19 -> City_8 -> City_3 -> City_29 -> City_50 -> City_30 -> City_21 -> City_14 -> City_23 -> City_46 -> City_34 -> City_4 -> City_22 -> City_17 -> City_35 -> City_6 -> City_37
205,576.8116062202033,570.7360350960869,City_17 -> City_35 -> City_6 -> City_22 -> City_4 -> City_37 -> City_34 -> City_46 -> City_23 -> City_33 -> City_9 -> City_24 -> City_12 -> City_43 -> City_31 -> City_10 -> City_49 -> City_20 -> City_48 -> City_47 -> City_2 -> City_44 -> City_38 -> City_5 -> City_13 -> City_1 -> City_28 -> City_27 -> City_18 -> City_26 -> City_41 -> City_45 -> City_32 -> City_7 -> City_36 -> City_39 -> City_15 -> City_11 -> City_16 -> City_25 -> City_40 -> City_42 -> City_19 -> City_8 -> City_3 -> City_29 -> City_50 -> City_30 -> City_21 -> City_14
210,579.0613572921932,570.0568019588578,City_6 -> City_35 -> City_17 -> City_22 -> City_4 -> City_37 -> City_34 -> City_46 -> City_23 -> City_33 -> City_9 -> City_24 -> City_12 -> City_43 -> City_31 -> City_10 -> City_49 -> City_20 -> City_48 -> City_47 -> City_2 -> City_44 -> City_38 -> City_5 -> City_13 -> City_1 -> City_28 -> City_27 -> City_18 -> City_26 -> City_41 -> City_45 -> City_32 -> City_7 -> City_36 -> City_39 -> City_15 -> City_11 -> City_16 -> City_25 -> City_40 -> City_42 -> City_19 -> City_8 -> City_3 -> City_29 -> City_50 -> City_30 -> City_21 -> City_14
215,571.0145809479446,570.0568019588578,City_6 -> City_35 -> City_17 -> City_22 -> City_4 -> City_34 -> City_46 -> City_23 -> City_33 -> City_9 -> City_24 -> City_12 -> City_43 -> City_31 -> City_10 -> City_49 -> City_20 -> City_48 -> City_47 -> City_2 -> City_44 -> City_38 -> City_5 -> City_13 -> City_1 -> City_28 -> City_27 -> City_18 -> City_26 -> City_41 -> City_45 -> City_32 -> City_7 -> City_36 -> City_39 -> City_15 -> City_11 -> City_16 -> City_25 -> City_40 -> City_42 -> City_19 -> City_8 -> City_3 -> City_29 -> City_50 -> City_30 -> City_21 -> City_14 -> City_37
220,571.4003260939146,570.0568019588578,City_33 -> City_9 -> City_24 -> City_12 -> City_43 -> City_31 -> City_10 -> City_49 -> City_20 -> City_48 -> City_47 -> City_2 -> City_44 -> City_38 -> City_5 -> City_13 -> City_1 -> City_28 -> City_27 -> City_18 -> City_26 -> City_41 -> City_45 -> City_32 -> City_7 -> City_36 -> City_39 -> City_15 -> City_11 -> City_16 -> City_25 -> City_40 -> City_42 -> City_19 -> City_8 -> City_3 -> City_29 -> City_50 -> City_30 -> City_21 -> City_14 -> City_46 -> City_34 -> City_4 -> City_22 -> City_17 -> City_35 -> City_6 -> City_37 -> City_23
225,572.9753301957571,570.0568019588578,City_37 -> City_4 -> City_22 -> City_17 -> City_35 -> City_6 -> City_34 -> City_46 -> City_23 -> City_33 -> City_9 -> City_24 -> City_12 -> City_43 -> City_31 -> City_10 -> City_49 -> City_20 -> City_48 -> City_47 -> City_2 -> City_44 -> City_38 -> City_5 -> City_13 -> City_1 -> City_28 -> City_27 -> City_18 -> City_26 -> City_41 -> City_45 -> City_32 -> City_7 -> City_36 -> City_39 -> City_15 -> City_11 -> City_16 -> City_25 -> City_40 -> City_42 -> City_19 -> City_8 -> City_3 -> City_29 -> City_50 -> City_30 -> City_21 -> City_14
230,579.0613572921932,570.0568019588578,City_6 -> City_35 -> City_17 -> City_22 -> City_4 -> City_37 -> City_34 -> City_46 -> City_23 -> City_33 -> City_9 -> City_24 -> City_12 -> City_43 -> City_31 -> City_10 -> City_49 -> City_20 -> City_48 -> City_47 -> City_2 -> City_44 -> City_38 -> City_5 -> City_13 -> City_1 -> City_28 -> City_27 -> City_18 -> City_26 -> City_41 -> City_45 -> City_32 -> City_7 -> City_36 -> City_39 -> City_15 -> City_11 -> City_16 -> City_25 -> City_40 -> City_42 -> City_19 -> City_8 -> City_3 -> City_29 -> City_50 -> City_30 -> City_21 -> City_14
235,576.2506435833569,570.0568019588578,City_4 -> City_22 -> City_17 -> City_35 -> City_6 -> City_37 -> City_34 -> City_46 -> City_23 -> City_33 -> City_9 -> City_24 -> City_12 -> City_43 -> City_31 -> City_10 -> City_49 -> City_20 -> City_48 -> City_47 -> City_2 -> City_44 -> City_38 -> City_5 -> City_13 -> City_1 -> City_28 -> City_27 -> City_18 -> City_26 -> City_41 -> City_45 -> City_32 -> City_7 -> City_36 -> City_39 -> City_15 -> City_11 -> City_16 -> City_25 -> City_40 -> City_42 -> City_19 -> City_8 -> City_3 -> City_29 -> City_50 -> City_30 -> City_21 -> City_14
240,572.9753301957571,570.0568019588578,City_37 -> City_4 -> City_22 -> City_17 -> City_35 -> City_6 -> City_34 -> City_46 -> City_23 -> City_33 -> City_9 -> City_24 -> City_12 -> City_43 -> City_31 -> City_10 -> City_49 -> City_20 -> City_48 -> City_47 -> City_2 -> City_44 -> City_38 -> City_5 -> City_13 -> City_1 -> City_28 -> City_27 -> City_18 -> City_26 -> City_41 -> City_45 -> City_32 -> City_7 -> City_36 -> City_39 -> City_15 -> City_11 -> City_16 -> City_25 -> City_40 -> City_42 -> City_19 -> City_8 -> City_3 -> City_29 -> City_50 -> City_30 -> City_21 -> City_14
245,576.2506435833569,570.0568019588578,City_4 -> City_22 -> City_17 -> City_35 -> City_6 -> City_37 -> City_34 -> City_46 -> City_23 -> City_33 -> City_9 -> City_24 -> City_12 -> City_43 -> City_31 -> City_10 -> City_49 -> City_20 -> City_48 -> City_47 -> City_2 -> City_44 -> City_38 -> City_5 -> City_13 -> City_1 -> City_28 -> City_27 -> City_18 -> City_26 -> City_41 -> City_45 -> City_32 -> City_7 -> City_36 -> City_39 -> City_15 -> City_11 -> City_16 -> City_25 -> City_40 -> City_42 -> City_19 -> City_8 -> City_3 -> City_29 -> City_50 -> City_30 -> City_21 -> City_14
250,572.9753301957572,570.0568019588578,City_34 -> City_46 -> City_23 -> City_33 -> City_9 -> City_24 -> City_12 -> City_43 -> City_31 -> City_10 -> City_49 -> City_20 -> City_48 -> City_47 -> City_2 -> City_44 -> City_38 -> City_5 -> City_13 -> City_1 -> City_28 -> City_27 -> City_18 -> City_26 -> City_41 -> City_45 -> City_32 -> City_7 -> City_36 -> City_39 -> City_15 -> City_11 -> City_16 -> City_25 -> City_40 -> City_42 -> City_19 -> City_8 -> City_3 -> City_29 -> City_50 -> City_30 -> City_21 -> City_14 -> City_37 -> City_4 -> City_22 -> City_17 -> City_35 -> City_6
255,596.5064011293709,570.0568019588578,City_1 -> City_13 -> City_5 -> City_38 -> City_44 -> City_2 -> City_47 -> City_48 -> City_45 -> City_32 -> City_7 -> City_36 -> City_39 -> City_15 -> City_11 -> City_16 -> City_25 -> City_40 -> City_42 -> City_19 -> City_8 -> City_3 -> City_29 -> City_50 -> City_30 -> City_21 -> City_14 -> City_33 -> City_9 -> City_24 -> City_23 -> City_46 -> City_34 -> City_4 -> City_22 -> City_17 -> City_35 -> City_6 -> City_37 -> City_12 -> City_43 -> City_31 -> City_10 -> City_49 -> City_20 -> City_41 -> City_26 -> City_18 -> City_27 -> City_28
260,603.5463276924421,570.0568019588578,City_17 -> City_22 -> City_4 -> City_37 -> City_6 -> City_35 -> City_14 -> City_33 -> City_9 -> City_24 -> City_12 -> City_43 -> City_31 -> City_10 -> City_49 -> City_20 -> City_48 -> City_47 -> City_2 -> City_44 -> City_38 -> City_5 -> City_13 -> City_1 -> City_28 -> City_27 -> City_18 -> City_26 -> City_41 -> City_45 -> City_32 -> City_7 -> City_36 -> City_39 -> City_15 -> City_11 -> City_16 -> City_25 -> City_40 -> City_42 -> City_19 -> City_8 -> City_3 -> City_29 -> City_50 -> City_30 -> City_21 -> City_23 -> City_46 -> City_34
265,571.0145809479446,570.0568019588578,City_22 -> City_4 -> City_34 -> City_46 -> City_23 -> City_33 -> City_9 -> City_24 -> City_12 -> City_43 -> City_31 -> City_10 -> City_49 -> City_20 -> City_48 -> City_47 -> City_2 -> City_44 -> City_38 -> City_5 -> City_13 -> City_1 -> City_28 -> City_27 -> City_18 -> City_26 -> City_41 -> City_45 -> City_32 -> City_7 -> City_36 -> City_39 -> City_15 -> City_11 -> City_16 -> City_25 -> City_40 -> City_42 -> City_19 -> City_8 -> City_3 -> City_29 -> City_50 -> City_30 -> City_21 -> City_14 -> City_37 -> City_6 -> City_35 -> City_17
270,571.4003260939146,570.0568019588578,City_46 -> City_34 -> City_4 -> City_22 -> City_17 -> City_35 -> City_6 -> City_37 -> City_23 -> City_33 -> City_9 -> City_24 -> City_12 -> City_43 -> City_31 -> City_10 -> City_49 -> City_20 -> City_48 -> City_47 -> City_2 -> City_44 -> City_38 -> City_5 -> City_13 -> City_1 -> City_28 -> City_27 -> City_18 -> City_26 -> City_41 -> City_45 -> City_32 -> City_7 -> City_36 -> City_39 -> City_15 -> City_11 -> City_16 -> City_25 -> City_40 -> City_42 -> City_19 -> City_8 -> City_3 -> City_29 -> City_50 -> City_30 -> City_21 -> City_14
275,576.2506435833569,570.0568019588578,City_4 -> City_22 -> City_17 -> City_35 -> City_6 -> City_37 -> City_34 -> City_46 -> City_23 -> City_33 -> City_9 -> City_24 -> City_12 -> City_43 -> City_31 -> City_10 -> City_49 -> City_20 -> City_48 -> City_47 -> City_2 -> City_44 -> City_38 -> City_5 -> City_13 -> City_1 -> City_28 -> City_27 -> City_18 -> City_26 -> City_41 -> City_45 -> City_32 -> City_7 -> City_36 -> City_39 -> City_15 -> City_11 -> City_16 -> City_25 -> City_40 -> City_42 -> City_19 -> City_8 -> City_3 -> City_29 -> City_50 -> City_30 -> City_21 -> City_14
280,572.9753301957572,570.0568019588578,City_34 -> City_46 -> City_23 -> City_33 -> City_9 -> City_24 -> City_12 -> City_43 -> City_31 -> City_10 -> City_49 -> City_20 -> City_48 -> City_47 -> City_2 -> City_44 -> City_38 -> City_5 -> City_13 -> City_1 -> City_28 -> City_27 -> City_18 -> City_26 -> City_41 -> City_45 -> City_32 -> City_7 -> City_36 -> City_39 -> City_15 -> City_11 -> City_16 -> City_25 -> City_40 -> City_42 -> City_19 -> City_8 -> City_3 -> City_29 -> City_50 -> City_30 -> City_21 -> City_14 -> City_37 -> City_4 -> City_22 -> City_17 -> City_35 -> City_6
285,575.3233746030025,570.0568019588578,City_23 -> City_33 -> City_9 -> City_24 -> City_12 -> City_43 -> City_31 -> City_10 -> City_49 -> City_20 -> City_48 -> City_47 -> City_2 -> City_44 -> City_38 -> City_5 -> City_13 -> City_1 -> City_28 -> City_27 -> City_18 -> City_26 -> City_41 -> City_45 -> City_32 -> City_7 -> City_36 -> City_39 -> City_15 -> City_11 -> City_16 -> City_25 -> City_40 -> City_19 -> City_42 -> City_8 -> City_3 -> City_29 -> City_50 -> City_30 -> City_21 -> City_14 -> City_46 -> City_34 -> City_4 -> City_22 -> City_17 -> City_35 -> City_6 -> City_37
290,571.0145809479446,570.0568019588578,City_35 -> City_17 -> City_22 -> City_4 -> City_34 -> City_46 -> City_23 -> City_33 -> City_9 -> City_24 -> City_12 -> City_43 -> City_31 -> City_10 -> City_49 -> City_20 -> City_48 -> City_47 -> City_2 -> City_44 -> City_38 -> City_5 -> City_13 -> City_1 -> City_28 -> City_27 -> City_18 -> City_26 -> City_41 -> City_45 -> City_32 -> City_7 -> City_36 -> City_39 -> City_15 -> City_11 -> City_16 -> City_25 -> City_40 -> City_42 -> City_19 -> City_8 -> City_3 -> City_29 -> City_50 -> City_30 -> City_21 -> City_14 -> City_37 -> City_6
295,607.1583513493898,570.0568019588578,City_9 -> City_24 -> City_33 -> City_14 -> City_21 -> City_30 -> City_29 -> City_50 -> City_8 -> City_3 -> City_19 -> City_42 -> City_40 -> City_25 -> City_16 -> City_11 -> City_15 -> City_39 -> City_36 -> City_7 -> City_32 -> City_45 -> City_41 -> City_47 -> City_2 -> City_44 -> City_38 -> City_5 -> City_13 -> City_1 -> City_28 -> City_27 -> City_18 -> City_26 -> City_48 -> City_20 -> City_49 -> City_10 -> City_31 -> City_43 -> City_12 -> City_37 -> City_4 -> City_22 -> City_6 -> City_35 -> City_17 -> City_34 -> City_46 -> City_23
300,573.7131915673034,570.0568019588578,City_23 -> City_33 -> City_9 -> City_24 -> City_12 -> City_43 -> City_31 -> City_10 -> City_49 -> City_20 -> City_48 -> City_47 -> City_2 -> City_44 -> City_38 -> City_5 -> City_13 -> City_1 -> City_28 -> City_27 -> City_18 -> City_26 -> City_41 -> City_45 -> City_32 -> City_7 -> City_36 -> City_39 -> City_15 -> City_11 -> City_16 -> City_25 -> City_40 -> City_42 -> City_19 -> City_3 -> City_8 -> City_50 -> City_29 -> City_30 -> City_21 -> City_14 -> City_46 -> City_34 -> City_4 -> City_22 -> City_17 -> City_35 -> City_6 -> City_37
305,579.464140637911,568.8896381398574,City_22 -> City_4 -> City_37 -> City_34 -> City_46 -> City_23 -> City_33 -> City_9 -> City_24 -> City_12 -> City_43 -> City_31 -> City_10 -> City_49 -> City_20 -> City_48 -> City_47 -> City_2 -> City_44 -> City_38 -> City_5 -> City_13 -> City_1 -> City_28 -> City_27 -> City_18 -> City_26 -> City_41 -> City_45 -> City_32 -> City_7 -> City_36 -> City_39 -> City_15 -> City_11 -> City_16 -> City_25 -> City_40 -> City_42 -> City_19 -> City_8 -> City_3 -> City_29 -> City_50 -> City_30 -> City_21 -> City_14 -> City_35 -> City_17 -> City_6
310,572.9753301957571,568.8896381398574,City_37 -> City_4 -> City_22 -> City_17 -> City_35 -> City_6 -> City_34 -> City_46 -> City_23 -> City_33 -> City_9 -> City_24 -> City_12 -> City_43 -> City_31 -> City_10 -> City_49 -> City_20 -> City_48 -> City_47 -> City_2 -> City_44 -> City_38 -> City_5 -> City_13 -> City_1 -> City_28 -> City_27 -> City_18 -> City_26 -> City_41 -> City_45 -> City_32 -> City_7 -> City_36 -> City_39 -> City_15 -> City_11 -> City_16 -> City_25 -> City_40 -> City_42 -> City_19 -> City_8 -> City_3 -> City_29 -> City_50 -> City_30 -> City_21 -> City_14
315,591.0750416477712,568.8896381398574,City_28 -> City_23 -> City_46 -> City_34 -> City_4 -> City_22 -> City_17 -> City_35 -> City_6 -> City_37 -> City_1 -> City_13 -> City_5 -> City_38 -> City_44 -> City_2 -> City_47 -> City_48 -> City_20 -> City_49 -> City_10 -> City_31 -> City_43 -> City_12 -> City_24 -> City_9 -> City_33 -> City_14 -> City_21 -> City_30 -> City_50 -> City_29 -> City_3 -> City_8 -> City_19 -> City_42 -> City_40 -> City_25 -> City_16 -> City_11 -> City_15 -> City_39 -> City_36 -> City_7 -> City_32 -> City_45 -> City_41 -> City_26 -> City_18 -> City_27
320,581.0557549466052,568.8896381398574,City_14 -> City_33 -> City_9 -> City_24 -> City_12 -> City_43 -> City_31 -> City_10 -> City_49 -> City_20 -> City_48 -> City_47 -> City_2 -> City_44 -> City_38 -> City_5 -> City_13 -> City_1 -> City_28 -> City_27 -> City_18 -> City_26 -> City_41 -> City_45 -> City_32 -> City_7 -> City_36 -> City_39 -> City_15 -> City_11 -> City_16 -> City_25 -> City_40 -> City_42 -> City_19 -> City_8 -> City_3 -> City_29 -> City_50 -> City_30 -> City_21 -> City_23 -> City_46 -> City_34 -> City_4 -> City_22 -> City_17 -> City_35 -> City_6 -> City_37
325,572.9753301957572,568.8896381398574,City_33 -> City_9 -> City_24 -> City_12 -> City_43 -> City_31 -> City_10 -> City_49 -> City_20 -> City_48 -> City_47 -> City_2 -> City_44 -> City_38 -> City_5 -> City_13 -> City_1 -> City_28 -> City_27 -> City_18 -> City_26 -> City_41 -> City_45 -> City_32 -> City_7 -> City_36 -> City_39 -> City_15 -> City_11 -> City_16 -> City_25 -> City_40 -> City_42 -> City_19 -> City_8 -> City_3 -> City_29 -> City_50 -> City_30 -> City_21 -> City_14 -> City_37 -> City_4 -> City_22 -> City_17 -> City_35 -> City_6 -> City_34 -> City_46 -> City_23
330,572.9753301957571,568.8896381398574,City_37 -> City_4 -> City_22 -> City_17 -> City_35 -> City_6 -> City_34 -> City_46 -> City_23 -> City_33 -> City_9 -> City_24 -> City_12 -> City_43 -> City_31 -> City_10 -> City_49 -> City_20 -> City_48 -> City_47 -> City_2 -> City_44 -> City_38 -> City_5 -> City_13 -> City_1 -> City_28 -> City_27 -> City_18 -> City_26 -> City_41 -> City_45 -> City_32 -> City_7 -> City_36 -> City_39 -> City_15 -> City_11 -> City_16 -> City_25 -> City_40 -> City_42 -> City_19 -> City_8 -> City_3 -> City_29 -> City_50 -> City_30 -> City_21 -> City_14
335,579.0613572921932,568.8896381398574,City_6 -> City_35 -> City_17 -> City_22 -> City_4 -> City_37 -> City_34 -> City_46 -> City_23 -> City_33 -> City_9 -> City_24 -> City_12 -> City_43 -> City_31 -> City_10 -> City_49 -> City_20 -> City_48 -> City_47 -> City_2 -> City_44 -> City_38 -> City_5 -> City_13 -> City_1 -> City_28 -> City_27 -> City_18 -> City_26 -> City_41 -> City_45 -> City_32 -> City_7 -> City_36 -> City_39 -> City_15 -> City_11 -> City_16 -> City_25 -> City_40 -> City_42 -> City_19 -> City_8 -> City_3 -> City_29 -> City_50 -> City_30 -> City_21 -> City_14
340,572.9753301957571,568.8896381398574,City_37 -> City_4 -> City_22 -> City_17 -> City_35 -> City_6 -> City_34 -> City_46 -> City_23 -> City_33 -> City_9 -> City_24 -> City_12 -> City_43 -> City_31 -> City_10 -> City_49 -> City_20 -> City_48 -> City_47 -> City_2 -> City_44 -> City_38 -> City_5 -> City_13 -> City_1 -> City_28 -> City_27 -> City_18 -> City_26 -> City_41 -> City_45 -> City_32 -> City_7 -> City_36 -> City_39 -> City_15 -> City_11 -> City_16 -> City_25 -> City_40 -> City_42 -> City_19 -> City_8 -> City_3 -> City_29 -> City_50 -> City_30 -> City_21 -> City_14
345,575.6261919770442,568.8896381398574,City_46 -> City_34 -> City_37 -> City_4 -> City_22 -> City_17 -> City_35 -> City_6 -> City_23 -> City_33 -> City_9 -> City_24 -> City_12 -> City_43 -> City_31 -> City_10 -> City_49 -> City_20 -> City_48 -> City_47 -> City_2 -> City_44 -> City_38 -> City_5 -> City_13 -> City_1 -> City_28 -> City_27 -> City_18 -> City_26 -> City_41 -> City_45 -> City_32 -> City_7 -> City_36 -> City_39 -> City_15 -> City_11 -> City_16 -> City_25 -> City_40 -> City_42 -> City_19 -> City_8 -> City_3 -> City_29 -> City_50 -> City_30 -> City_21 -> City_14
350,582.984405801281,568.8896381398574,City_6 -> City_35 -> City_17 -> City_22 -> City_4 -> City_37 -> City_34 -> City_46 -> City_23 -> City_33 -> City_9 -> City_24 -> City_12 -> City_43 -> City_31 -> City_10 -> City_49 -> City_20 -> City_48 -> City_47 -> City_2 -> City_44 -> City_38 -> City_5 -> City_13 -> City_1 -> City_28 -> City_27 -> City_18 -> City_26 -> City_41 -> City_45 -> City_32 -> City_7 -> City_36 -> City_39 -> City_15 -> City_11 -> City_16 -> City_25 -> City_40 -> City_19 -> City_42 -> City_8 -> City_3 -> City_29 -> City_50 -> City_30 -> City_21 -> City_14
355,579.0613572921932,568.8896381398574,City_6 -> City_35 -> City_17 -> City_22 -> City_4 -> City_37 -> City_34 -> City_46 -> City_23 -> City_33 -> City_9 -> City_24 -> City_12 -> City_43 -> City_31 -> City_10 -> City_49 -> City_20 -> City_48 -> City_47 -> City_2 -> City_44 -> City_38 -> City_5 -> City_13 -> City_1 -> City_28 -> City_27 -> City_18 -> City_26 -> City_41 -> City_45 -> City_32 -> City_7 -> City_36 -> City_39 -> City_15 -> City_11 -> City_16 -> City_25 -> City_40 -> City_42 -> City_19 -> City_8 -> City_3 -> City_29 -> City_50 -> City_30 -> City_21 -> City_14
360,571.0145809479448,568.8896381398574,City_14 -> City_21 -> City_30 -> City_50 -> City_29 -> City_3 -> City_8 -> City_19 -> City_42 -> City_40 -> City_25 -> City_16 -> City_11 -> City_15 -> City_39 -> City_36 -> City_7 -> City_32 -> City_45 -> City_41 -> City_26 -> City_18 -> City_27 -> City_28 -> City_1 -> City_13 -> City_5 -> City_38 -> City_44 -> City_2 -> City_47 -> City_48 -> City_20 -> City_49 -> City_10 -> City_31 -> City_43 -> City_12 -> City_24 -> City_9 -> City_33 -> City_23 -> City_46 -> City_34 -> City_4 -> City_22 -> City_17 -> City_35 -> City_6 -> City_37
365,576.2506435833569,568.8896381398574,City_34 -> City_46 -> City_23 -> City_33 -> City_9 -> City_24 -> City_12 -> City_43 -> City_31 -> City_10 -> City_49 -> City_20 -> City_48 -> City_47 -> City_2 -> City_44 -> City_38 -> City_5 -> City_13 -> City_1 -> City_28 -> City_27 -> City_18 -> City_26 -> City_41 -> City_45 -> City_32 -> City_7 -> City_36 -> City_39 -> City_15 -> City_11 -> City_16 -> City_25 -> City_40 -> City_42 -> City_19 -> City_8 -> City_3 -> City_29 -> City_50 -> City_30 -> City_21 -> City_14 -> City_4 -> City_22 -> City_17 -> City_35 -> City_6 -> City_37
370,571.4003260939146,568.8896381398574,City_46 -> City_34 -> City_4 -> City_22 -> City_17 -> City_35 -> City_6 -> City_37 -> City_23 -> City_33 -> City_9 -> City_24 -> City_12 -> City_43 -> City_31 -> City_10 -> City_49 -> City_20 -> City_48 -> City_47 -> City_2 -> City_44 -> City_38 -> City_5 -> City_13 -> City_1 -> City_28 -> City_27 -> City_18 -> City_26 -> City_41 -> City_45 -> City_32 -> City_7 -> City_36 -> City_39 -> City_15 -> City_11 -> City_16 -> City_25 -> City_40 -> City_42 -> City_19 -> City_8 -> City_3 -> City_29 -> City_50 -> City_30 -> City_21 -> City_14
375,571.0145809479446,568.8896381398574,City_35 -> City_17 -> City_22 -> City_4 -> City_34 -> City_46 -> City_23 -> City_33 -> City_9 -> City_24 -> City_12 -> City_43 -> City_31 -> City_10 -> City_49 -> City_20 -> City_48 -> City_47 -> City_2 -> City_44 -> City_38 -> City_5 -> City_13 -> City_1 -> City_28 -> City_27 -> City_18 -> City_26 -> City_41 -> City_45 -> City_32 -> City_7 -> City_36 -> City_39 -> City_15 -> City_11 -> City_16 -> City_25 -> City_40 -> City_42 -> City_19 -> City_8 -> City_3 -> City_29 -> City_50 -> City_30 -> City_21 -> City_14 -> City_37 -> City_6
380,571.4003260939146,568.8896381398574,City_23 -> City_33 -> City_9 -> City_24 -> City_12 -> City_43 -> City_31 -> City_10 -> City_49 -> City_20 -> City_48 -> City_47 -> City_2 -> City_44 -> City_38 -> City_5 -> City_13 -> City_1 -> City_28 -> City_27 -> City_18 -> City_26 -> City_41 -> City_45 -> City_32 -> City_7 -> City_36 -> City_39 -> City_15 -> City_11 -> City_16 -> City_25 -> City_40 -> City_42 -> City_19 -> City_8 -> City_3 -> City_29 -> City_50 -> City_30 -> City_21 -> City_14 -> City_46 -> City_34 -> City_4 -> City_22 -> City_17 -> City_35 -> City_6 -> City_37
385,571.0145809479446,568.8896381398574,City_22 -> City_4 -> City_34 -> City_46 -> City_23 -> City_33 -> City_9 -> City_24 -> City_12 -> City_43 -> City_31 -> City_10 -> City_49 -> City_20 -> City_48 -> City_47 -> City_2 -> City_44 -> City_38 -> City_5 -> City_13 -> City_1 -> City_28 -> City_27 -> City_18 -> City_26 -> City_41 -> City_45 -> City_32 -> City_7 -> City_36 -> City_39 -> City_15 -> City_11 -> City_16 -> City_25 -> City_40 -> City_42 -> City_19 -> City_8 -> City_3 -> City_29 -> City_50 -> City_30 -> City_21 -> City_14 -> City_37 -> City_6 -> City_35 -> City_17
390,582.6982179393685,568.8896381398574,City_22 -> City_17 -> City_35 -> City_6 -> City_37 -> City_4 -> City_34 -> City_46 -> City_23 -> City_33 -> City_9 -> City_24 -> City_12 -> City_43 -> City_31 -> City_10 -> City_49 -> City_20 -> City_48 -> City_47 -> City_2 -> City_44 -> City_38 -> City_5 -> City_13 -> City_1 -> City_28 -> City_27 -> City_18 -> City_26 -> City_41 -> City_45 -> City_32 -> City_7 -> City_36 -> City_39 -> City_15 -> City_11 -> City_16 -> City_25 -> City_40 -> City_42 -> City_19 -> City_3 -> City_8 -> City_50 -> City_29 -> City_30 -> City_21 -> City_14
395,577.5164630652023,568.8896381398574,City_14 -> City_21 -> City_46 -> City_34 -> City_4 -> City_22 -> City_17 -> City_35 -> City_6 -> City_37 -> City_23 -> City_33 -> City_9 -> City_24 -> City_12 -> City_43 -> City_31 -> City_10 -> City_49 -> City_20 -> City_48 -> City_47 -> City_2 -> City_44 -> City_38 -> City_5 -> City_13 -> City_1 -> City_28 -> City_27 -> City_18 -> City_26 -> City_41 -> City_45 -> City_32 -> City_7 -> City_36 -> City_39 -> City_15 -> City_11 -> City_16 -> City_25 -> City_40 -> City_42 -> City_19 -> City_8 -> City_3 -> City_29 -> City_50 -> City_30
400,572.9753301957571,568.8896381398574,City_37 -> City_4 -> City_22 -> City_17 -> City_35 -> City_6 -> City_34 -> City_46 -> City_23 -> City_33 -> City_9 -> City_24 -> City_12 -> City_43 -> City_31 -> City_10 -> City_49 -> City_20 -> City_48 -> City_47 -> City_2 -> City_44 -> City_38 -> City_5 -> City_13 -> City_1 -> City_28 -> City_27 -> City_18 -> City_26 -> City_41 -> City_45 -> City_32 -> City_7 -> City_36 -> City_39 -> City_15 -> City_11 -> City_16 -> City_25 -> City_40 -> City_42 -> City_19 -> City_8 -> City_3 -> City_29 -> City_50 -> City_30 -> City_21 -> City_14
405,571.4003260939146,568.8896381398574,City_33 -> City_9 -> City_24 -> City_12 -> City_43 -> City_31 -> City_10 -> City_49 -> City_20 -> City_48 -> City_47 -> City_2 -> City_44 -> City_38 -> City_5 -> City_13 -> City_1 -> City_28 -> City_27 -> City_18 -> City_26 -> City_41 -> City_45 -> City_32 -> City_7 -> City_36 -> City_39 -> City_15 -> City_11 -> City_16 -> City_25 -> City_40 -> City_42 -> City_19 -> City_8 -> City_3 -> City_29 -> City_50 -> City_30 -> City_21 -> City_14 -> City_46 -> City_34 -> City_4 -> City_22 -> City_17 -> City_35 -> City_6 -> City_37 -> City_23
410,596.800580213056,568.8896381398573,City_5 -> City_38 -> City_44 -> City_2 -> City_47 -> City_48 -> City_20 -> City_49 -> City_10 -> City_31 -> City_43 -> City_12 -> City_24 -> City_9 -> City_33 -> City_14 -> City_21 -> City_30 -> City_29 -> City_50 -> City_3 -> City_8 -> City_19 -> City_42 -> City_40 -> City_25 -> City_16 -> City_11 -> City_15 -> City_39 -> City_36 -> City_7 -> City_32 -> City_45 -> City_41 -> City_26 -> City_18 -> City_27 -> City_28 -> City_1 -> City_13 -> City_23 -> City_46 -> City_34 -> City_4 -> City_22 -> City_17 -> City_35 -> City_6 -> City_37
415,571.4003260939146,568.8896381398573,City_33 -> City_9 -> City_24 -> City_12 -> City_43 -> City_31 -> City_10 -> City_49 -> City_20 -> City_48 -> City_47 -> City_2 -> City_44 -> City_38 -> City_5 -> City_13 -> City_1 -> City_28 -> City_27 -> City_18 -> City_26 -> City_41 -> City_45 -> City_32 -> City_7 -> City_36 -> City_39 -> City_15 -> City_11 -> City_16 -> City_25 -> City_40 -> City_42 -> City_19 -> City_8 -> City_3 -> City_29 -> City_50 -> City_30 -> City_21 -> City_14 -> City_46 -> City_34 -> City_4 -> City_22 -> City_17 -> City_35 -> City_6 -> City_37 -> City_23
420,575.6135163292321,568.8896381398573,City_14 -> City_33 -> City_9 -> City_24 -> City_12 -> City_43 -> City_31 -> City_10 -> City_49 -> City_20 -> City_48 -> City_47 -> City_2 -> City_44 -> City_38 -> City_5 -> City_13 -> City_1 -> City_28 -> City_27 -> City_18 -> City_26 -> City_41 -> City_45 -> City_32 -> City_7 -> City_36 -> City_39 -> City_15 -> City_11 -> City_16 -> City_25 -> City_40 -> City_42 -> City_19 -> City_8 -> City_3 -> City_29 -> City_50 -> City_30 -> City_21 -> City_37 -> City_4 -> City_22 -> City_17 -> City_35 -> City_6 -> City_34 -> City_46 -> City_23
425,571.4003260939146,568.8896381398573,City_46 -> City_34 -> City_4 -> City_22 -> City_17 -> City_35 -> City_6 -> City_37 -> City_23 -> City_33 -> City_9 -> City_24 -> City_12 -> City_43 -> City_31 -> City_10 -> City_49 -> City_20 -> City_48 -> City_47 -> City_2 -> City_44 -> City_38 -> City_5 -> City_13 -> City_1 -> City_28 -> City_27 -> City_18 -> City_26 -> City_41 -> City_45 -> City_32 -> City_7 -> City_36 -> City_39 -> City_15 -> City_11 -> City_16 -> City_25 -> City_40 -> City_42 -> City_19 -> City_8 -> City_3 -> City_29 -> City_50 -> City_30 -> City_21 -> City_14
430,571.4003260939146,568.8896381398573,City_46 -> City_34 -> City_4 -> City_22 -> City_17 -> City_35 -> City_6 -> City_37 -> City_23 -> City_33 -> City_9 -> City_24 -> City_12 -> City_43 -> City_31 -> City_10 -> City_49 -> City_20 -> City_48 -> City_47 -> City_2 -> City_44 -> City_38 -> City_5 -> City_13 -> City_1 -> City_28 -> City_27 -> City_18 -> City_26 -> City_41 -> City_45 -> City_32 -> City_7 -> City_36 -> City_39 -> City_15 -> City_11 -> City_16 -> City_25 -> City_40 -> City_42 -> City_19 -> City_8 -> City_3 -> City_29 -> City_50 -> City_30 -> City_21 -> City_14
435,599.815021257849,568.8896381398573,City_35 -> City_17 -> City_22 -> City_4 -> City_37 -> City_6 -> City_34 -> City_46 -> City_23 -> City_33 -> City_9 -> City_24 -> City_12 -> City_43 -> City_31 -> City_10 -> City_49 -> City_20 -> City_48 -> City_47 -> City_2 -> City_44 -> City_38 -> City_5 -> City_13 -> City_1 -> City_28 -> City_27 -> City_18 -> City_26 -> City_41 -> City_45 -> City_32 -> City_7 -> City_36 -> City_39 -> City_15 -> City_11 -> City_16 -> City_25 -> City_40 -> City_19 -> City_42 -> City_8 -> City_3 -> City_29 -> City_50 -> City_30 -> City_21 -> City_14
440,575.6820463379572,568.8896381398573,City_23 -> City_46 -> City_34 -> City_4 -> City_22 -> City_17 -> City_35 -> City_6 -> City_37 -> City_1 -> City_28 -> City_27 -> City_18 -> City_26 -> City_41 -> City_45 -> City_32 -> City_7 -> City_36 -> City_39 -> City_15 -> City_11 -> City_16 -> City_25 -> City_40 -> City_42 -> City_19 -> City_8 -> City_3 -> City_29 -> City_50 -> City_30 -> City_21 -> City_14 -> City_33 -> City_9 -> City_24 -> City_12 -> City_43 -> City_31 -> City_10 -> City_49 -> City_20 -> City_48 -> City_47 -> City_2 -> City_44 -> City_38 -> City_5 -> City_13
445,595.8919727487611,568.8896381398573,City_35 -> City_17 -> City_22 -> City_4 -> City_37 -> City_6 -> City_34 -> City_46 -> City_23 -> City_33 -> City_9 -> City_24 -> City_12 -> City_43 -> City_31 -> City_10 -> City_49 -> City_20 -> City_48 -> City_47 -> City_2 -> City_44 -> City_38 -> City_5 -> City_13 -> City_1 -> City_28 -> City_27 -> City_18 -> City_26 -> City_41 -> City_45 -> City_32 -> City_7 -> City_36 -> City_39 -> City_15 -> City_11 -> City_16 -> City_25 -> City_40 -> City_42 -> City_19 -> City_8 -> City_3 -> City_29 -> City_50 -> City_30 -> City_21 -> City_14
450,584.1782519494859,568.8896381398573,City_12 -> City_43 -> City_31 -> City_10 -> City_49 -> City_20 -> City_48 -> City_47 -> City_2 -> City_44 -> City_38 -> City_5 -> City_13 -> City_1 -> City_28 -> City_27 -> City_18 -> City_26 -> City_41 -> City_45 -> City_32 -> City_7 -> City_36 -> City_39 -> City_15 -> City_11 -> City_16 -> City_25 -> City_40 -> City_42 -> City_19 -> City_8 -> City_3 -> City_29 -> City_50 -> City_30 -> City_21 -> City_14 -> City_24 -> City_9 -> City_33 -> City_23 -> City_46 -> City_34 -> City_4 -> City_22 -> City_17 -> City_35 -> City_6 -> City_37
455,584.1782519494858,568.8896381398573,City_48 -> City_47 -> City_2 -> City_44 -> City_38 -> City_5 -> City_13 -> City_1 -> City_28 -> City_27 -> City_18 -> City_26 -> City_41 -> City_45 -> City_32 -> City_7 -> City_36 -> City_39 -> City_15 -> City_11 -> City_16 -> City_25 -> City_40 -> City_42 -> City_19 -> City_8 -> City_3 -> City_29 -> City_50 -> City_30 -> City_21 -> City_14 -> City_24 -> City_9 -> City_33 -> City_23 -> City_46 -> City_34 -> City_4 -> City_22 -> City_17 -> City_35 -> City_6 -> City_37 -> City_12 -> City_43 -> City_31 -> City_10 -> City_49 -> City_20
460,571.0145809479446,568.8896381398573,City_34 -> City_46 -> City_23 -> City_33 -> City_9 -> City_24 -> City_12 -> City_43 -> City_31 -> City_10 -> City_49 -> City_20 -> City_48 -> City_47 -> City_2 -> City_44 -> City_38 -> City_5 -> City_13 -> City_1 -> City_28 -> City_27 -> City_18 -> City_26 -> City_41 -> City_45 -> City_32 -> City_7 -> City_36 -> City_39 -> City_15 -> City_11 -> City_16 -> City_25 -> City_40 -> City_42 -> City_19 -> City_8 -> City_3 -> City_29 -> City_50 -> City_30 -> City_21 -> City_14 -> City_37 -> City_6 -> City_35 -> City_17 -> City_22 -> City_4
465,571.0145809479446,568.8896381398573,City_6 -> City_35 -> City_17 -> City_22 -> City_4 -> City_34 -> City_46 -> City_23 -> City_33 -> City_9 -> City_24 -> City_12 -> City_43 -> City_31 -> City_10 -> City_49 -> City_20 -> City_48 -> City_47 -> City_2 -> City_44 -> City_38 -> City_5 -> City_13 -> City_1 -> City_28 -> City_27 -> City_18 -> City_26 -> City_41 -> City_45 -> City_32 -> City_7 -> City_36 -> City_39 -> City_15 -> City_11 -> City_16 -> City_25 -> City_40 -> City_42 -> City_19 -> City_8 -> City_3 -> City_29 -> City_50 -> City_30 -> City_21 -> City_14 -> City_37
470,576.2506435833569,568.8896381398573,City_4 -> City_22 -> City_17 -> City_35 -> City_6 -> City_37 -> City_34 -> City_46 -> City_23 -> City_33 -> City_9 -> City_24 -> City_12 -> City_43 -> City_31 -> City_10 -> City_49 -> City_20 -> City_48 -> City_47 -> City_2 -> City_44 -> City_38 -> City_5 -> City_13 -> City_1 -> City_28 -> City_27 -> City_18 -> City_26 -> City_41 -> City_45 -> City_32 -> City_7 -> City_36 -> City_39 -> City_15 -> City_11 -> City_16 -> City_25 -> City_40 -> City_42 -> City_19 -> City_8 -> City_3 -> City_29 -> City_50 -> City_30 -> City_21 -> City_14
475,571.0145809479446,568.8896381398573,City_6 -> City_35 -> City_17 -> City_22 -> City_4 -> City_34 -> City_46 -> City_23 -> City_33 -> City_9 -> City_24 -> City_12 -> City_43 -> City_31 -> City_10 -> City_49 -> City_20 -> City_48 -> City_47 -> City_2 -> City_44 -> City_38 -> City_5 -> City_13 -> City_1 -> City_28 -> City_27 -> City_18 -> City_26 -> City_41 -> City_45 -> City_32 -> City_7 -> City_36 -> City_39 -> City_15 -> City_11 -> City_16 -> City_25 -> City_40 -> City_42 -> City_19 -> City_8 -> City_3 -> City_29 -> City_50 -> City_30 -> City_21 -> City_14 -> City_37
480,571.4003260939146,568.8896381398573,City_23 -> City_33 -> City_9 -> City_24 -> City_12 -> City_43 -> City_31 -> City_10 -> City_49 -> City_20 -> City_48 -> City_47 -> City_2 -> City_44 -> City_38 -> City_5 -> City_13 -> City_1 -> City_28 -> City_27 -> City_18 -> City_26 -> City_41 -> City_45 -> City_32 -> City_7 -> City_36 -> City_39 -> City_15 -> City_11 -> City_16 -> City_25 -> City_40 -> City_42 -> City_19 -> City_8 -> City_3 -> City_29 -> City_50 -> City_30 -> City_21 -> City_14 -> City_46 -> City_34 -> City_4 -> City_22 -> City_17 -> City_35 -> City_6 -> City_37
485,586.9555091195887,568.8896381398573,City_21 -> City_14 -> City_33 -> City_9 -> City_24 -> City_12 -> City_43 -> City_31 -> City_10 -> City_49 -> City_20 -> City_48 -> City_47 -> City_2 -> City_44 -> City_38 -> City_5 -> City_13 -> City_1 -> City_28 -> City_27 -> City_18 -> City_26 -> City_41 -> City_45 -> City_32 -> City_7 -> City_36 -> City_39 -> City_15 -> City_11 -> City_16 -> City_25 -> City_40 -> City_42 -> City_19 -> City_8 -> City_3 -> City_29 -> City_50 -> City_30 -> City_23 -> City_46 -> City_34 -> City_4 -> City_22 -> City_17 -> City_35 -> City_6 -> City_37
490,595.8919727487611,568.8896381398573,City_35 -> City_17 -> City_22 -> City_4 -> City_37 -> City_6 -> City_34 -> City_46 -> City_23 -> City_33 -> City_9 -> City_24 -> City_12 -> City_43 -> City_31 -> City_10 -> City_49 -> City_20 -> City_48 -> City_47 -> City_2 -> City_44 -> City_38 -> City_5 -> City_13 -> City_1 -> City_28 -> City_27 -> City_18 -> City_26 -> City_41 -> City_45 -> City_32 -> City_7 -> City_36 -> City_39 -> City_15 -> City_11 -> City_16 -> City_25 -> City_40 -> City_42 -> City_19 -> City_8 -> City_3 -> City_29 -> City_50 -> City_30 -> City_21 -> City_14
495,576.2506435833569,568.8896381398573,City_4 -> City_22 -> City_17 -> City_35 -> City_6 -> City_37 -> City_34 -> City_46 -> City_23 -> City_33 -> City_9 -> City_24 -> City_12 -> City_43 -> City_31 -> City_10 -> City_49 -> City_20 -> City_48 -> City_47 -> City_2 -> City_44 -> City_38 -> City_5 -> City_13 -> City_1 -> City_28 -> City_27 -> City_18 -> City_26 -> City_41 -> City_45 -> City_32 -> City_7 -> City_36 -> City_39 -> City_15 -> City_11 -> City_16 -> City_25 -> City_40 -> City_42 -> City_19 -> City_8 -> City_3 -> City_29 -> City_50 -> City_30 -> City_21 -> City_14
500,584.5807459172761,568.8896381398573,City_13 -> City_1 -> City_28 -> City_27 -> City_18 -> City_26 -> City_41 -> City_45 -> City_32 -> City_7 -> City_36 -> City_39 -> City_15 -> City_11 -> City_16 -> City_25 -> City_40 -> City_42 -> City_19 -> City_8 -> City_3 -> City_29 -> City_50 -> City_30 -> City_21 -> City_14 -> City_33 -> City_9 -> City_24 -> City_23 -> City_46 -> City_34 -> City_4 -> City_22 -> City_17 -> City_35 -> City_6 -> City_37 -> City_12 -> City_43 -> City_31 -> City_10 -> City_49 -> City_20 -> City_48 -> City_47 -> City_2 -> City_44 -> City_38 -> City_5
505,571.0145809479446,568.8896381398573,City_22 -> City_4 -> City_34 -> City_46 -> City_23 -> City_33 -> City_9 -> City_24 -> City_12 -> City_43 -> City_31 -> City_10 -> City_49 -> City_20 -> City_48 -> City_47 -> City_2 -> City_44 -> City_38 -> City_5 -> City_13 -> City_1 -> City_28 -> City_27 -> City_18 -> City_26 -> City_41 -> City_45 -> City_32 -> City_7 -> City_36 -> City_39 -> City_15 -> City_11 -> City_16 -> City_25 -> City_40 -> City_42 -> City_19 -> City_8 -> City_3 -> City_29 -> City_50 -> City_30 -> City_21 -> City_14 -> City_37 -> City_6 -> City_35 -> City_17
510,572.9753301957572,568.8896381398573,City_33 -> City_9 -> City_24 -> City_12 -> City_43 -> City_31 -> City_10 -> City_49 -> City_20 -> City_48 -> City_47 -> City_2 -> City_44 -> City_38 -> City_5 -> City_13 -> City_1 -> City_28 -> City_27 -> City_18 -> City_26 -> City_41 -> City_45 -> City_32 -> City_7 -> City_36 -> City_39 -> City_15 -> City_11 -> City_16 -> City_25 -> City_40 -> City_42 -> City_19 -> City_8 -> City_3 -> City_29 -> City_50 -> City_30 -> City_21 -> City_14 -> City_37 -> City_4 -> City_22 -> City_17 -> City_35 -> City_6 -> City_34 -> City_46 -> City_23
515,572.9753301957572,568.8896381398573,City_34 -> City_46 -> City_23 -> City_33 -> City_9 -> City_24 -> City_12 -> City_43 -> City_31 -> City_10 -> City_49 -> City_20 -> City_48 -> City_47 -> City_2 -> City_44 -> City_38 -> City_5 -> City_13 -> City_1 -> City_28 -> City_27 -> City_18 -> City_26 -> City_41 -> City_45 -> City_32 -> City_7 -> City_36 -> City_39 -> City_15 -> City_11 -> City_16 -> City_25 -> City_40 -> City_42 -> City_19 -> City_8 -> City_3 -> City_29 -> City_50 -> City_30 -> City_21 -> City_14 -> City_37 -> City_4 -> City_22 -> City_17 -> City_35 -> City_6
520,572.9753301957572,568.8896381398573,City_4 -> City_22 -> City_17 -> City_35 -> City_6 -> City_34 -> City_46 -> City_23 -> City_33 -> City_9 -> City_24 -> City_12 -> City_43 -> City_31 -> City_10 -> City_49 -> City_20 -> City_48 -> City_47 -> City_2 -> City_44 -> City_38 -> City_5 -> City_13 -> City_1 -> City_28 -> City_27 -> City_18 -> City_26 -> City_41 -> City_45 -> City_32 -> City_7 -> City_36 -> City_39 -> City_15 -> City_11 -> City_16 -> City_25 -> City_40 -> City_42 -> City_19 -> City_8 -> City_3 -> City_29 -> City_50 -> City_30 -> City_21 -> City_14 -> City_37
525,572.9753301957571,568.8896381398573,City_37 -> City_4 -> City_22 -> City_17 -> City_35 -> City_6 -> City_34 -> City_46 -> City_23 -> City_33 -> City_9 -> City_24 -> City_12 -> City_43 -> City_31 -> City_10 -> City_49 -> City_20 -> City_48 -> City_47 -> City_2 -> City_44 -> City_38 -> City_5 -> City_13 -> City_1 -> City_28 -> City_27 -> City_18 -> City_26 -> City_41 -> City_45 -> City_32 -> City_7 -> City_36 -> City_39 -> City_15 -> City_11 -> City_16 -> City_25 -> City_40 -> City_42 -> City_19 -> City_8 -> City_3 -> City_29 -> City_50 -> City_30 -> City_21 -> City_14
530,576.2506435833569,568.8896381398573,City_4 -> City_22 -> City_17 -> City_35 -> City_6 -> City_37 -> City_34 -> City_46 -> City_23 -> City_33 -> City_9 -> City_24 -> City_12 -> City_43 -> City_31 -> City_10 -> City_49 -> City_20 -> City_48 -> City_47 -> City_2 -> City_44 -> City_38 -> City_5 -> City_13 -> City_1 -> City_28 -> City_27 -> City_18 -> City_26 -> City_41 -> City_45 -> City_32 -> City_7 -> City_36 -> City_39 -> City_15 -> City_11 -> City_16 -> City_25 -> City_40 -> City_42 -> City_19 -> City_8 -> City_3 -> City_29 -> City_50 -> City_30 -> City_21 -> City_14
535,572.9753301957572,568.8896381398573,City_23 -> City_33 -> City_9 -> City_24 -> City_12 -> City_43 -> City_31 -> City_10 -> City_49 -> City_20 -> City_48 -> City_47 -> City_2 -> City_44 -> City_38 -> City_5 -> City_13 -> City_1 -> City_28 -> City_27 -> City_18 -> City_26 -> City_41 -> City_45 -> City_32 -> City_7 -> City_36 -> City_39 -> City_15 -> City_11 -> City_16 -> City_25 -> City_40 -> City_42 -> City_19 -> City_8 -> City_3 -> City_29 -> City_50 -> City_30 -> City_21 -> City_14 -> City_37 -> City_4 -> City_22 -> City_17 -> City_35 -> City_6 -> City_34 -> City_46
540,571.4003260939146,568.8896381398573,City_46 -> City_34 -> City_4 -> City_22 -> City_17 -> City_35 -> City_6 -> City_37 -> City_23 -> City_33 -> City_9 -> City_24 -> City_12 -> City_43 -> City_31 -> City_10 -> City_49 -> City_20 -> City_48 -> City_47 -> City_2 -> City_44 -> City_38 -> City_5 -> City_13 -> City_1 -> City_28 -> City_27 -> City_18 -> City_26 -> City_41 -> City_45 -> City_32 -> City_7 -> City_36 -> City_39 -> City_15 -> City_11 -> City_16 -> City_25 -> City_40 -> City_42 -> City_19 -> City_8 -> City_3 -> City_29 -> City_50 -> City_30 -> City_21 -> City_14
545,572.9753301957571,568.8896381398573,City_37 -> City_4 -> City_22 -> City_17 -> City_35 -> City_6 -> City_34 -> City_46 -> City_23 -> City_33 -> City_9 -> City_24 -> City_12 -> City_43 -> City_31 -> City_10 -> City_49 -> City_20 -> City_48 -> City_47 -> City_2 -> City_44 -> City_38 -> City_5 -> City_13 -> City_1 -> City_28 -> City_27 -> City_18 -> City_26 -> City_41 -> City_45 -> City_32 -> City_7 -> City_36 -> City_39 -> City_15 -> City_11 -> City_16 -> City_25 -> City_40 -> City_42 -> City_19 -> City_8 -> City_3 -> City_29 -> City_50 -> City_30 -> City_21 -> City_14
550,571.3152335683434,568.8896381398573,City_17 -> City_35 -> City_6 -> City_22 -> City_4 -> City_34 -> City_46 -> City_23 -> City_33 -> City_9 -> City_24 -> City_12 -> City_43 -> City_31 -> City_10 -> City_49 -> City_20 -> City_48 -> City_47 -> City_2 -> City_44 -> City_38 -> City_5 -> City_13 -> City_1 -> City_28 -> City_27 -> City_18 -> City_26 -> City_41 -> City_45 -> City_32 -> City_7 -> City_36 -> City_39 -> City_15 -> City_11 -> City_16 -> City_25 -> City_40 -> City_42 -> City_19 -> City_8 -> City_3 -> City_29 -> City_50 -> City_30 -> City_21 -> City_14 -> City_37
555,571.4003260939146,568.8896381398573,City_33 -> City_9 -> City_24 -> City_12 -> City_43 -> City_31 -> City_10 -> City_49 -> City_20 -> City_48 -> City_47 -> City_2 -> City_44 -> City_38 -> City_5 -> City_13 -> City_1 -> City_28 -> City_27 -> City_18 -> City_26 -> City_41 -> City_45 -> City_32 -> City_7 -> City_36 -> City_39 -> City_15 -> City_11 -> City_16 -> City_25 -> City_40 -> City_42 -> City_19 -> City_8 -> City_3 -> City_29 -> City_50 -> City_30 -> City_21 -> City_14 -> City_46 -> City_34 -> City_4 -> City_22 -> City_17 -> City_35 -> City_6 -> City_37 -> City_23
560,572.9753301957572,568.8896381398573,City_34 -> City_46 -> City_23 -> City_33 -> City_9 -> City_24 -> City_12 -> City_43 -> City_31 -> City_10 -> City_49 -> City_20 -> City_48 -> City_47 -> City_2 -> City_44 -> City_38 -> City_5 -> City_13 -> City_1 -> City_28 -> City_27 -> City_18 -> City_26 -> City_41 -> City_45 -> City_32 -> City_7 -> City_36 -> City_39 -> City_15 -> City_11 -> City_16 -> City_25 -> City_40 -> City_42 -> City_19 -> City_8 -> City_3 -> City_29 -> City_50 -> City_30 -> City_21 -> City_14 -> City_37 -> City_4 -> City_22 -> City_17 -> City_35 -> City_6
565,576.8983787048451,568.8896381398573,City_33 -> City_9 -> City_24 -> City_12 -> City_43 -> City_31 -> City_10 -> City_49 -> City_20 -> City_48 -> City_47 -> City_2 -> City_44 -> City_38 -> City_5 -> City_13 -> City_1 -> City_28 -> City_27 -> City_18 -> City_26 -> City_41 -> City_45 -> City_32 -> City_7 -> City_36 -> City_39 -> City_15 -> City_11 -> City_16 -> City_25 -> City_40 -> City_19 -> City_42 -> City_8 -> City_3 -> City_29 -> City_50 -> City_30 -> City_21 -> City_14 -> City_37 -> City_4 -> City_22 -> City_17 -> City_35 -> City_6 -> City_34 -> City_46 -> City_23
570,572.9753301957571,568.8896381398573,City_37 -> City_4 -> City_22 -> City_17 -> City_35 -> City_6 -> City_34 -> City_46 -> City_23 -> City_33 -> City_9 -> City_24 -> City_12 -> City_43 -> City_31 -> City_10 -> City_49 -> City_20 -> City_48 -> City_47 -> City_2 -> City_44 -> City_38 -> City_5 -> City_13 -> City_1 -> City_28 -> City_27 -> City_18 -> City_26 -> City_41 -> City_45 -> City_32 -> City_7 -> City_36 -> City_39 -> City_15 -> City_11 -> City_16 -> City_25 -> City_40 -> City_42 -> City_19 -> City_8 -> City_3 -> City_29 -> City_50 -> City_30 -> City_21 -> City_14
575,572.9753301957571,568.8896381398573,City_37 -> City_4 -> City_22 -> City_17 -> City_35 -> City_6 -> City_34 -> City_46 -> City_23 -> City_33 -> City_9 -> City_24 -> City_12 -> City_43 -> City_31 -> City_10 -> City_49 -> City_20 -> City_48 -> City_47 -> City_2 -> City_44 -> City_38 -> City_5 -> City_13 -> City_1 -> City_28 -> City_27 -> City_18 -> City_26 -> City_41 -> City_45 -> City_32 -> City_7 -> City_36 -> City_39 -> City_15 -> City_11 -> City_16 -> City_25 -> City_40 -> City_42 -> City_19 -> City_8 -> City_3 -> City_29 -> City_50 -> City_30 -> City_21 -> City_14
580,571.0145809479446,568.8896381398573,City_35 -> City_17 -> City_22 -> City_4 -> City_34 -> City_46 -> City_23 -> City_33 -> City_9 -> City_24 -> City_12 -> City_43 -> City_31 -> City_10 -> City_49 -> City_20 -> City_48 -> City_47 -> City_2 -> City_44 -> City_38 -> City_5 -> City_13 -> City_1 -> City_28 -> City_27 -> City_18 -> City_26 -> City_41 -> City_45 -> City_32 -> City_7 -> City_36 -> City_39 -> City_15 -> City_11 -> City_16 -> City_25 -> City_40 -> City_42 -> City_19 -> City_8 -> City_3 -> City_29 -> City_50 -> City_30 -> City_21 -> City_14 -> City_37 -> City_6
585,571.4003260939146,568.8896381398573,City_33 -> City_9 -> City_24 -> City_12 -> City_43 -> City_31 -> City_10 -> City_49 -> City_20 -> City_48 -> City_47 -> City_2 -> City_44 -> City_38 -> City_5 -> City_13 -> City_1 -> City_28 -> City_27 -> City_18 -> City_26 -> City_41 -> City_45 -> City_32 -> City_7 -> City_36 -> City_39 -> City_15 -> City_11 -> City_16 -> City_25 -> City_40 -> City_42 -> City_19 -> City_8 -> City_3 -> City_29 -> City_50 -> City_30 -> City_21 -> City_14 -> City_46 -> City_34 -> City_4 -> City_22 -> City_17 -> City_35 -> City_6 -> City_37 -> City_23
590,577.7171988621177,568.8896381398573,City_33 -> City_9 -> City_24 -> City_12 -> City_43 -> City_31 -> City_10 -> City_49 -> City_20 -> City_48 -> City_47 -> City_2 -> City_44 -> City_38 -> City_5 -> City_13 -> City_1 -> City_28 -> City_27 -> City_18 -> City_26 -> City_41 -> City_45 -> City_32 -> City_7 -> City_36 -> City_39 -> City_15 -> City_11 -> City_16 -> City_25 -> City_40 -> City_42 -> City_19 -> City_8 -> City_3 -> City_29 -> City_50 -> City_30 -> City_21 -> City_14 -> City_23 -> City_46 -> City_34 -> City_4 -> City_22 -> City_17 -> City_35 -> City_6 -> City_37
595,571.4003260939146,568.8896381398573,City_46 -> City_34 -> City_4 -> City_22 -> City_17 -> City_35 -> City_6 -> City_37 -> City_23 -> City_33 -> City_9 -> City_24 -> City_12 -> City_43 -> City_31 -> City_10 -> City_49 -> City_20 -> City_48 -> City_47 -> City_2 -> City_44 -> City_38 -> City_5 -> City_13 -> City_1 -> City_28 -> City_27 -> City_18 -> City_26 -> City_41 -> City_45 -> City_32 -> City_7 -> City_36 -> City_39 -> City_15 -> City_11 -> City_16 -> City_25 -> City_40 -> City_42 -> City_19 -> City_8 -> City_3 -> City_29 -> City_50 -> City_30 -> City_21 -> City_14
600,571.0145809479446,568.8896381398573,City_35 -> City_17 -> City_22 -> City_4 -> City_34 -> City_46 -> City_23 -> City_33 -> City_9 -> City_24 -> City_12 -> City_43 -> City_31 -> City_10 -> City_49 -> City_20 -> City_48 -> City_47 -> City_2 -> City_44 -> City_38 -> City_5 -> City_13 -> City_1 -> City_28 -> City_27 -> City_18 -> City_26 -> City_41 -> City_45 -> City_32 -> City_7 -> City_36 -> City_39 -> City_15 -> City_11 -> City_16 -> City_25 -> City_40 -> City_42 -> City_19 -> City_8 -> City_3 -> City_29 -> City_50 -> City_30 -> City_21 -> City_14 -> City_37 -> City_6
605,571.7009787143134,568.8896381398573,City_23 -> City_33 -> City_9 -> City_24 -> City_12 -> City_43 -> City_31 -> City_10 -> City_49 -> City_20 -> City_48 -> City_47 -> City_2 -> City_44 -> City_38 -> City_5 -> City_13 -> City_1 -> City_28 -> City_27 -> City_18 -> City_26 -> City_41 -> City_45 -> City_32 -> City_7 -> City_36 -> City_39 -> City_15 -> City_11 -> City_16 -> City_25 -> City_40 -> City_42 -> City_19 -> City_8 -> City_3 -> City_29 -> City_50 -> City_30 -> City_21 -> City_14 -> City_46 -> City_34 -> City_4 -> City_22 -> City_6 -> City_35 -> City_17 -> City_37
610,571.4003260939146,568.8896381398573,City_33 -> City_9 -> City_24 -> City_12 -> City_43 -> City_31 -> City_10 -> City_49 -> City_20 -> City_48 -> City_47 -> City_2 -> City_44 -> City_38 -> City_5 -> City_13 -> City_1 -> City_28 -> City_27 -> City_18 -> City_26 -> City_41 -> City_45 -> City_32 -> City_7 -> City_36 -> City_39 -> City_15 -> City_11 -> City_16 -> City_25 -> City_40 -> City_42 -> City_19 -> City_8 -> City_3 -> City_29 -> City_50 -> City_30 -> City_21 -> City_14 -> City_46 -> City_34 -> City_4 -> City_22 -> City_17 -> City_35 -> City_6 -> City_37 -> City_23
615,571.4003260939146,568.8896381398573,City_33 -> City_9 -> City_24 -> City_12 -> City_43 -> City_31 -> City_10 -> City_49 -> City_20 -> City_48 -> City_47 -> City_2 -> City_44 -> City_38 -> City_5 -> City_13 -> City_1 -> City_28 -> City_27 -> City_18 -> City_26 -> City_41 -> City_45 -> City_32 -> City_7 -> City_36 -> City_39 -> City_15 -> City_11 -> City_16 -> City_25 -> City_40 -> City_42 -> City_19 -> City_8 -> City_3 -> City_29 -> City_50 -> City_30 -> City_21 -> City_14 -> City_46 -> City_34 -> City_4 -> City_22 -> City_17 -> City_35 -> City_6 -> City_37 -> City_23
620,572.9753301957572,568.8896381398573,City_4 -> City_22 -> City_17 -> City_35 -> City_6 -> City_34 -> City_46 -> City_23 -> City_33 -> City_9 -> City_24 -> City_12 -> City_43 -> City_31 -> City_10 -> City_49 -> City_20 -> City_48 -> City_47 -> City_2 -> City_44 -> City_38 -> City_5 -> City_13 -> City_1 -> City_28 -> City_27 -> City_18 -> City_26 -> City_41 -> City_45 -> City_32 -> City_7 -> City_36 -> City_39 -> City_15 -> City_11 -> City_16 -> City_25 -> City_40 -> City_42 -> City_19 -> City_8 -> City_3 -> City_29 -> City_50 -> City_30 -> City_21 -> City_14 -> City_37
625,590.8785576286765,568.8896381398573,City_21 -> City_14 -> City_33 -> City_9 -> City_24 -> City_12 -> City_43 -> City_31 -> City_10 -> City_49 -> City_20 -> City_48 -> City_47 -> City_2 -> City_44 -> City_38 -> City_5 -> City_13 -> City_1 -> City_28 -> City_27 -> City_18 -> City_26 -> City_41 -> City_45 -> City_32 -> City_7 -> City_36 -> City_39 -> City_15 -> City_11 -> City_16 -> City_25 -> City_40 -> City_19 -> City_42 -> City_8 -> City_3 -> City_29 -> City_50 -> City_30 -> City_23 -> City_46 -> City_34 -> City_4 -> City_22 -> City_17 -> City_35 -> City_6 -> City_37
630,572.9753301957571,568.8896381398573,City_37 -> City_4 -> City_22 -> City_17 -> City_35 -> City_6 -> City_34 -> City_46 -> City_23 -> City_33 -> City_9 -> City_24 -> City_12 -> City_43 -> City_31 -> City_10 -> City_49 -> City_20 -> City_48 -> City_47 -> City_2 -> City_44 -> City_38 -> City_5 -> City_13 -> City_1 -> City_28 -> City_27 -> City_18 -> City_26 -> City_41 -> City_45 -> City_32 -> City_7 -> City_36 -> City_39 -> City_15 -> City_11 -> City_16 -> City_25 -> City_40 -> City_42 -> City_19 -> City_8 -> City_3 -> City_29 -> City_50 -> City_30 -> City_21 -> City_14
635,584.7439061867469,568.8896381398573,City_37 -> City_4 -> City_34 -> City_46 -> City_23 -> City_33 -> City_9 -> City_24 -> City_12 -> City_43 -> City_31 -> City_10 -> City_49 -> City_20 -> City_48 -> City_47 -> City_2 -> City_44 -> City_38 -> City_5 -> City_13 -> City_1 -> City_28 -> City_27 -> City_18 -> City_26 -> City_41 -> City_45 -> City_32 -> City_7 -> City_36 -> City_39 -> City_15 -> City_11 -> City_16 -> City_25 -> City_40 -> City_19 -> City_42 -> City_8 -> City_3 -> City_29 -> City_50 -> City_30 -> City_21 -> City_14 -> City_6 -> City_35 -> City_17 -> City_22
640,575.2881956691459,568.8896381398573,City_37 -> City_4 -> City_22 -> City_17 -> City_35 -> City_6 -> City_34 -> City_46 -> City_23 -> City_33 -> City_9 -> City_24 -> City_12 -> City_43 -> City_31 -> City_10 -> City_49 -> City_20 -> City_48 -> City_47 -> City_2 -> City_44 -> City_38 -> City_5 -> City_13 -> City_1 -> City_28 -> City_27 -> City_18 -> City_26 -> City_41 -> City_45 -> City_32 -> City_7 -> City_36 -> City_39 -> City_15 -> City_11 -> City_16 -> City_25 -> City_40 -> City_42 -> City_19 -> City_3 -> City_8 -> City_50 -> City_29 -> City_30 -> City_21 -> City_14
645,572.9753301957572,568.8896381398573,City_34 -> City_46 -> City_23 -> City_33 -> City_9 -> City_24 -> City_12 -> City_43 -> City_31 -> City_10 -> City_49 -> City_20 -> City_48 -> City_47 -> City_2 -> City_44 -> City_38 -> City_5 -> City_13 -> City_1 -> City_28 -> City_27 -> City_18 -> City_26 -> City_41 -> City_45 -> City_32 -> City_7 -> City_36 -> City_39 -> City_15 -> City_11 -> City_16 -> City_25 -> City_40 -> City_42 -> City_19 -> City_8 -> City_3 -> City_29 -> City_50 -> City_30 -> City_21 -> City_14 -> City_37 -> City_4 -> City_22 -> City_17 -> City_35 -> City_6
650,570.7360350960869,568.8896381398573,City_34 -> City_4 -> City_22 -> City_17 -> City_35 -> City_6 -> City_37 -> City_46 -> City_23 -> City_33 -> City_9 -> City_24 -> City_12 -> City_43 -> City_31 -> City_10 -> City_49 -> City_20 -> City_48 -> City_47 -> City_2 -> City_44 -> City_38 -> City_5 -> City_13 -> City_1 -> City_28 -> City_27 -> City_18 -> City_26 -> City_41 -> City_45 -> City_32 -> City_7 -> City_36 -> City_39 -> City_15 -> City_11 -> City_16 -> City_25 -> City_40 -> City_42 -> City_19 -> City_8 -> City_3 -> City_29 -> City_50 -> City_30 -> City_21 -> City_14
655,571.4003260939146,568.8896381398573,City_46 -> City_34 -> City_4 -> City_22 -> City_17 -> City_35 -> City_6 -> City_37 -> City_23 -> City_33 -> City_9 -> City_24 -> City_12 -> City_43 -> City_31 -> City_10 -> City_49 -> City_20 -> City_48 -> City_47 -> City_2 -> City_44 -> City_38 -> City_5 -> City_13 -> City_1 -> City_28 -> City_27 -> City_18 -> City_26 -> City_41 -> City_45 -> City_32 -> City_7 -> City_36 -> City_39 -> City_15 -> City_11 -> City_16 -> City_25 -> City_40 -> City_42 -> City_19 -> City_8 -> City_3 -> City_29 -> City_50 -> City_30 -> City_21 -> City_14
660,597.5835687525254,568.8896381398573,City_12 -> City_43 -> City_31 -> City_10 -> City_49 -> City_20 -> City_48 -> City_47 -> City_2 -> City_44 -> City_38 -> City_5 -> City_13 -> City_1 -> City_28 -> City_27 -> City_18 -> City_26 -> City_41 -> City_45 -> City_32 -> City_7 -> City_36 -> City_39 -> City_15 -> City_11 -> City_16 -> City_25 -> City_40 -> City_42 -> City_19 -> City_8 -> City_3 -> City_29 -> City_50 -> City_30 -> City_21 -> City_14 -> City_33 -> City_9 -> City_24 -> City_23 -> City_34 -> City_46 -> City_37 -> City_4 -> City_22 -> City_17 -> City_35 -> City_6
665,571.4003260939146,568.8896381398573,City_33 -> City_9 -> City_24 -> City_12 -> City_43 -> City_31 -> City_10 -> City_49 -> City_20 -> City_48 -> City_47 -> City_2 -> City_44 -> City_38 -> City_5 -> City_13 -> City_1 -> City_28 -> City_27 -> City_18 -> City_26 -> City_41 -> City_45 -> City_32 -> City_7 -> City_36 -> City_39 -> City_15 -> City_11 -> City_16 -> City_25 -> City_40 -> City_42 -> City_19 -> City_8 -> City_3 -> City_29 -> City_50 -> City_30 -> City_21 -> City_14 -> City_46 -> City_34 -> City_4 -> City_22 -> City_17 -> City_35 -> City_6 -> City_37 -> City_23
670,578.6766725562068,568.8896381398573,City_13 -> City_5 -> City_38 -> City_44 -> City_2 -> City_47 -> City_48 -> City_45 -> City_32 -> City_7 -> City_36 -> City_39 -> City_15 -> City_11 -> City_16 -> City_25 -> City_40 -> City_42 -> City_19 -> City_8 -> City_3 -> City_29 -> City_50 -> City_30 -> City_21 -> City_14 -> City_33 -> City_9 -> City_24 -> City_12 -> City_43 -> City_31 -> City_10 -> City_49 -> City_20 -> City_41 -> City_26 -> City_18 -> City_27 -> City_28 -> City_1 -> City_6 -> City_35 -> City_17 -> City_22 -> City_4 -> City_37 -> City_34 -> City_46 -> City_23
675,576.2506435833569,568.8896381398573,City_4 -> City_22 -> City_17 -> City_35 -> City_6 -> City_37 -> City_34 -> City_46 -> City_23 -> City_33 -> City_9 -> City_24 -> City_12 -> City_43 -> City_31 -> City_10 -> City_49 -> City_20 -> City_48 -> City_47 -> City_2 -> City_44 -> City_38 -> City_5 -> City_13 -> City_1 -> City_28 -> City_27 -> City_18 -> City_26 -> City_41 -> City_45 -> City_32 -> City_7 -> City_36 -> City_39 -> City_15 -> City_11 -> City_16 -> City_25 -> City_40 -> City_42 -> City_19 -> City_8 -> City_3 -> City_29 -> City_50 -> City_30 -> City_21 -> City_14
680,577.552272108352,568.8896381398573,City_4 -> City_37 -> City_6 -> City_35 -> City_17 -> City_22 -> City_23 -> City_33 -> City_9 -> City_24 -> City_12 -> City_43 -> City_31 -> City_10 -> City_49 -> City_20 -> City_48 -> City_47 -> City_2 -> City_44 -> City_38 -> City_5 -> City_13 -> City_1 -> City_28 -> City_27 -> City_18 -> City_26 -> City_41 -> City_45 -> City_32 -> City_7 -> City_36 -> City_39 -> City_15 -> City_11 -> City_16 -> City_25 -> City_40 -> City_42 -> City_19 -> City_8 -> City_3 -> City_29 -> City_50 -> City_30 -> City_21 -> City_14 -> City_46 -> City_34
685,575.6820463379572,568.8896381398573,City_1 -> City_28 -> City_27 -> City_18 -> City_26 -> City_41 -> City_45 -> City_32 -> City_7 -> City_36 -> City_39 -> City_15 -> City_11 -> City_16 -> City_25 -> City_40 -> City_42 -> City_19 -> City_8 -> City_3 -> City_29 -> City_50 -> City_30 -> City_21 -> City_14 -> City_33 -> City_9 -> City_24 -> City_12 -> City_43 -> City_31 -> City_10 -> City_49 -> City_20 -> City_48 -> City_47 -> City_2 -> City_44 -> City_38 -> City_5 -> City_13 -> City_23 -> City_46 -> City_34 -> City_4 -> City_22 -> City_17 -> City_35 -> City_6 -> City_37
690,579.0613572921932,568.8896381398573,City_6 -> City_35 -> City_17 -> City_22 -> City_4 -> City_37 -> City_34 -> City_46 -> City_23 -> City_33 -> City_9 -> City_24 -> City_12 -> City_43 -> City_31 -> City_10 -> City_49 -> City_20 -> City_48 -> City_47 -> City_2 -> City_44 -> City_38 -> City_5 -> City_13 -> City_1 -> City_28 -> City_27 -> City_18 -> City_26 -> City_41 -> City_45 -> City_32 -> City_7 -> City_36 -> City_39 -> City_15 -> City_11 -> City_16 -> City_25 -> City_40 -> City_42 -> City_19 -> City_8 -> City_3 -> City_29 -> City_50 -> City_30 -> City_21 -> City_14
695,571.0145809479446,568.8896381398573,City_6 -> City_35 -> City_17 -> City_22 -> City_4 -> City_34 -> City_46 -> City_23 -> City_33 -> City_9 -> City_24 -> City_12 -> City_43 -> City_31 -> City_10 -> City_49 -> City_20 -> City_48 -> City_47 -> City_2 -> City_44 -> City_38 -> City_5 -> City_13 -> City_1 -> City_28 -> City_27 -> City_18 -> City_26 -> City_41 -> City_45 -> City_32 -> City_7 -> City_36 -> City_39 -> City_15 -> City_11 -> City_16 -> City_25 -> City_40 -> City_42 -> City_19 -> City_8 -> City_3 -> City_29 -> City_50 -> City_30 -> City_21 -> City_14 -> City_37
700,584.5807459172761,568.8896381398573,City_12 -> City_43 -> City_31 -> City_10 -> City_49 -> City_20 -> City_48 -> City_47 -> City_2 -> City_44 -> City_38 -> City_5 -> City_13 -> City_1 -> City_28 -> City_27 -> City_18 -> City_26 -> City_41 -> City_45 -> City_32 -> City_7 -> City_36 -> City_39 -> City_15 -> City_11 -> City_16 -> City_25 -> City_40 -> City_42 -> City_19 -> City_8 -> City_3 -> City_29 -> City_50 -> City_30 -> City_21 -> City_14 -> City_33 -> City_9 -> City_24 -> City_23 -> City_46 -> City_34 -> City_4 -> City_22 -> City_17 -> City_35 -> City_6 -> City_37
705,571.0145809479446,568.8896381398573,City_6 -> City_35 -> City_17 -> City_22 -> City_4 -> City_34 -> City_46 -> City_23 -> City_33 -> City_9 -> City_24 -> City_12 -> City_43 -> City_31 -> City_10 -> City_49 -> City_20 -> City_48 -> City_47 -> City_2 -> City_44 -> City_38 -> City_5 -> City_13 -> City_1 -> City_28 -> City_27 -> City_18 -> City_26 -> City_41 -> City_45 -> City_32 -> City_7 -> City_36 -> City_39 -> City_15 -> City_11 -> City_16 -> City_25 -> City_40 -> City_42 -> City_19 -> City_8 -> City_3 -> City_29 -> City_50 -> City_30 -> City_21 -> City_14 -> City_37
710,571.0145809479446,568.8896381398573,City_6 -> City_35 -> City_17 -> City_22 -> City_4 -> City_34 -> City_46 -> City_23 -> City_33 -> City_9 -> City_24 -> City_12 -> City_43 -> City_31 -> City_10 -> City_49 -> City_20 -> City_48 -> City_47 -> City_2 -> City_44 -> City_38 -> City_5 -> City_13 -> City_1 -> City_28 -> City_27 -> City_18 -> City_26 -> City_41 -> City_45 -> City_32 -> City_7 -> City_36 -> City_39 -> City_15 -> City_11 -> City_16 -> City_25 -> City_40 -> City_42 -> City_19 -> City_8 -> City_3 -> City_29 -> City_50 -> City_30 -> City_21 -> City_14 -> City_37
715,584.5807459172761,568.8896381398573,City_12 -> City_43 -> City_31 -> City_10 -> City_49 -> City_20 -> City_48 -> City_47 -> City_2 -> City_44 -> City_38 -> City_5 -> City_13 -> City_1 -> City_28 -> City_27 -> City_18 -> City_26 -> City_41 -> City_45 -> City_32 -> City_7 -> City_36 -> City_39 -> City_15 -> City_11 -> City_16 -> City_25 -> City_40 -> City_42 -> City_19 -> City_8 -> City_3 -> City_29 -> City_50 -> City_30 -> City_21 -> City_14 -> City_33 -> City_9 -> City_24 -> City_23 -> City_46 -> City_34 -> City_4 -> City_22 -> City_17 -> City_35 -> City_6 -> City_37
720,596.9405644670144,568.8896381398573,City_9 -> City_24 -> City_33 -> City_14 -> City_21 -> City_23 -> City_46 -> City_34 -> City_4 -> City_22 -> City_17 -> City_35 -> City_6 -> City_37 -> City_30 -> City_50 -> City_29 -> City_3 -> City_8 -> City_19 -> City_42 -> City_40 -> City_25 -> City_16 -> City_11 -> City_15 -> City_39 -> City_36 -> City_7 -> City_32 -> City_45 -> City_48 -> City_47 -> City_2 -> City_44 -> City_38 -> City_5 -> City_13 -> City_1 -> City_28 -> City_27 -> City_18 -> City_26 -> City_41 -> City_20 -> City_49 -> City_10 -> City_31 -> City_43 -> City_12
725,585.7059685060063,568.8896381398573,City_21 -> City_14 -> City_33 -> City_9 -> City_24 -> City_12 -> City_43 -> City_31 -> City_10 -> City_49 -> City_20 -> City_48 -> City_47 -> City_2 -> City_44 -> City_38 -> City_5 -> City_13 -> City_1 -> City_28 -> City_27 -> City_18 -> City_26 -> City_41 -> City_45 -> City_32 -> City_7 -> City_36 -> City_39 -> City_15 -> City_11 -> City_16 -> City_25 -> City_40 -> City_42 -> City_19 -> City_8 -> City_3 -> City_29 -> City_50 -> City_30 -> City_37 -> City_4 -> City_22 -> City_17 -> City_35 -> City_6 -> City_34 -> City_46 -> City_23
730,577.7171988621177,568.8896381398573,City_33 -> City_9 -> City_24 -> City_12 -> City_43 -> City_31 -> City_10 -> City_49 -> City_20 -> City_48 -> City_47 -> City_2 -> City_44 -> City_38 -> City_5 -> City_13 -> City_1 -> City_28 -> City_27 -> City_18 -> City_26 -> City_41 -> City_45 -> City_32 -> City_7 -> City_36 -> City_39 -> City_15 -> City_11 -> City_16 -> City_25 -> City_40 -> City_42 -> City_19 -> City_8 -> City_3 -> City_29 -> City_50 -> City_30 -> City_21 -> City_14 -> City_23 -> City_46 -> City_34 -> City_4 -> City_22 -> City_17 -> City_35 -> City_6 -> City_37
735,577.7171988621177,568.8896381398573,City_33 -> City_9 -> City_24 -> City_12 -> City_43 -> City_31 -> City_10 -> City_49 -> City_20 -> City_48 -> City_47 -> City_2 -> City_44 -> City_38 -> City_5 -> City_13 -> City_1 -> City_28 -> City_27 -> City_18 -> City_26 -> City_41 -> City_45 -> City_32 -> City_7 -> City_36 -> City_39 -> City_15 -> City_11 -> City_16 -> City_25 -> City_40 -> City_42 -> City_19 -> City_8 -> City_3 -> City_29 -> City_50 -> City_30 -> City_21 -> City_14 -> City_23 -> City_46 -> City_34 -> City_4 -> City_22 -> City_17 -> City_35 -> City_6 -> City_37
740,571.4003260939146,568.8896381398573,City_33 -> City_9 -> City_24 -> City_12 -> City_43 -> City_31 -> City_10 -> City_49 -> City_20 -> City_48 -> City_47 -> City_2 -> City_44 -> City_38 -> City_5 -> City_13 -> City_1 -> City_28 -> City_27 -> City_18 -> City_26 -> City_41 -> City_45 -> City_32 -> City_7 -> City_36 -> City_39 -> City_15 -> City_11 -> City_16 -> City_25 -> City_40 -> City_42 -> City_19 -> City_8 -> City_3 -> City_29 -> City_50 -> City_30 -> City_21 -> City_14 -> City_46 -> City_34 -> City_4 -> City_22 -> City_17 -> City_35 -> City_6 -> City_37 -> City_23
745,571.0145809479446,568.8896381398573,City_6 -> City_35 -> City_17 -> City_22 -> City_4 -> City_34 -> City_46 -> City_23 -> City_33 -> City_9 -> City_24 -> City_12 -> City_43 -> City_31 -> City_10 -> City_49 -> City_20 -> City_48 -> City_47 -> City_2 -> City_44 -> City_38 -> City_5 -> City_13 -> City_1 -> City_28 -> City_27 -> City_18 -> City_26 -> City_41 -> City_45 -> City_32 -> City_7 -> City_36 -> City_39 -> City_15 -> City_11 -> City_16 -> City_25 -> City_40 -> City_42 -> City_19 -> City_8 -> City_3 -> City_29 -> City_50 -> City_30 -> City_21 -> City_14 -> City_37
750,586.3498670325462,568.8896381398573,City_22 -> City_4 -> City_37 -> City_6 -> City_35 -> City_17 -> City_34 -> City_46 -> City_23 -> City_33 -> City_9 -> City_24 -> City_12 -> City_43 -> City_31 -> City_10 -> City_49 -> City_20 -> City_48 -> City_47 -> City_2 -> City_44 -> City_38 -> City_5 -> City_13 -> City_1 -> City_28 -> City_27 -> City_18 -> City_26 -> City_41 -> City_45 -> City_32 -> City_7 -> City_36 -> City_39 -> City_15 -> City_11 -> City_16 -> City_25 -> City_40 -> City_42 -> City_19 -> City_8 -> City_3 -> City_29 -> City_50 -> City_30 -> City_21 -> City_14
755,572.9753301957571,568.8896381398573,City_37 -> City_4 -> City_22 -> City_17 -> City_35 -> City_6 -> City_34 -> City_46 -> City_23 -> City_33 -> City_9 -> City_24 -> City_12 -> City_43 -> City_31 -> City_10 -> City_49 -> City_20 -> City_48 -> City_47 -> City_2 -> City_44 -> City_38 -> City_5 -> City_13 -> City_1 -> City_28 -> City_27 -> City_18 -> City_26 -> City_41 -> City_45 -> City_32 -> City_7 -> City_36 -> City_39 -> City_15 -> City_11 -> City_16 -> City_25 -> City_40 -> City_42 -> City_19 -> City_8 -> City_3 -> City_29 -> City_50 -> City_30 -> City_21 -> City_14
760,579.0613572921932,568.8896381398573,City_6 -> City_35 -> City_17 -> City_22 -> City_4 -> City_37 -> City_34 -> City_46 -> City_23 -> City_33 -> City_9 -> City_24 -> City_12 -> City_43 -> City_31 -> City_10 -> City_49 -> City_20 -> City_48 -> City_47 -> City_2 -> City_44 -> City_38 -> City_5 -> City_13 -> City_1 -> City_28 -> City_27 -> City_18 -> City_26 -> City_41 -> City_45 -> City_32 -> City_7 -> City_36 -> City_39 -> City_15 -> City_11 -> City_16 -> City_25 -> City_40 -> City_42 -> City_19 -> City_8 -> City_3 -> City_29 -> City_50 -> City_30 -> City_21 -> City_14
765,576.2506435833569,568.8896381398573,City_4 -> City_22 -> City_17 -> City_35 -> City_6 -> City_37 -> City_34 -> City_46 -> City_23 -> City_33 -> City_9 -> City_24 -> City_12 -> City_43 -> City_31 -> City_10 -> City_49 -> City_20 -> City_48 -> City_47 -> City_2 -> City_44 -> City_38 -> City_5 -> City_13 -> City_1 -> City_28 -> City_27 -> City_18 -> City_26 -> City_41 -> City_45 -> City_32 -> City_7 -> City_36 -> City_39 -> City_15 -> City_11 -> City_16 -> City_25 -> City_40 -> City_42 -> City_19 -> City_8 -> City_3 -> City_29 -> City_50 -> City_30 -> City_21 -> City_14
770,581.0557549466054,568.8896381398573,City_46 -> City_34 -> City_4 -> City_22 -> City_17 -> City_35 -> City_6 -> City_37 -> City_14 -> City_33 -> City_9 -> City_24 -> City_12 -> City_43 -> City_31 -> City_10 -> City_49 -> City_20 -> City_48 -> City_47 -> City_2 -> City_44 -> City_38 -> City_5 -> City_13 -> City_1 -> City_28 -> City_27 -> City_18 -> City_26 -> City_41 -> City_45 -> City_32 -> City_7 -> City_36 -> City_39 -> City_15 -> City_11 -> City_16 -> City_25 -> City_40 -> City_42 -> City_19 -> City_8 -> City_3 -> City_29 -> City_50 -> City_30 -> City_21 -> City_23
775,572.9753301957572,566.7510173441118,City_34 -> City_46 -> City_23 -> City_33 -> City_9 -> City_24 -> City_12 -> City_43 -> City_31 -> City_10 -> City_49 -> City_20 -> City_48 -> City_47 -> City_2 -> City_44 -> City_38 -> City_5 -> City_13 -> City_1 -> City_28 -> City_27 -> City_18 -> City_26 -> City_41 -> City_45 -> City_32 -> City_7 -> City_36 -> City_39 -> City_15 -> City_11 -> City_16 -> City_25 -> City_40 -> City_42 -> City_19 -> City_8 -> City_3 -> City_29 -> City_50 -> City_30 -> City_21 -> City_14 -> City_37 -> City_4 -> City_22 -> City_17 -> City_35 -> City_6
780,572.9753301957572,566.7510173441118,City_34 -> City_46 -> City_23 -> City_33 -> City_9 -> City_24 -> City_12 -> City_43 -> City_31 -> City_10 -> City_49 -> City_20 -> City_48 -> City_47 -> City_2 -> City_44 -> City_38 -> City_5 -> City_13 -> City_1 -> City_28 -> City_27 -> City_18 -> City_26 -> City_41 -> City_45 -> City_32 -> City_7 -> City_36 -> City_39 -> City_15 -> City_11 -> City_16 -> City_25 -> City_40 -> City_42 -> City_19 -> City_8 -> City_3 -> City_29 -> City_50 -> City_30 -> City_21 -> City_14 -> City_37 -> City_4 -> City_22 -> City_17 -> City_35 -> City_6
785,571.4003260939146,566.7510173441118,City_33 -> City_9 -> City_24 -> City_12 -> City_43 -> City_31 -> City_10 -> City_49 -> City_20 -> City_48 -> City_47 -> City_2 -> City_44 -> City_38 -> City_5 -> City_13 -> City_1 -> City_28 -> City_27 -> City_18 -> City_26 -> City_41 -> City_45 -> City_32 -> City_7 -> City_36 -> City_39 -> City_15 -> City_11 -> City_16 -> City_25 -> City_40 -> City_42 -> City_19 -> City_8 -> City_3 -> City_29 -> City_50 -> City_30 -> City_21 -> City_14 -> City_46 -> City_34 -> City_4 -> City_22 -> City_17 -> City_35 -> City_6 -> City_37 -> City_23
790,572.9753301957572,566.7510173441118,City_34 -> City_46 -> City_23 -> City_33 -> City_9 -> City_24 -> City_12 -> City_43 -> City_31 -> City_10 -> City_49 -> City_20 -> City_48 -> City_47 -> City_2 -> City_44 -> City_38 -> City_5 -> City_13 -> City_1 -> City_28 -> City_27 -> City_18 -> City_26 -> City_41 -> City_45 -> City_32 -> City_7 -> City_36 -> City_39 -> City_15 -> City_11 -> City_16 -> City_25 -> City_40 -> City_42 -> City_19 -> City_8 -> City_3 -> City_29 -> City_50 -> City_30 -> City_21 -> City_14 -> City_37 -> City_4 -> City_22 -> City_17 -> City_35 -> City_6
795,576.2506435833569,566.7510173441118,City_4 -> City_22 -> City_17 -> City_35 -> City_6 -> City_37 -> City_34 -> City_46 -> City_23 -> City_33 -> City_9 -> City_24 -> City_12 -> City_43 -> City_31 -> City_10 -> City_49 -> City_20 -> City_48 -> City_47 -> City_2 -> City_44 -> City_38 -> City_5 -> City_13 -> City_1 -> City_28 -> City_27 -> City_18 -> City_26 -> City_41 -> City_45 -> City_32 -> City_7 -> City_36 -> City_39 -> City_15 -> City_11 -> City_16 -> City_25 -> City_40 -> City_42 -> City_19 -> City_8 -> City_3 -> City_29 -> City_50 -> City_30 -> City_21 -> City_14
800,580.3853524659797,566.7510173441118,City_22 -> City_17 -> City_35 -> City_6 -> City_37 -> City_4 -> City_34 -> City_46 -> City_23 -> City_33 -> City_9 -> City_24 -> City_12 -> City_43 -> City_31 -> City_10 -> City_49 -> City_20 -> City_48 -> City_47 -> City_2 -> City_44 -> City_38 -> City_5 -> City_13 -> City_1 -> City_28 -> City_27 -> City_18 -> City_26 -> City_41 -> City_45 -> City_32 -> City_7 -> City_36 -> City_39 -> City_15 -> City_11 -> City_16 -> City_25 -> City_40 -> City_42 -> City_19 -> City_8 -> City_3 -> City_29 -> City_50 -> City_30 -> City_21 -> City_14
805,571.4003260939146,566.7510173441118,City_23 -> City_33 -> City_9 -> City_24 -> City_12 -> City_43 -> City_31 -> City_10 -> City_49 -> City_20 -> City_48 -> City_47 -> City_2 -> City_44 -> City_38 -> City_5 -> City_13 -> City_1 -> City_28 -> City_27 -> City_18 -> City_26 -> City_41 -> City_45 -> City_32 -> City_7 -> City_36 -> City_39 -> City_15 -> City_11 -> City_16 -> City_25 -> City_40 -> City_42 -> City_19 -> City_8 -> City_3 -> City_29 -> City_50 -> City_30 -> City_21 -> City_14 -> City_46 -> City_34 -> City_4 -> City_22 -> City_17 -> City_35 -> City_6 -> City_37
810,572.9753301957572,566.7510173441118,City_34 -> City_46 -> City_23 -> City_33 -> City_9 -> City_24 -> City_12 -> City_43 -> City_31 -> City_10 -> City_49 -> City_20 -> City_48 -> City_47 -> City_2 -> City_44 -> City_38 -> City_5 -> City_13 -> City_1 -> City_28 -> City_27 -> City_18 -> City_26 -> City_41 -> City_45 -> City_32 -> City_7 -> City_36 -> City_39 -> City_15 -> City_11 -> City_16 -> City_25 -> City_40 -> City_42 -> City_19 -> City_8 -> City_3 -> City_29 -> City_50 -> City_30 -> City_21 -> City_14 -> City_37 -> City_4 -> City_22 -> City_17 -> City_35 -> City_6
815,572.9753301957572,566.7510173441118,City_34 -> City_46 -> City_23 -> City_33 -> City_9 -> City_24 -> City_12 -> City_43 -> City_31 -> City_10 -> City_49 -> City_20 -> City_48 -> City_47 -> City_2 -> City_44 -> City_38 -> City_5 -> City_13 -> City_1 -> City_28 -> City_27 -> City_18 -> City_26 -> City_41 -> City_45 -> City_32 -> City_7 -> City_36 -> City_39 -> City_15 -> City_11 -> City_16 -> City_25 -> City_40 -> City_42 -> City_19 -> City_8 -> City_3 -> City_29 -> City_50 -> City_30 -> City_21 -> City_14 -> City_37 -> City_4 -> City_22 -> City_17 -> City_35 -> City_6
820,575.2881956691459,566.7510173441118,City_37 -> City_4 -> City_22 -> City_17 -> City_35 -> City_6 -> City_34 -> City_46 -> City_23 -> City_33 -> City_9 -> City_24 -> City_12 -> City_43 -> City_31 -> City_10 -> City_49 -> City_20 -> City_48 -> City_47 -> City_2 -> City_44 -> City_38 -> City_5 -> City_13 -> City_1 -> City_28 -> City_27 -> City_18 -> City_26 -> City_41 -> City_45 -> City_32 -> City_7 -> City_36 -> City_39 -> City_15 -> City_11 -> City_16 -> City_25 -> City_40 -> City_42 -> City_19 -> City_3 -> City_8 -> City_50 -> City_29 -> City_30 -> City_21 -> City_14
825,579.0613572921932,566.7510173441118,City_6 -> City_35 -> City_17 -> City_22 -> City_4 -> City_37 -> City_34 -> City_46 -> City_23 -> City_33 -> City_9 -> City_24 -> City_12 -> City_43 -> City_31 -> City_10 -> City_49 -> City_20 -> City_48 -> City_47 -> City_2 -> City_44 -> City_38 -> City_5 -> City_13 -> City_1 -> City_28 -> City_27 -> City_18 -> City_26 -> City_41 -> City_45 -> City_32 -> City_7 -> City_36 -> City_39 -> City_15 -> City_11 -> City_16 -> City_25 -> City_40 -> City_42 -> City_19 -> City_8 -> City_3 -> City_29 -> City_50 -> City_30 -> City_21 -> City_14
830,579.0613572921932,566.7510173441118,City_6 -> City_35 -> City_17 -> City_22 -> City_4 -> City_37 -> City_34 -> City_46 -> City_23 -> City_33 -> City_9 -> City_24 -> City_12 -> City_43 -> City_31 -> City_10 -> City_49 -> City_20 -> City_48 -> City_47 -> City_2 -> City_44 -> City_38 -> City_5 -> City_13 -> City_1 -> City_28 -> City_27 -> City_18 -> City_26 -> City_41 -> City_45 -> City_32 -> City_7 -> City_36 -> City_39 -> City_15 -> City_11 -> City_16 -> City_25 -> City_40 -> City_42 -> City_19 -> City_8 -> City_3 -> City_29 -> City_50 -> City_30 -> City_21 -> City_14
835,571.4003260939146,566.7510173441118,City_23 -> City_33 -> City_9 -> City_24 -> City_12 -> City_43 -> City_31 -> City_10 -> City_49 -> City_20 -> City_48 -> City_47 -> City_2 -> City_44 -> City_38 -> City_5 -> City_13 -> City_1 -> City_28 -> City_27 -> City_18 -> City_26 -> City_41 -> City_45 -> City_32 -> City_7 -> City_36 -> City_39 -> City_15 -> City_11 -> City_16 -> City_25 -> City_40 -> City_42 -> City_19 -> City_8 -> City_3 -> City_29 -> City_50 -> City_30 -> City_21 -> City_14 -> City_46 -> City_34 -> City_4 -> City_22 -> City_17 -> City_35 -> City_6 -> City_37
840,571.0145809479446,566.7510173441118,City_17 -> City_22 -> City_4 -> City_34 -> City_46 -> City_23 -> City_33 -> City_9 -> City_24 -> City_12 -> City_43 -> City_31 -> City_10 -> City_49 -> City_20 -> City_48 -> City_47 -> City_2 -> City_44 -> City_38 -> City_5 -> City_13 -> City_1 -> City_28 -> City_27 -> City_18 -> City_26 -> City_41 -> City_45 -> City_32 -> City_7 -> City_36 -> City_39 -> City_15 -> City_11 -> City_16 -> City_25 -> City_40 -> City_42 -> City_19 -> City_8 -> City_3 -> City_29 -> City_50 -> City_30 -> City_21 -> City_14 -> City_37 -> City_6 -> City_35
845,571.4003260939146,566.7510173441118,City_23 -> City_33 -> City_9 -> City_24 -> City_12 -> City_43 -> City_31 -> City_10 -> City_49 -> City_20 -> City_48 -> City_47 -> City_2 -> City_44 -> City_38 -> City_5 -> City_13 -> City_1 -> City_28 -> City_27 -> City_18 -> City_26 -> City_41 -> City_45 -> City_32 -> City_7 -> City_36 -> City_39 -> City_15 -> City_11 -> City_16 -> City_25 -> City_40 -> City_42 -> City_19 -> City_8 -> City_3 -> City_29 -> City_50 -> City_30 -> City_21 -> City_14 -> City_46 -> City_34 -> City_4 -> City_22 -> City_17 -> City_35 -> City_6 -> City_37
850,572.9753301957572,566.7510173441118,City_17 -> City_35 -> City_6 -> City_34 -> City_46 -> City_23 -> City_33 -> City_9 -> City_24 -> City_12 -> City_43 -> City_31 -> City_10 -> City_49 -> City_20 -> City_48 -> City_47 -> City_2 -> City_44 -> City_38 -> City_5 -> City_13 -> City_1 -> City_28 -> City_27 -> City_18 -> City_26 -> City_41 -> City_45 -> City_32 -> City_7 -> City_36 -> City_39 -> City_15 -> City_11 -> City_16 -> City_25 -> City_40 -> City_42 -> City_19 -> City_8 -> City_3 -> City_29 -> City_50 -> City_30 -> City_21 -> City_14 -> City_37 -> City_4 -> City_22
855,572.9603913261084,566.7510173441118,City_34 -> City_46 -> City_23 -> City_33 -> City_9 -> City_24 -> City_12 -> City_43 -> City_31 -> City_10 -> City_49 -> City_20 -> City_48 -> City_47 -> City_2 -> City_44 -> City_38 -> City_5 -> City_13 -> City_1 -> City_28 -> City_27 -> City_18 -> City_26 -> City_41 -> City_45 -> City_32 -> City_7 -> City_36 -> City_39 -> City_15 -> City_11 -> City_16 -> City_25 -> City_40 -> City_42 -> City_19 -> City_8 -> City_3 -> City_29 -> City_50 -> City_30 -> City_21 -> City_14 -> City_37 -> City_4 -> City_22 -> City_17 -> City_6 -> City_35
860,571.3152335683434,566.7510173441118,City_17 -> City_35 -> City_6 -> City_22 -> City_4 -> City_34 -> City_46 -> City_23 -> City_33 -> City_9 -> City_24 -> City_12 -> City_43 -> City_31 -> City_10 -> City_49 -> City_20 -> City_48 -> City_47 -> City_2 -> City_44 -> City_38 -> City_5 -> City_13 -> City_1 -> City_28 -> City_27 -> City_18 -> City_26 -> City_41 -> City_45 -> City_32 -> City_7 -> City_36 -> City_39 -> City_15 -> City_11 -> City_16 -> City_25 -> City_40 -> City_42 -> City_19 -> City_8 -> City_3 -> City_29 -> City_50 -> City_30 -> City_21 -> City_14 -> City_37
865,575.6820463379573,566.7510173441118,City_36 -> City_39 -> City_15 -> City_11 -> City_16 -> City_25 -> City_40 -> City_42 -> City_19 -> City_8 -> City_3 -> City_29 -> City_50 -> City_30 -> City_21 -> City_14 -> City_33 -> City_9 -> City_24 -> City_12 -> City_43 -> City_31 -> City_10 -> City_49 -> City_20 -> City_48 -> City_47 -> City_2 -> City_44 -> City_38 -> City_5 -> City_13 -> City_23 -> City_46 -> City_34 -> City_4 -> City_22 -> City_17 -> City_35 -> City_6 -> City_37 -> City_1 -> City_28 -> City_27 -> City_18 -> City_26 -> City_41 -> City_45 -> City_32 -> City_7
870,571.0145809479446,566.7510173441118,City_6 -> City_35 -> City_17 -> City_22 -> City_4 -> City_34 -> City_46 -> City_23 -> City_33 -> City_9 -> City_24 -> City_12 -> City_43 -> City_31 -> City_10 -> City_49 -> City_20 -> City_48 -> City_47 -> City_2 -> City_44 -> City_38 -> City_5 -> City_13 -> City_1 -> City_28 -> City_27 -> City_18 -> City_26 -> City_41 -> City_45 -> City_32 -> City_7 -> City_36 -> City_39 -> City_15 -> City_11 -> City_16 -> City_25 -> City_40 -> City_42 -> City_19 -> City_8 -> City_3 -> City_29 -> City_50 -> City_30 -> City_21 -> City_14 -> City_37
875,582.5284610690546,566.7510173441118,City_9 -> City_24 -> City_12 -> City_43 -> City_31 -> City_10 -> City_49 -> City_20 -> City_48 -> City_47 -> City_2 -> City_44 -> City_38 -> City_5 -> City_13 -> City_1 -> City_28 -> City_27 -> City_18 -> City_26 -> City_41 -> City_45 -> City_32 -> City_7 -> City_36 -> City_39 -> City_15 -> City_11 -> City_16 -> City_25 -> City_40 -> City_42 -> City_19 -> City_8 -> City_3 -> City_29 -> City_50 -> City_30 -> City_21 -> City_14 -> City_33 -> City_23 -> City_46 -> City_34 -> City_4 -> City_22 -> City_17 -> City_35 -> City_6 -> City_37
880,571.0145809479446,566.7510173441118,City_6 -> City_35 -> City_17 -> City_22 -> City_4 -> City_34 -> City_46 -> City_23 -> City_33 -> City_9 -> City_24 -> City_12 -> City_43 -> City_31 -> City_10 -> City_49 -> City_20 -> City_48 -> City_47 -> City_2 -> City_44 -> City_38 -> City_5 -> City_13 -> City_1 -> City_28 -> City_27 -> City_18 -> City_26 -> City_41 -> City_45 -> City_32 -> City_7 -> City_36 -> City_39 -> City_15 -> City_11 -> City_16 -> City_25 -> City_40 -> City_42 -> City_19 -> City_8 -> City_3 -> City_29 -> City_50 -> City_30 -> City_21 -> City_14 -> City_37
885,572.9753301957571,566.7510173441118,City_37 -> City_4 -> City_22 -> City_17 -> City_35 -> City_6 -> City_34 -> City_46 -> City_23 -> City_33 -> City_9 -> City_24 -> City_12 -> City_43 -> City_31 -> City_10 -> City_49 -> City_20 -> City_48 -> City_47 -> City_2 -> City_44 -> City_38 -> City_5 -> City_13 -> City_1 -> City_28 -> City_27 -> City_18 -> City_26 -> City_41 -> City_45 -> City_32 -> City_7 -> City_36 -> City_39 -> City_15 -> City_11 -> City_16 -> City_25 -> City_40 -> City_42 -> City_19 -> City_8 -> City_3 -> City_29 -> City_50 -> City_30 -> City_21 -> City_14
890,581.0557549466052,566.7510173441118,City_14 -> City_33 -> City_9 -> City_24 -> City_12 -> City_43 -> City_31 -> City_10 -> City_49 -> City_20 -> City_48 -> City_47 -> City_2 -> City_44 -> City_38 -> City_5 -> City_13 -> City_1 -> City_28 -> City_27 -> City_18 -> City_26 -> City_41 -> City_45 -> City_32 -> City_7 -> City_36 -> City_39 -> City_15 -> City_11 -> City_16 -> City_25 -> City_40 -> City_42 -> City_19 -> City_8 -> City_3 -> City_29 -> City_50 -> City_30 -> City_21 -> City_23 -> City_46 -> City_34 -> City_4 -> City_22 -> City_17 -> City_35 -> City_6 -> City_37
895,575.6820463379572,566.7510173441118,City_1 -> City_28 -> City_27 -> City_18 -> City_26 -> City_41 -> City_45 -> City_32 -> City_7 -> City_36 -> City_39 -> City_15 -> City_11 -> City_16 -> City_25 -> City_40 -> City_42 -> City_19 -> City_8 -> City_3 -> City_29 -> City_50 -> City_30 -> City_21 -> City_14 -> City_33 -> City_9 -> City_24 -> City_12 -> City_43 -> City_31 -> City_10 -> City_49 -> City_20 -> City_48 -> City_47 -> City_2 -> City_44 -> City_38 -> City_5 -> City_13 -> City_23 -> City_46 -> City_34 -> City_4 -> City_22 -> City_17 -> City_35 -> City_6 -> City_37
900,571.4003260939146,566.7510173441118,City_33 -> City_9 -> City_24 -> City_12 -> City_43 -> City_31 -> City_10 -> City_49 -> City_20 -> City_48 -> City_47 -> City_2 -> City_44 -> City_38 -> City_5 -> City_13 -> City_1 -> City_28 -> City_27 -> City_18 -> City_26 -> City_41 -> City_45 -> City_32 -> City_7 -> City_36 -> City_39 -> City_15 -> City_11 -> City_16 -> City_25 -> City_40 -> City_42 -> City_19 -> City_8 -> City_3 -> City_29 -> City_50 -> City_30 -> City_21 -> City_14 -> City_46 -> City_34 -> City_4 -> City_22 -> City_17 -> City_35 -> City_6 -> City_37 -> City_23
905,571.4003260939146,566.7510173441118,City_33 -> City_9 -> City_24 -> City_12 -> City_43 -> City_31 -> City_10 -> City_49 -> City_20 -> City_48 -> City_47 -> City_2 -> City_44 -> City_38 -> City_5 -> City_13 -> City_1 -> City_28 -> City_27 -> City_18 -> City_26 -> City_41 -> City_45 -> City_32 -> City_7 -> City_36 -> City_39 -> City_15 -> City_11 -> City_16 -> City_25 -> City_40 -> City_42 -> City_19 -> City_8 -> City_3 -> City_29 -> City_50 -> City_30 -> City_21 -> City_14 -> City_46 -> City_34 -> City_4 -> City_22 -> City_17 -> City_35 -> City_6 -> City_37 -> City_23
910,572.9753301957571,566.7510173441118,City_37 -> City_4 -> City_22 -> City_17 -> City_35 -> City_6 -> City_34 -> City_46 -> City_23 -> City_33 -> City_9 -> City_24 -> City_12 -> City_43 -> City_31 -> City_10 -> City_49 -> City_20 -> City_48 -> City_47 -> City_2 -> City_44 -> City_38 -> City_5 -> City_13 -> City_1 -> City_28 -> City_27 -> City_18 -> City_26 -> City_41 -> City_45 -> City_32 -> City_7 -> City_36 -> City_39 -> City_15 -> City_11 -> City_16 -> City_25 -> City_40 -> City_42 -> City_19 -> City_8 -> City_3 -> City_29 -> City_50 -> City_30 -> City_21 -> City_14
915,572.9753301957571,566.7510173441118,City_37 -> City_4 -> City_22 -> City_17 -> City_35 -> City_6 -> City_34 -> City_46 -> City_23 -> City_33 -> City_9 -> City_24 -> City_12 -> City_43 -> City_31 -> City_10 -> City_49 -> City_20 -> City_48 -> City_47 -> City_2 -> City_44 -> City_38 -> City_5 -> City_13 -> City_1 -> City_28 -> City_27 -> City_18 -> City_26 -> City_41 -> City_45 -> City_32 -> City_7 -> City_36 -> City_39 -> City_15 -> City_11 -> City_16 -> City_25 -> City_40 -> City_42 -> City_19 -> City_8 -> City_3 -> City_29 -> City_50 -> City_30 -> City_21 -> City_14
920,575.3233746030025,566.7510173441118,City_33 -> City_9 -> City_24 -> City_12 -> City_43 -> City_31 -> City_10 -> City_49 -> City_20 -> City_48 -> City_47 -> City_2 -> City_44 -> City_38 -> City_5 -> City_13 -> City_1 -> City_28 -> City_27 -> City_18 -> City_26 -> City_41 -> City_45 -> City_32 -> City_7 -> City_36 -> City_39 -> City_15 -> City_11 -> City_16 -> City_25 -> City_40 -> City_19 -> City_42 -> City_8 -> City_3 -> City_29 -> City_50 -> City_30 -> City_21 -> City_14 -> City_46 -> City_34 -> City_4 -> City_22 -> City_17 -> City_35 -> City_6 -> City_37 -> City_23
925,576.8983787048451,566.7510173441118,City_37 -> City_4 -> City_22 -> City_17 -> City_35 -> City_6 -> City_34 -> City_46 -> City_23 -> City_33 -> City_9 -> City_24 -> City_12 -> City_43 -> City_31 -> City_10 -> City_49 -> City_20 -> City_48 -> City_47 -> City_2 -> City_44 -> City_38 -> City_5 -> City_13 -> City_1 -> City_28 -> City_27 -> City_18 -> City_26 -> City_41 -> City_45 -> City_32 -> City_7 -> City_36 -> City_39 -> City_15 -> City_11 -> City_16 -> City_25 -> City_40 -> City_19 -> City_42 -> City_8 -> City_3 -> City_29 -> City_50 -> City_30 -> City_21 -> City_14
930,572.9753301957571,566.7510173441118,City_37 -> City_4 -> City_22 -> City_17 -> City_35 -> City_6 -> City_34 -> City_46 -> City_23 -> City_33 -> City_9 -> City_24 -> City_12 -> City_43 -> City_31 -> City_10 -> City_49 -> City_20 -> City_48 -> City_47 -> City_2 -> City_44 -> City_38 -> City_5 -> City_13 -> City_1 -> City_28 -> City_27 -> City_18 -> City_26 -> City_41 -> City_45 -> City_32 -> City_7 -> City_36 -> City_39 -> City_15 -> City_11 -> City_16 -> City_25 -> City_40 -> City_42 -> City_19 -> City_8 -> City_3 -> City_29 -> City_50 -> City_30 -> City_21 -> City_14
935,572.9753301957572,566.7510173441118,City_34 -> City_46 -> City_23 -> City_33 -> City_9 -> City_24 -> City_12 -> City_43 -> City_31 -> City_10 -> City_49 -> City_20 -> City_48 -> City_47 -> City_2 -> City_44 -> City_38 -> City_5 -> City_13 -> City_1 -> City_28 -> City_27 -> City_18 -> City_26 -> City_41 -> City_45 -> City_32 -> City_7 -> City_36 -> City_39 -> City_15 -> City_11 -> City_16 -> City_25 -> City_40 -> City_42 -> City_19 -> City_8 -> City_3 -> City_29 -> City_50 -> City_30 -> City_21 -> City_14 -> City_37 -> City_4 -> City_22 -> City_17 -> City_35 -> City_6
940,571.4003260939146,566.7510173441118,City_46 -> City_34 -> City_4 -> City_22 -> City_17 -> City_35 -> City_6 -> City_37 -> City_23 -> City_33 -> City_9 -> City_24 -> City_12 -> City_43 -> City_31 -> City_10 -> City_49 -> City_20 -> City_48 -> City_47 -> City_2 -> City_44 -> City_38 -> City_5 -> City_13 -> City_1 -> City_28 -> City_27 -> City_18 -> City_26 -> City_41 -> City_45 -> City_32 -> City_7 -> City_36 -> City_39 -> City_15 -> City_11 -> City_16 -> City_25 -> City_40 -> City_42 -> City_19 -> City_8 -> City_3 -> City_29 -> City_50 -> City_30 -> City_21 -> City_14
945,576.2506435833569,566.7510173441118,City_4 -> City_22 -> City_17 -> City_35 -> City_6 -> City_37 -> City_34 -> City_46 -> City_23 -> City_33 -> City_9 -> City_24 -> City_12 -> City_43 -> City_31 -> City_10 -> City_49 -> City_20 -> City_48 -> City_47 -> City_2 -> City_44 -> City_38 -> City_5 -> City_13 -> City_1 -> City_28 -> City_27 -> City_18 -> City_26 -> City_41 -> City_45 -> City_32 -> City_7 -> City_36 -> City_39 -> City_15 -> City_11 -> City_16 -> City_25 -> City_40 -> City_42 -> City_19 -> City_8 -> City_3 -> City_29 -> City_50 -> City_30 -> City_21 -> City_14
950,571.0145809479446,566.7510173441118,City_35 -> City_17 -> City_22 -> City_4 -> City_34 -> City_46 -> City_23 -> City_33 -> City_9 -> City_24 -> City_12 -> City_43 -> City_31 -> City_10 -> City_49 -> City_20 -> City_48 -> City_47 -> City_2 -> City_44 -> City_38 -> City_5 -> City_13 -> City_1 -> City_28 -> City_27 -> City_18 -> City_26 -> City_41 -> City_45 -> City_32 -> City_7 -> City_36 -> City_39 -> City_15 -> City_11 -> City_16 -> City_25 -> City_40 -> City_42 -> City_19 -> City_8 -> City_3 -> City_29 -> City_50 -> City_30 -> City_21 -> City_14 -> City_37 -> City_6
955,572.9753301957571,566.7510173441118,City_37 -> City_4 -> City_22 -> City_17 -> City_35 -> City_6 -> City_34 -> City_46 -> City_23 -> City_33 -> City_9 -> City_24 -> City_12 -> City_43 -> City_31 -> City_10 -> City_49 -> City_20 -> City_48 -> City_47 -> City_2 -> City_44 -> City_38 -> City_5 -> City_13 -> City_1 -> City_28 -> City_27 -> City_18 -> City_26 -> City_41 -> City_45 -> City_32 -> City_7 -> City_36 -> City_39 -> City_15 -> City_11 -> City_16 -> City_25 -> City_40 -> City_42 -> City_19 -> City_8 -> City_3 -> City_29 -> City_50 -> City_30 -> City_21 -> City_14
960,572.9753301957572,566.7510173441118,City_4 -> City_22 -> City_17 -> City_35 -> City_6 -> City_34 -> City_46 -> City_23 -> City_33 -> City_9 -> City_24 -> City_12 -> City_43 -> City_31 -> City_10 -> City_49 -> City_20 -> City_48 -> City_47 -> City_2 -> City_44 -> City_38 -> City_5 -> City_13 -> City_1 -> City_28 -> City_27 -> City_18 -> City_26 -> City_41 -> City_45 -> City_32 -> City_7 -> City_36 -> City_39 -> City_15 -> City_11 -> City_16 -> City_25 -> City_40 -> City_42 -> City_19 -> City_8 -> City_3 -> City_29 -> City_50 -> City_30 -> City_21 -> City_14 -> City_37
965,571.4003260939146,566.7510173441118,City_33 -> City_9 -> City_24 -> City_12 -> City_43 -> City_31 -> City_10 -> City_49 -> City_20 -> City_48 -> City_47 -> City_2 -> City_44 -> City_38 -> City_5 -> City_13 -> City_1 -> City_28 -> City_27 -> City_18 -> City_26 -> City_41 -> City_45 -> City_32 -> City_7 -> City_36 -> City_39 -> City_15 -> City_11 -> City_16 -> City_25 -> City_40 -> City_42 -> City_19 -> City_8 -> City_3 -> City_29 -> City_50 -> City_30 -> City_21 -> City_14 -> City_46 -> City_34 -> City_4 -> City_22 -> City_17 -> City_35 -> City_6 -> City_37 -> City_23
970,571.0145809479446,566.7510173441118,City_35 -> City_17 -> City_22 -> City_4 -> City_34 -> City_46 -> City_23 -> City_33 -> City_9 -> City_24 -> City_12 -> City_43 -> City_31 -> City_10 -> City_49 -> City_20 -> City_48 -> City_47 -> City_2 -> City_44 -> City_38 -> City_5 -> City_13 -> City_1 -> City_28 -> City_27 -> City_18 -> City_26 -> City_41 -> City_45 -> City_32 -> City_7 -> City_36 -> City_39 -> City_15 -> City_11 -> City_16 -> City_25 -> City_40 -> City_42 -> City_19 -> City_8 -> City_3 -> City_29 -> City_50 -> City_30 -> City_21 -> City_14 -> City_37 -> City_6
975,571.0145809479446,566.7510173441118,City_35 -> City_17 -> City_22 -> City_4 -> City_34 -> City_46 -> City_23 -> City_33 -> City_9 -> City_24 -> City_12 -> City_43 -> City_31 -> City_10 -> City_49 -> City_20 -> City_48 -> City_47 -> City_2 -> City_44 -> City_38 -> City_5 -> City_13 -> City_1 -> City_28 -> City_27 -> City_18 -> City_26 -> City_41 -> City_45 -> City_32 -> City_7 -> City_36 -> City_39 -> City_15 -> City_11 -> City_16 -> City_25 -> City_40 -> City_42 -> City_19 -> City_8 -> City_3 -> City_29 -> City_50 -> City_30 -> City_21 -> City_14 -> City_37 -> City_6
980,570.7360350960869,566.7510173441118,City_34 -> City_4 -> City_22 -> City_17 -> City_35 -> City_6 -> City_37 -> City_46 -> City_23 -> City_33 -> City_9 -> City_24 -> City_12 -> City_43 -> City_31 -> City_10 -> City_49 -> City_20 -> City_48 -> City_47 -> City_2 -> City_44 -> City_38 -> City_5 -> City_13 -> City_1 -> City_28 -> City_27 -> City_18 -> City_26 -> City_41 -> City_45 -> City_32 -> City_7 -> City_36 -> City_39 -> City_15 -> City_11 -> City_16 -> City_25 -> City_40 -> City_42 -> City_19 -> City_8 -> City_3 -> City_29 -> City_50 -> City_30 -> City_21 -> City_14
985,572.9753301957571,566.7510173441118,City_37 -> City_4 -> City_22 -> City_17 -> City_35 -> City_6 -> City_34 -> City_46 -> City_23 -> City_33 -> City_9 -> City_24 -> City_12 -> City_43 -> City_31 -> City_10 -> City_49 -> City_20 -> City_48 -> City_47 -> City_2 -> City_44 -> City_38 -> City_5 -> City_13 -> City_1 -> City_28 -> City_27 -> City_18 -> City_26 -> City_41 -> City_45 -> City_32 -> City_7 -> City_36 -> City_39 -> City_15 -> City_11 -> City_16 -> City_25 -> City_40 -> City_42 -> City_19 -> City_8 -> City_3 -> City_29 -> City_50 -> City_30 -> City_21 -> City_14
990,571.0145809479448,566.7510173441118,City_14 -> City_21 -> City_30 -> City_50 -> City_29 -> City_3 -> City_8 -> City_19 -> City_42 -> City_40 -> City_25 -> City_16 -> City_11 -> City_15 -> City_39 -> City_36 -> City_7 -> City_32 -> City_45 -> City_41 -> City_26 -> City_18 -> City_27 -> City_28 -> City_1 -> City_13 -> City_5 -> City_38 -> City_44 -> City_2 -> City_47 -> City_48 -> City_20 -> City_49 -> City_10 -> City_31 -> City_43 -> City_12 -> City_24 -> City_9 -> City_33 -> City_23 -> City_46 -> City_34 -> City_4 -> City_22 -> City_17 -> City_35 -> City_6 -> City_37
995,572.9753301957571,566.7510173441118,City_37 -> City_4 -> City_22 -> City_17 -> City_35 -> City_6 -> City_34 -> City_46 -> City_23 -> City_33 -> City_9 -> City_24 -> City_12 -> City_43 -> City_31 -> City_10 -> City_49 -> City_20 -> City_48 -> City_47 -> City_2 -> City_44 -> City_38 -> City_5 -> City_13 -> City_1 -> City_28 -> City_27 -> City_18 -> City_26 -> City_41 -> City_45 -> City_32 -> City_7 -> City_36 -> City_39 -> City_15 -> City_11 -> City_16 -> City_25 -> City_40 -> City_42 -> City_19 -> City_8 -> City_3 -> City_29 -> City_50 -> City_30 -> City_21 -> City_14
1000,571.4003260939146,566.7510173441118,City_46 -> City_34 -> City_4 -> City_22 -> City_17 -> City_35 -> City_6 -> City_37 -> City_23 -> City_33 -> City_9 -> City_24 -> City_12 -> City_43 -> City_31 -> City_10 -> City_49 -> City_20 -> City_48 -> City_47 -> City_2 -> City_44 -> City_38 -> City_5 -> City_13 -> City_1 -> City_28 -> City_27 -> City_18 -> City_26 -> City_41 -> City_45 -> City_32 -> City_7 -> City_36 -> City_39 -> City_15 -> City_11 -> City_16 -> City_25 -> City_40 -> City_42 -> City_19 -> City_8 -> City_3 -> City_29 -> City_50 -> City_30 -> City_21 -> City_14
