iteration,current_distance,best_distance,route
0,2020.4562734040676,2020.4562734040676,City_38 -> City_21 -> City_6 -> City_33 -> City_23 -> City_14 -> City_20 -> City_36 -> City_45 -> City_28 -> City_7 -> City_27 -> City_18 -> City_26 -> City_22 -> City_1 -> City_4 -> City_8 -> City_40 -> City_11 -> City_13 -> City_32 -> City_17 -> City_43 -> City_19 -> City_34 -> City_35 -> City_15 -> City_30 -> City_12 -> City_31 -> City_42 -> City_44 -> City_41 -> City_25 -> City_37 -> City_24 -> City_16 -> City_5 -> City_9 -> City_3 -> City_29 -> City_39 -> City_10 -> City_2
5,1697.8590178922968,1697.8590178922968,City_11 -> City_42 -> City_24 -> City_14 -> City_31 -> City_1 -> City_20 -> City_2 -> City_28 -> City_23 -> City_33 -> City_13 -> City_45 -> City_32 -> City_27 -> City_36 -> City_3 -> City_6 -> City_37 -> City_22 -> City_4 -> City_34 -> City_5 -> City_9 -> City_17 -> City_35 -> City_15 -> City_10 -> City_38 -> City_7 -> City_21 -> City_29 -> City_12 -> City_30 -> City_8 -> City_41 -> City_44 -> City_39 -> City_18 -> City_26 -> City_40 -> City_19 -> City_43 -> City_25 -> City_16
10,1519.8564474137593,1519.8564474137593,City_11 -> City_42 -> City_24 -> City_14 -> City_31 -> City_3 -> City_6 -> City_17 -> City_35 -> City_38 -> City_7 -> City_32 -> City_27 -> City_36 -> City_21 -> City_29 -> City_30 -> City_12 -> City_37 -> City_22 -> City_4 -> City_34 -> City_5 -> City_28 -> City_9 -> City_23 -> City_33 -> City_13 -> City_45 -> City_15 -> City_10 -> City_8 -> City_41 -> City_44 -> City_20 -> City_39 -> City_1 -> City_18 -> City_26 -> City_2 -> City_40 -> City_19 -> City_43 -> City_25 -> City_16
15,1409.7167952477212,1409.7167952477212,City_11 -> City_42 -> City_24 -> City_14 -> City_31 -> City_3 -> City_6 -> City_17 -> City_35 -> City_9 -> City_32 -> City_27 -> City_21 -> City_29 -> City_30 -> City_12 -> City_37 -> City_22 -> City_4 -> City_34 -> City_5 -> City_28 -> City_23 -> City_33 -> City_13 -> City_20 -> City_44 -> City_1 -> City_45 -> City_39 -> City_36 -> City_15 -> City_10 -> City_8 -> City_7 -> City_41 -> City_18 -> City_26 -> City_2 -> City_38 -> City_40 -> City_19 -> City_43 -> City_25 -> City_16
20,1329.8237318867177,1329.8237318867177,City_11 -> City_42 -> City_24 -> City_14 -> City_31 -> City_3 -> City_6 -> City_17 -> City_35 -> City_9 -> City_32 -> City_27 -> City_21 -> City_29 -> City_30 -> City_12 -> City_37 -> City_22 -> City_4 -> City_34 -> City_5 -> City_44 -> City_1 -> City_28 -> City_23 -> City_33 -> City_13 -> City_20 -> City_45 -> City_39 -> City_36 -> City_7 -> City_15 -> City_10 -> City_8 -> City_41 -> City_18 -> City_26 -> City_38 -> City_2 -> City_40 -> City_19 -> City_43 -> City_25 -> City_16
25,1284.715374990129,1284.715374990129,City_11 -> City_42 -> City_24 -> City_14 -> City_31 -> City_6 -> City_17 -> City_35 -> City_9 -> City_32 -> City_44 -> City_27 -> City_21 -> City_29 -> City_3 -> City_12 -> City_30 -> City_37 -> City_22 -> City_4 -> City_34 -> City_5 -> City_28 -> City_1 -> City_23 -> City_33 -> City_13 -> City_20 -> City_45 -> City_39 -> City_36 -> City_15 -> City_10 -> City_8 -> City_7 -> City_41 -> City_18 -> City_26 -> City_38 -> City_2 -> City_40 -> City_19 -> City_43 -> City_25 -> City_16
30,1244.051219399521,1244.051219399521,City_11 -> City_42 -> City_24 -> City_14 -> City_31 -> City_6 -> City_17 -> City_35 -> City_27 -> City_32 -> City_44 -> City_9 -> City_21 -> City_29 -> City_3 -> City_30 -> City_12 -> City_37 -> City_22 -> City_4 -> City_34 -> City_5 -> City_28 -> City_1 -> City_23 -> City_33 -> City_13 -> City_20 -> City_45 -> City_39 -> City_36 -> City_7 -> City_15 -> City_10 -> City_8 -> City_41 -> City_18 -> City_26 -> City_38 -> City_2 -> City_40 -> City_19 -> City_43 -> City_25 -> City_16
35,1224.6425090599641,1224.6425090599641,City_11 -> City_42 -> City_24 -> City_14 -> City_31 -> City_6 -> City_17 -> City_35 -> City_27 -> City_44 -> City_9 -> City_21 -> City_29 -> City_3 -> City_30 -> City_12 -> City_37 -> City_22 -> City_4 -> City_34 -> City_5 -> City_28 -> City_1 -> City_23 -> City_33 -> City_13 -> City_32 -> City_20 -> City_45 -> City_39 -> City_36 -> City_7 -> City_15 -> City_10 -> City_8 -> City_41 -> City_18 -> City_26 -> City_38 -> City_2 -> City_40 -> City_19 -> City_43 -> City_25 -> City_16
40,1221.6829671346045,1221.6829671346045,City_11 -> City_42 -> City_24 -> City_14 -> City_31 -> City_6 -> City_17 -> City_35 -> City_27 -> City_44 -> City_9 -> City_21 -> City_29 -> City_3 -> City_30 -> City_12 -> City_37 -> City_22 -> City_4 -> City_34 -> City_5 -> City_28 -> City_1 -> City_23 -> City_33 -> City_13 -> City_32 -> City_20 -> City_45 -> City_39 -> City_7 -> City_36 -> City_15 -> City_10 -> City_8 -> City_41 -> City_18 -> City_26 -> City_38 -> City_2 -> City_40 -> City_19 -> City_43 -> City_25 -> City_16
45,1206.4993809555058,1206.4993809555058,City_11 -> City_42 -> City_24 -> City_31 -> City_14 -> City_6 -> City_17 -> City_35 -> City_27 -> City_44 -> City_9 -> City_21 -> City_29 -> City_3 -> City_30 -> City_12 -> City_37 -> City_22 -> City_4 -> City_34 -> City_5 -> City_28 -> City_1 -> City_23 -> City_33 -> City_13 -> City_32 -> City_20 -> City_45 -> City_39 -> City_7 -> City_36 -> City_15 -> City_10 -> City_8 -> City_41 -> City_18 -> City_26 -> City_38 -> City_2 -> City_40 -> City_19 -> City_43 -> City_25 -> City_16
50,1200.7702264076472,1200.7702264076472,City_15 -> City_42 -> City_24 -> City_31 -> City_14 -> City_6 -> City_17 -> City_35 -> City_27 -> City_44 -> City_9 -> City_21 -> City_29 -> City_3 -> City_30 -> City_12 -> City_37 -> City_22 -> City_4 -> City_34 -> City_5 -> City_28 -> City_1 -> City_23 -> City_33 -> City_13 -> City_32 -> City_20 -> City_45 -> City_39 -> City_7 -> City_36 -> City_11 -> City_10 -> City_8 -> City_41 -> City_18 -> City_26 -> City_38 -> City_2 -> City_40 -> City_19 -> City_43 -> City_25 -> City_16
55,1200.7702264076472,1200.7702264076472,City_15 -> City_42 -> City_24 -> City_31 -> City_14 -> City_6 -> City_17 -> City_35 -> City_27 -> City_44 -> City_9 -> City_21 -> City_29 -> City_3 -> City_30 -> City_12 -> City_37 -> City_22 -> City_4 -> City_34 -> City_5 -> City_28 -> City_1 -> City_23 -> City_33 -> City_13 -> City_32 -> City_20 -> City_45 -> City_39 -> City_7 -> City_36 -> City_11 -> City_10 -> City_8 -> City_41 -> City_18 -> City_26 -> City_38 -> City_2 -> City_40 -> City_19 -> City_43 -> City_25 -> City_16
60,1200.7702264076472,1200.7702264076472,City_15 -> City_42 -> City_24 -> City_31 -> City_14 -> City_6 -> City_17 -> City_35 -> City_27 -> City_44 -> City_9 -> City_21 -> City_29 -> City_3 -> City_30 -> City_12 -> City_37 -> City_22 -> City_4 -> City_34 -> City_5 -> City_28 -> City_1 -> City_23 -> City_33 -> City_13 -> City_32 -> City_20 -> City_45 -> City_39 -> City_7 -> City_36 -> City_11 -> City_10 -> City_8 -> City_41 -> City_18 -> City_26 -> City_38 -> City_2 -> City_40 -> City_19 -> City_43 -> City_25 -> City_16
65,1200.7702264076472,1200.7702264076472,City_15 -> City_42 -> City_24 -> City_31 -> City_14 -> City_6 -> City_17 -> City_35 -> City_27 -> City_44 -> City_9 -> City_21 -> City_29 -> City_3 -> City_30 -> City_12 -> City_37 -> City_22 -> City_4 -> City_34 -> City_5 -> City_28 -> City_1 -> City_23 -> City_33 -> City_13 -> City_32 -> City_20 -> City_45 -> City_39 -> City_7 -> City_36 -> City_11 -> City_10 -> City_8 -> City_41 -> City_18 -> City_26 -> City_38 -> City_2 -> City_40 -> City_19 -> City_43 -> City_25 -> City_16
70,1200.7702264076472,1200.7702264076472,City_15 -> City_42 -> City_24 -> City_31 -> City_14 -> City_6 -> City_17 -> City_35 -> City_27 -> City_44 -> City_9 -> City_21 -> City_29 -> City_3 -> City_30 -> City_12 -> City_37 -> City_22 -> City_4 -> City_34 -> City_5 -> City_28 -> City_1 -> City_23 -> City_33 -> City_13 -> City_32 -> City_20 -> City_45 -> City_39 -> City_7 -> City_36 -> City_11 -> City_10 -> City_8 -> City_41 -> City_18 -> City_26 -> City_38 -> City_2 -> City_40 -> City_19 -> City_43 -> City_25 -> City_16
75,1200.7702264076472,1200.7702264076472,City_15 -> City_42 -> City_24 -> City_31 -> City_14 -> City_6 -> City_17 -> City_35 -> City_27 -> City_44 -> City_9 -> City_21 -> City_29 -> City_3 -> City_30 -> City_12 -> City_37 -> City_22 -> City_4 -> City_34 -> City_5 -> City_28 -> City_1 -> City_23 -> City_33 -> City_13 -> City_32 -> City_20 -> City_45 -> City_39 -> City_7 -> City_36 -> City_11 -> City_10 -> City_8 -> City_41 -> City_18 -> City_26 -> City_38 -> City_2 -> City_40 -> City_19 -> City_43 -> City_25 -> City_16
80,1199.1135162675325,1199.1135162675325,City_15 -> City_42 -> City_24 -> City_31 -> City_14 -> City_6 -> City_17 -> City_35 -> City_27 -> City_44 -> City_9 -> City_21 -> City_29 -> City_3 -> City_30 -> City_12 -> City_37 -> City_22 -> City_4 -> City_34 -> City_5 -> City_28 -> City_1 -> City_23 -> City_33 -> City_13 -> City_32 -> City_20 -> City_45 -> City_39 -> City_7 -> City_36 -> City_11 -> City_19 -> City_8 -> City_41 -> City_18 -> City_26 -> City_38 -> City_2 -> City_40 -> City_10 -> City_43 -> City_25 -> City_16
85,1199.1135162675325,1199.1135162675325,City_15 -> City_42 -> City_24 -> City_31 -> City_14 -> City_6 -> City_17 -> City_35 -> City_27 -> City_44 -> City_9 -> City_21 -> City_29 -> City_3 -> City_30 -> City_12 -> City_37 -> City_22 -> City_4 -> City_34 -> City_5 -> City_28 -> City_1 -> City_23 -> City_33 -> City_13 -> City_32 -> City_20 -> City_45 -> City_39 -> City_7 -> City_36 -> City_11 -> City_19 -> City_8 -> City_41 -> City_18 -> City_26 -> City_38 -> City_2 -> City_40 -> City_10 -> City_43 -> City_25 -> City_16
90,1199.1135162675325,1199.1135162675325,City_15 -> City_42 -> City_24 -> City_31 -> City_14 -> City_6 -> City_17 -> City_35 -> City_27 -> City_44 -> City_9 -> City_21 -> City_29 -> City_3 -> City_30 -> City_12 -> City_37 -> City_22 -> City_4 -> City_34 -> City_5 -> City_28 -> City_1 -> City_23 -> City_33 -> City_13 -> City_32 -> City_20 -> City_45 -> City_39 -> City_7 -> City_36 -> City_11 -> City_19 -> City_8 -> City_41 -> City_18 -> City_26 -> City_38 -> City_2 -> City_40 -> City_10 -> City_43 -> City_25 -> City_16
95,1199.1135162675325,1199.1135162675325,City_15 -> City_42 -> City_24 -> City_31 -> City_14 -> City_6 -> City_17 -> City_35 -> City_27 -> City_44 -> City_9 -> City_21 -> City_29 -> City_3 -> City_30 -> City_12 -> City_37 -> City_22 -> City_4 -> City_34 -> City_5 -> City_28 -> City_1 -> City_23 -> City_33 -> City_13 -> City_32 -> City_20 -> City_45 -> City_39 -> City_7 -> City_36 -> City_11 -> City_19 -> City_8 -> City_41 -> City_18 -> City_26 -> City_38 -> City_2 -> City_40 -> City_10 -> City_43 -> City_25 -> City_16
100,1199.1135162675325,1199.1135162675325,City_15 -> City_42 -> City_24 -> City_31 -> City_14 -> City_6 -> City_17 -> City_35 -> City_27 -> City_44 -> City_9 -> City_21 -> City_29 -> City_3 -> City_30 -> City_12 -> City_37 -> City_22 -> City_4 -> City_34 -> City_5 -> City_28 -> City_1 -> City_23 -> City_33 -> City_13 -> City_32 -> City_20 -> City_45 -> City_39 -> City_7 -> City_36 -> City_11 -> City_19 -> City_8 -> City_41 -> City_18 -> City_26 -> City_38 -> City_2 -> City_40 -> City_10 -> City_43 -> City_25 -> City_16
105,1199.1135162675325,1199.1135162675325,City_15 -> City_42 -> City_24 -> City_31 -> City_14 -> City_6 -> City_17 -> City_35 -> City_27 -> City_44 -> City_9 -> City_21 -> City_29 -> City_3 -> City_30 -> City_12 -> City_37 -> City_22 -> City_4 -> City_34 -> City_5 -> City_28 -> City_1 -> City_23 -> City_33 -> City_13 -> City_32 -> City_20 -> City_45 -> City_39 -> City_7 -> City_36 -> City_11 -> City_19 -> City_8 -> City_41 -> City_18 -> City_26 -> City_38 -> City_2 -> City_40 -> City_10 -> City_43 -> City_25 -> City_16
110,1199.1135162675325,1199.1135162675325,City_15 -> City_42 -> City_24 -> City_31 -> City_14 -> City_6 -> City_17 -> City_35 -> City_27 -> City_44 -> City_9 -> City_21 -> City_29 -> City_3 -> City_30 -> City_12 -> City_37 -> City_22 -> City_4 -> City_34 -> City_5 -> City_28 -> City_1 -> City_23 -> City_33 -> City_13 -> City_32 -> City_20 -> City_45 -> City_39 -> City_7 -> City_36 -> City_11 -> City_19 -> City_8 -> City_41 -> City_18 -> City_26 -> City_38 -> City_2 -> City_40 -> City_10 -> City_43 -> City_25 -> City_16
115,1199.1135162675325,1199.1135162675325,City_15 -> City_42 -> City_24 -> City_31 -> City_14 -> City_6 -> City_17 -> City_35 -> City_27 -> City_44 -> City_9 -> City_21 -> City_29 -> City_3 -> City_30 -> City_12 -> City_37 -> City_22 -> City_4 -> City_34 -> City_5 -> City_28 -> City_1 -> City_23 -> City_33 -> City_13 -> City_32 -> City_20 -> City_45 -> City_39 -> City_7 -> City_36 -> City_11 -> City_19 -> City_8 -> City_41 -> City_18 -> City_26 -> City_38 -> City_2 -> City_40 -> City_10 -> City_43 -> City_25 -> City_16
120,1199.1135162675325,1199.1135162675325,City_15 -> City_42 -> City_24 -> City_31 -> City_14 -> City_6 -> City_17 -> City_35 -> City_27 -> City_44 -> City_9 -> City_21 -> City_29 -> City_3 -> City_30 -> City_12 -> City_37 -> City_22 -> City_4 -> City_34 -> City_5 -> City_28 -> City_1 -> City_23 -> City_33 -> City_13 -> City_32 -> City_20 -> City_45 -> City_39 -> City_7 -> City_36 -> City_11 -> City_19 -> City_8 -> City_41 -> City_18 -> City_26 -> City_38 -> City_2 -> City_40 -> City_10 -> City_43 -> City_25 -> City_16
125,1185.3820479939982,1185.3820479939982,City_15 -> City_42 -> City_24 -> City_31 -> City_14 -> City_6 -> City_17 -> City_35 -> City_27 -> City_9 -> City_21 -> City_29 -> City_3 -> City_30 -> City_12 -> City_37 -> City_22 -> City_4 -> City_34 -> City_13 -> City_5 -> City_28 -> City_1 -> City_23 -> City_33 -> City_44 -> City_32 -> City_20 -> City_45 -> City_39 -> City_7 -> City_36 -> City_11 -> City_19 -> City_8 -> City_41 -> City_18 -> City_26 -> City_38 -> City_2 -> City_40 -> City_10 -> City_43 -> City_25 -> City_16
130,1185.3820479939982,1185.3820479939982,City_15 -> City_42 -> City_24 -> City_31 -> City_14 -> City_6 -> City_17 -> City_35 -> City_27 -> City_9 -> City_21 -> City_29 -> City_3 -> City_30 -> City_12 -> City_37 -> City_22 -> City_4 -> City_34 -> City_13 -> City_5 -> City_28 -> City_1 -> City_23 -> City_33 -> City_44 -> City_32 -> City_20 -> City_45 -> City_39 -> City_7 -> City_36 -> City_11 -> City_19 -> City_8 -> City_41 -> City_18 -> City_26 -> City_38 -> City_2 -> City_40 -> City_10 -> City_43 -> City_25 -> City_16
135,1185.3820479939982,1185.3820479939982,City_15 -> City_42 -> City_24 -> City_31 -> City_14 -> City_6 -> City_17 -> City_35 -> City_27 -> City_9 -> City_21 -> City_29 -> City_3 -> City_30 -> City_12 -> City_37 -> City_22 -> City_4 -> City_34 -> City_13 -> City_5 -> City_28 -> City_1 -> City_23 -> City_33 -> City_44 -> City_32 -> City_20 -> City_45 -> City_39 -> City_7 -> City_36 -> City_11 -> City_19 -> City_8 -> City_41 -> City_18 -> City_26 -> City_38 -> City_2 -> City_40 -> City_10 -> City_43 -> City_25 -> City_16
140,1185.3820479939982,1185.3820479939982,City_15 -> City_42 -> City_24 -> City_31 -> City_14 -> City_6 -> City_17 -> City_35 -> City_27 -> City_9 -> City_21 -> City_29 -> City_3 -> City_30 -> City_12 -> City_37 -> City_22 -> City_4 -> City_34 -> City_13 -> City_5 -> City_28 -> City_1 -> City_23 -> City_33 -> City_44 -> City_32 -> City_20 -> City_45 -> City_39 -> City_7 -> City_36 -> City_11 -> City_19 -> City_8 -> City_41 -> City_18 -> City_26 -> City_38 -> City_2 -> City_40 -> City_10 -> City_43 -> City_25 -> City_16
145,1185.3820479939982,1185.3820479939982,City_15 -> City_42 -> City_24 -> City_31 -> City_14 -> City_6 -> City_17 -> City_35 -> City_27 -> City_9 -> City_21 -> City_29 -> City_3 -> City_30 -> City_12 -> City_37 -> City_22 -> City_4 -> City_34 -> City_13 -> City_5 -> City_28 -> City_1 -> City_23 -> City_33 -> City_44 -> City_32 -> City_20 -> City_45 -> City_39 -> City_7 -> City_36 -> City_11 -> City_19 -> City_8 -> City_41 -> City_18 -> City_26 -> City_38 -> City_2 -> City_40 -> City_10 -> City_43 -> City_25 -> City_16
150,1185.3820479939982,1185.3820479939982,City_15 -> City_42 -> City_24 -> City_31 -> City_14 -> City_6 -> City_17 -> City_35 -> City_27 -> City_9 -> City_21 -> City_29 -> City_3 -> City_30 -> City_12 -> City_37 -> City_22 -> City_4 -> City_34 -> City_13 -> City_5 -> City_28 -> City_1 -> City_23 -> City_33 -> City_44 -> City_32 -> City_20 -> City_45 -> City_39 -> City_7 -> City_36 -> City_11 -> City_19 -> City_8 -> City_41 -> City_18 -> City_26 -> City_38 -> City_2 -> City_40 -> City_10 -> City_43 -> City_25 -> City_16
155,1185.3820479939982,1185.3820479939982,City_15 -> City_42 -> City_24 -> City_31 -> City_14 -> City_6 -> City_17 -> City_35 -> City_27 -> City_9 -> City_21 -> City_29 -> City_3 -> City_30 -> City_12 -> City_37 -> City_22 -> City_4 -> City_34 -> City_13 -> City_5 -> City_28 -> City_1 -> City_23 -> City_33 -> City_44 -> City_32 -> City_20 -> City_45 -> City_39 -> City_7 -> City_36 -> City_11 -> City_19 -> City_8 -> City_41 -> City_18 -> City_26 -> City_38 -> City_2 -> City_40 -> City_10 -> City_43 -> City_25 -> City_16
160,1185.3820479939982,1185.3820479939982,City_15 -> City_42 -> City_24 -> City_31 -> City_14 -> City_6 -> City_17 -> City_35 -> City_27 -> City_9 -> City_21 -> City_29 -> City_3 -> City_30 -> City_12 -> City_37 -> City_22 -> City_4 -> City_34 -> City_13 -> City_5 -> City_28 -> City_1 -> City_23 -> City_33 -> City_44 -> City_32 -> City_20 -> City_45 -> City_39 -> City_7 -> City_36 -> City_11 -> City_19 -> City_8 -> City_41 -> City_18 -> City_26 -> City_38 -> City_2 -> City_40 -> City_10 -> City_43 -> City_25 -> City_16
165,1185.3820479939982,1185.3820479939982,City_15 -> City_42 -> City_24 -> City_31 -> City_14 -> City_6 -> City_17 -> City_35 -> City_27 -> City_9 -> City_21 -> City_29 -> City_3 -> City_30 -> City_12 -> City_37 -> City_22 -> City_4 -> City_34 -> City_13 -> City_5 -> City_28 -> City_1 -> City_23 -> City_33 -> City_44 -> City_32 -> City_20 -> City_45 -> City_39 -> City_7 -> City_36 -> City_11 -> City_19 -> City_8 -> City_41 -> City_18 -> City_26 -> City_38 -> City_2 -> City_40 -> City_10 -> City_43 -> City_25 -> City_16
170,1185.3820479939982,1185.3820479939982,City_15 -> City_42 -> City_24 -> City_31 -> City_14 -> City_6 -> City_17 -> City_35 -> City_27 -> City_9 -> City_21 -> City_29 -> City_3 -> City_30 -> City_12 -> City_37 -> City_22 -> City_4 -> City_34 -> City_13 -> City_5 -> City_28 -> City_1 -> City_23 -> City_33 -> City_44 -> City_32 -> City_20 -> City_45 -> City_39 -> City_7 -> City_36 -> City_11 -> City_19 -> City_8 -> City_41 -> City_18 -> City_26 -> City_38 -> City_2 -> City_40 -> City_10 -> City_43 -> City_25 -> City_16
175,1185.3820479939982,1185.3820479939982,City_15 -> City_42 -> City_24 -> City_31 -> City_14 -> City_6 -> City_17 -> City_35 -> City_27 -> City_9 -> City_21 -> City_29 -> City_3 -> City_30 -> City_12 -> City_37 -> City_22 -> City_4 -> City_34 -> City_13 -> City_5 -> City_28 -> City_1 -> City_23 -> City_33 -> City_44 -> City_32 -> City_20 -> City_45 -> City_39 -> City_7 -> City_36 -> City_11 -> City_19 -> City_8 -> City_41 -> City_18 -> City_26 -> City_38 -> City_2 -> City_40 -> City_10 -> City_43 -> City_25 -> City_16
180,1184.2853361012212,1184.2853361012212,City_15 -> City_42 -> City_24 -> City_40 -> City_14 -> City_6 -> City_17 -> City_35 -> City_27 -> City_9 -> City_21 -> City_29 -> City_3 -> City_30 -> City_12 -> City_37 -> City_22 -> City_4 -> City_34 -> City_13 -> City_5 -> City_28 -> City_1 -> City_23 -> City_33 -> City_44 -> City_32 -> City_20 -> City_45 -> City_39 -> City_7 -> City_36 -> City_11 -> City_19 -> City_8 -> City_41 -> City_18 -> City_26 -> City_38 -> City_2 -> City_31 -> City_10 -> City_43 -> City_25 -> City_16
185,1154.68007628495,1154.68007628495,City_15 -> City_42 -> City_24 -> City_14 -> City_6 -> City_17 -> City_35 -> City_27 -> City_9 -> City_21 -> City_40 -> City_29 -> City_3 -> City_30 -> City_12 -> City_37 -> City_22 -> City_4 -> City_34 -> City_13 -> City_5 -> City_28 -> City_1 -> City_23 -> City_33 -> City_44 -> City_32 -> City_20 -> City_45 -> City_39 -> City_7 -> City_36 -> City_11 -> City_19 -> City_8 -> City_41 -> City_18 -> City_26 -> City_38 -> City_2 -> City_31 -> City_10 -> City_43 -> City_25 -> City_16
190,1142.5528905492101,1142.5528905492101,City_15 -> City_42 -> City_24 -> City_14 -> City_6 -> City_17 -> City_35 -> City_27 -> City_9 -> City_21 -> City_40 -> City_29 -> City_3 -> City_30 -> City_12 -> City_37 -> City_22 -> City_4 -> City_34 -> City_13 -> City_5 -> City_28 -> City_1 -> City_23 -> City_33 -> City_44 -> City_32 -> City_20 -> City_45 -> City_39 -> City_7 -> City_36 -> City_11 -> City_19 -> City_8 -> City_41 -> City_18 -> City_26 -> City_38 -> City_2 -> City_43 -> City_31 -> City_10 -> City_25 -> City_16
195,1142.5528905492101,1142.5528905492101,City_15 -> City_42 -> City_24 -> City_14 -> City_6 -> City_17 -> City_35 -> City_27 -> City_9 -> City_21 -> City_40 -> City_29 -> City_3 -> City_30 -> City_12 -> City_37 -> City_22 -> City_4 -> City_34 -> City_13 -> City_5 -> City_28 -> City_1 -> City_23 -> City_33 -> City_44 -> City_32 -> City_20 -> City_45 -> City_39 -> City_7 -> City_36 -> City_11 -> City_19 -> City_8 -> City_41 -> City_18 -> City_26 -> City_38 -> City_2 -> City_43 -> City_31 -> City_10 -> City_25 -> City_16
200,1142.5528905492101,1142.5528905492101,City_15 -> City_42 -> City_24 -> City_14 -> City_6 -> City_17 -> City_35 -> City_27 -> City_9 -> City_21 -> City_40 -> City_29 -> City_3 -> City_30 -> City_12 -> City_37 -> City_22 -> City_4 -> City_34 -> City_13 -> City_5 -> City_28 -> City_1 -> City_23 -> City_33 -> City_44 -> City_32 -> City_20 -> City_45 -> City_39 -> City_7 -> City_36 -> City_11 -> City_19 -> City_8 -> City_41 -> City_18 -> City_26 -> City_38 -> City_2 -> City_43 -> City_31 -> City_10 -> City_25 -> City_16
205,1126.4070073451496,1126.4070073451496,City_15 -> City_42 -> City_24 -> City_14 -> City_6 -> City_17 -> City_35 -> City_13 -> City_9 -> City_21 -> City_40 -> City_29 -> City_3 -> City_30 -> City_12 -> City_37 -> City_22 -> City_4 -> City_34 -> City_27 -> City_5 -> City_28 -> City_1 -> City_23 -> City_33 -> City_44 -> City_32 -> City_20 -> City_45 -> City_39 -> City_7 -> City_36 -> City_11 -> City_19 -> City_8 -> City_41 -> City_18 -> City_26 -> City_38 -> City_2 -> City_43 -> City_31 -> City_10 -> City_25 -> City_16
210,1126.4070073451496,1126.4070073451496,City_15 -> City_42 -> City_24 -> City_14 -> City_6 -> City_17 -> City_35 -> City_13 -> City_9 -> City_21 -> City_40 -> City_29 -> City_3 -> City_30 -> City_12 -> City_37 -> City_22 -> City_4 -> City_34 -> City_27 -> City_5 -> City_28 -> City_1 -> City_23 -> City_33 -> City_44 -> City_32 -> City_20 -> City_45 -> City_39 -> City_7 -> City_36 -> City_11 -> City_19 -> City_8 -> City_41 -> City_18 -> City_26 -> City_38 -> City_2 -> City_43 -> City_31 -> City_10 -> City_25 -> City_16
215,1126.4070073451496,1126.4070073451496,City_15 -> City_42 -> City_24 -> City_14 -> City_6 -> City_17 -> City_35 -> City_13 -> City_9 -> City_21 -> City_40 -> City_29 -> City_3 -> City_30 -> City_12 -> City_37 -> City_22 -> City_4 -> City_34 -> City_27 -> City_5 -> City_28 -> City_1 -> City_23 -> City_33 -> City_44 -> City_32 -> City_20 -> City_45 -> City_39 -> City_7 -> City_36 -> City_11 -> City_19 -> City_8 -> City_41 -> City_18 -> City_26 -> City_38 -> City_2 -> City_43 -> City_31 -> City_10 -> City_25 -> City_16
220,1110.0379454197014,1110.0379454197014,City_15 -> City_42 -> City_24 -> City_14 -> City_6 -> City_17 -> City_35 -> City_23 -> City_9 -> City_21 -> City_40 -> City_29 -> City_3 -> City_30 -> City_12 -> City_37 -> City_22 -> City_4 -> City_34 -> City_27 -> City_5 -> City_28 -> City_1 -> City_13 -> City_33 -> City_44 -> City_32 -> City_20 -> City_45 -> City_39 -> City_7 -> City_36 -> City_11 -> City_19 -> City_8 -> City_41 -> City_18 -> City_26 -> City_38 -> City_2 -> City_43 -> City_31 -> City_10 -> City_25 -> City_16
225,1082.9011838349381,1082.9011838349381,City_15 -> City_42 -> City_21 -> City_14 -> City_6 -> City_17 -> City_35 -> City_9 -> City_24 -> City_40 -> City_29 -> City_3 -> City_30 -> City_12 -> City_37 -> City_22 -> City_4 -> City_34 -> City_13 -> City_27 -> City_5 -> City_28 -> City_1 -> City_23 -> City_33 -> City_44 -> City_32 -> City_20 -> City_45 -> City_39 -> City_7 -> City_36 -> City_11 -> City_19 -> City_8 -> City_41 -> City_18 -> City_26 -> City_38 -> City_2 -> City_43 -> City_31 -> City_10 -> City_25 -> City_16
230,1082.9011838349381,1082.9011838349381,City_15 -> City_42 -> City_21 -> City_14 -> City_6 -> City_17 -> City_35 -> City_9 -> City_24 -> City_40 -> City_29 -> City_3 -> City_30 -> City_12 -> City_37 -> City_22 -> City_4 -> City_34 -> City_13 -> City_27 -> City_5 -> City_28 -> City_1 -> City_23 -> City_33 -> City_44 -> City_32 -> City_20 -> City_45 -> City_39 -> City_7 -> City_36 -> City_11 -> City_19 -> City_8 -> City_41 -> City_18 -> City_26 -> City_38 -> City_2 -> City_43 -> City_31 -> City_10 -> City_25 -> City_16
235,1082.9011838349381,1082.9011838349381,City_15 -> City_42 -> City_21 -> City_14 -> City_6 -> City_17 -> City_35 -> City_9 -> City_24 -> City_40 -> City_29 -> City_3 -> City_30 -> City_12 -> City_37 -> City_22 -> City_4 -> City_34 -> City_13 -> City_27 -> City_5 -> City_28 -> City_1 -> City_23 -> City_33 -> City_44 -> City_32 -> City_20 -> City_45 -> City_39 -> City_7 -> City_36 -> City_11 -> City_19 -> City_8 -> City_41 -> City_18 -> City_26 -> City_38 -> City_2 -> City_43 -> City_31 -> City_10 -> City_25 -> City_16
240,1082.9011838349381,1082.9011838349381,City_15 -> City_42 -> City_21 -> City_14 -> City_6 -> City_17 -> City_35 -> City_9 -> City_24 -> City_40 -> City_29 -> City_3 -> City_30 -> City_12 -> City_37 -> City_22 -> City_4 -> City_34 -> City_13 -> City_27 -> City_5 -> City_28 -> City_1 -> City_23 -> City_33 -> City_44 -> City_32 -> City_20 -> City_45 -> City_39 -> City_7 -> City_36 -> City_11 -> City_19 -> City_8 -> City_41 -> City_18 -> City_26 -> City_38 -> City_2 -> City_43 -> City_31 -> City_10 -> City_25 -> City_16
245,1082.9011838349381,1082.9011838349381,City_15 -> City_42 -> City_21 -> City_14 -> City_6 -> City_17 -> City_35 -> City_9 -> City_24 -> City_40 -> City_29 -> City_3 -> City_30 -> City_12 -> City_37 -> City_22 -> City_4 -> City_34 -> City_13 -> City_27 -> City_5 -> City_28 -> City_1 -> City_23 -> City_33 -> City_44 -> City_32 -> City_20 -> City_45 -> City_39 -> City_7 -> City_36 -> City_11 -> City_19 -> City_8 -> City_41 -> City_18 -> City_26 -> City_38 -> City_2 -> City_43 -> City_31 -> City_10 -> City_25 -> City_16
250,1082.9011838349381,1082.9011838349381,City_15 -> City_42 -> City_21 -> City_14 -> City_6 -> City_17 -> City_35 -> City_9 -> City_24 -> City_40 -> City_29 -> City_3 -> City_30 -> City_12 -> City_37 -> City_22 -> City_4 -> City_34 -> City_13 -> City_27 -> City_5 -> City_28 -> City_1 -> City_23 -> City_33 -> City_44 -> City_32 -> City_20 -> City_45 -> City_39 -> City_7 -> City_36 -> City_11 -> City_19 -> City_8 -> City_41 -> City_18 -> City_26 -> City_38 -> City_2 -> City_43 -> City_31 -> City_10 -> City_25 -> City_16
255,1082.9011838349381,1082.9011838349381,City_15 -> City_42 -> City_21 -> City_14 -> City_6 -> City_17 -> City_35 -> City_9 -> City_24 -> City_40 -> City_29 -> City_3 -> City_30 -> City_12 -> City_37 -> City_22 -> City_4 -> City_34 -> City_13 -> City_27 -> City_5 -> City_28 -> City_1 -> City_23 -> City_33 -> City_44 -> City_32 -> City_20 -> City_45 -> City_39 -> City_7 -> City_36 -> City_11 -> City_19 -> City_8 -> City_41 -> City_18 -> City_26 -> City_38 -> City_2 -> City_43 -> City_31 -> City_10 -> City_25 -> City_16
260,1082.9011838349381,1082.9011838349381,City_15 -> City_42 -> City_21 -> City_14 -> City_6 -> City_17 -> City_35 -> City_9 -> City_24 -> City_40 -> City_29 -> City_3 -> City_30 -> City_12 -> City_37 -> City_22 -> City_4 -> City_34 -> City_13 -> City_27 -> City_5 -> City_28 -> City_1 -> City_23 -> City_33 -> City_44 -> City_32 -> City_20 -> City_45 -> City_39 -> City_7 -> City_36 -> City_11 -> City_19 -> City_8 -> City_41 -> City_18 -> City_26 -> City_38 -> City_2 -> City_43 -> City_31 -> City_10 -> City_25 -> City_16
265,1049.3408278546897,1049.3408278546897,City_15 -> City_42 -> City_12 -> City_14 -> City_6 -> City_17 -> City_35 -> City_9 -> City_24 -> City_40 -> City_29 -> City_3 -> City_30 -> City_21 -> City_37 -> City_22 -> City_4 -> City_34 -> City_13 -> City_27 -> City_5 -> City_28 -> City_1 -> City_23 -> City_33 -> City_44 -> City_32 -> City_20 -> City_45 -> City_39 -> City_7 -> City_36 -> City_11 -> City_19 -> City_8 -> City_41 -> City_18 -> City_26 -> City_38 -> City_2 -> City_43 -> City_31 -> City_10 -> City_25 -> City_16
270,1049.3408278546897,1049.3408278546897,City_15 -> City_42 -> City_12 -> City_14 -> City_6 -> City_17 -> City_35 -> City_9 -> City_24 -> City_40 -> City_29 -> City_3 -> City_30 -> City_21 -> City_37 -> City_22 -> City_4 -> City_34 -> City_13 -> City_27 -> City_5 -> City_28 -> City_1 -> City_23 -> City_33 -> City_44 -> City_32 -> City_20 -> City_45 -> City_39 -> City_7 -> City_36 -> City_11 -> City_19 -> City_8 -> City_41 -> City_18 -> City_26 -> City_38 -> City_2 -> City_43 -> City_31 -> City_10 -> City_25 -> City_16
275,1049.3408278546897,1049.3408278546897,City_15 -> City_42 -> City_12 -> City_14 -> City_6 -> City_17 -> City_35 -> City_9 -> City_24 -> City_40 -> City_29 -> City_3 -> City_30 -> City_21 -> City_37 -> City_22 -> City_4 -> City_34 -> City_13 -> City_27 -> City_5 -> City_28 -> City_1 -> City_23 -> City_33 -> City_44 -> City_32 -> City_20 -> City_45 -> City_39 -> City_7 -> City_36 -> City_11 -> City_19 -> City_8 -> City_41 -> City_18 -> City_26 -> City_38 -> City_2 -> City_43 -> City_31 -> City_10 -> City_25 -> City_16
280,1049.3408278546897,1049.3408278546897,City_15 -> City_42 -> City_12 -> City_14 -> City_6 -> City_17 -> City_35 -> City_9 -> City_24 -> City_40 -> City_29 -> City_3 -> City_30 -> City_21 -> City_37 -> City_22 -> City_4 -> City_34 -> City_13 -> City_27 -> City_5 -> City_28 -> City_1 -> City_23 -> City_33 -> City_44 -> City_32 -> City_20 -> City_45 -> City_39 -> City_7 -> City_36 -> City_11 -> City_19 -> City_8 -> City_41 -> City_18 -> City_26 -> City_38 -> City_2 -> City_43 -> City_31 -> City_10 -> City_25 -> City_16
285,1049.3408278546897,1049.3408278546897,City_15 -> City_42 -> City_12 -> City_14 -> City_6 -> City_17 -> City_35 -> City_9 -> City_24 -> City_40 -> City_29 -> City_3 -> City_30 -> City_21 -> City_37 -> City_22 -> City_4 -> City_34 -> City_13 -> City_27 -> City_5 -> City_28 -> City_1 -> City_23 -> City_33 -> City_44 -> City_32 -> City_20 -> City_45 -> City_39 -> City_7 -> City_36 -> City_11 -> City_19 -> City_8 -> City_41 -> City_18 -> City_26 -> City_38 -> City_2 -> City_43 -> City_31 -> City_10 -> City_25 -> City_16
290,1049.3408278546897,1049.3408278546897,City_15 -> City_42 -> City_12 -> City_14 -> City_6 -> City_17 -> City_35 -> City_9 -> City_24 -> City_40 -> City_29 -> City_3 -> City_30 -> City_21 -> City_37 -> City_22 -> City_4 -> City_34 -> City_13 -> City_27 -> City_5 -> City_28 -> City_1 -> City_23 -> City_33 -> City_44 -> City_32 -> City_20 -> City_45 -> City_39 -> City_7 -> City_36 -> City_11 -> City_19 -> City_8 -> City_41 -> City_18 -> City_26 -> City_38 -> City_2 -> City_43 -> City_31 -> City_10 -> City_25 -> City_16
295,1049.3408278546897,1049.3408278546897,City_15 -> City_42 -> City_12 -> City_14 -> City_6 -> City_17 -> City_35 -> City_9 -> City_24 -> City_40 -> City_29 -> City_3 -> City_30 -> City_21 -> City_37 -> City_22 -> City_4 -> City_34 -> City_13 -> City_27 -> City_5 -> City_28 -> City_1 -> City_23 -> City_33 -> City_44 -> City_32 -> City_20 -> City_45 -> City_39 -> City_7 -> City_36 -> City_11 -> City_19 -> City_8 -> City_41 -> City_18 -> City_26 -> City_38 -> City_2 -> City_43 -> City_31 -> City_10 -> City_25 -> City_16
300,1049.3408278546897,1049.3408278546897,City_15 -> City_42 -> City_12 -> City_14 -> City_6 -> City_17 -> City_35 -> City_9 -> City_24 -> City_40 -> City_29 -> City_3 -> City_30 -> City_21 -> City_37 -> City_22 -> City_4 -> City_34 -> City_13 -> City_27 -> City_5 -> City_28 -> City_1 -> City_23 -> City_33 -> City_44 -> City_32 -> City_20 -> City_45 -> City_39 -> City_7 -> City_36 -> City_11 -> City_19 -> City_8 -> City_41 -> City_18 -> City_26 -> City_38 -> City_2 -> City_43 -> City_31 -> City_10 -> City_25 -> City_16
305,1049.3408278546897,1049.3408278546897,City_15 -> City_42 -> City_12 -> City_14 -> City_6 -> City_17 -> City_35 -> City_9 -> City_24 -> City_40 -> City_29 -> City_3 -> City_30 -> City_21 -> City_37 -> City_22 -> City_4 -> City_34 -> City_13 -> City_27 -> City_5 -> City_28 -> City_1 -> City_23 -> City_33 -> City_44 -> City_32 -> City_20 -> City_45 -> City_39 -> City_7 -> City_36 -> City_11 -> City_19 -> City_8 -> City_41 -> City_18 -> City_26 -> City_38 -> City_2 -> City_43 -> City_31 -> City_10 -> City_25 -> City_16
310,1049.3408278546897,1049.3408278546897,City_15 -> City_42 -> City_12 -> City_14 -> City_6 -> City_17 -> City_35 -> City_9 -> City_24 -> City_40 -> City_29 -> City_3 -> City_30 -> City_21 -> City_37 -> City_22 -> City_4 -> City_34 -> City_13 -> City_27 -> City_5 -> City_28 -> City_1 -> City_23 -> City_33 -> City_44 -> City_32 -> City_20 -> City_45 -> City_39 -> City_7 -> City_36 -> City_11 -> City_19 -> City_8 -> City_41 -> City_18 -> City_26 -> City_38 -> City_2 -> City_43 -> City_31 -> City_10 -> City_25 -> City_16
315,1049.3408278546897,1049.3408278546897,City_15 -> City_42 -> City_12 -> City_14 -> City_6 -> City_17 -> City_35 -> City_9 -> City_24 -> City_40 -> City_29 -> City_3 -> City_30 -> City_21 -> City_37 -> City_22 -> City_4 -> City_34 -> City_13 -> City_27 -> City_5 -> City_28 -> City_1 -> City_23 -> City_33 -> City_44 -> City_32 -> City_20 -> City_45 -> City_39 -> City_7 -> City_36 -> City_11 -> City_19 -> City_8 -> City_41 -> City_18 -> City_26 -> City_38 -> City_2 -> City_43 -> City_31 -> City_10 -> City_25 -> City_16
320,1032.2100356023832,1032.2100356023832,City_15 -> City_42 -> City_12 -> City_14 -> City_6 -> City_17 -> City_35 -> City_9 -> City_24 -> City_40 -> City_29 -> City_3 -> City_30 -> City_21 -> City_37 -> City_22 -> City_4 -> City_34 -> City_13 -> City_27 -> City_5 -> City_28 -> City_1 -> City_23 -> City_33 -> City_44 -> City_20 -> City_32 -> City_45 -> City_39 -> City_7 -> City_36 -> City_11 -> City_19 -> City_8 -> City_41 -> City_18 -> City_26 -> City_38 -> City_2 -> City_43 -> City_31 -> City_10 -> City_25 -> City_16
325,1032.2100356023832,1032.2100356023832,City_15 -> City_42 -> City_12 -> City_14 -> City_6 -> City_17 -> City_35 -> City_9 -> City_24 -> City_40 -> City_29 -> City_3 -> City_30 -> City_21 -> City_37 -> City_22 -> City_4 -> City_34 -> City_13 -> City_27 -> City_5 -> City_28 -> City_1 -> City_23 -> City_33 -> City_44 -> City_20 -> City_32 -> City_45 -> City_39 -> City_7 -> City_36 -> City_11 -> City_19 -> City_8 -> City_41 -> City_18 -> City_26 -> City_38 -> City_2 -> City_43 -> City_31 -> City_10 -> City_25 -> City_16
330,1023.5932276197121,1023.5932276197121,City_15 -> City_42 -> City_12 -> City_14 -> City_6 -> City_17 -> City_35 -> City_9 -> City_24 -> City_40 -> City_29 -> City_3 -> City_30 -> City_21 -> City_37 -> City_22 -> City_4 -> City_34 -> City_13 -> City_27 -> City_5 -> City_28 -> City_1 -> City_23 -> City_33 -> City_44 -> City_20 -> City_32 -> City_45 -> City_7 -> City_39 -> City_36 -> City_11 -> City_19 -> City_8 -> City_41 -> City_18 -> City_26 -> City_38 -> City_2 -> City_43 -> City_31 -> City_10 -> City_25 -> City_16
335,1023.5932276197121,1023.5932276197121,City_15 -> City_42 -> City_12 -> City_14 -> City_6 -> City_17 -> City_35 -> City_9 -> City_24 -> City_40 -> City_29 -> City_3 -> City_30 -> City_21 -> City_37 -> City_22 -> City_4 -> City_34 -> City_13 -> City_27 -> City_5 -> City_28 -> City_1 -> City_23 -> City_33 -> City_44 -> City_20 -> City_32 -> City_45 -> City_7 -> City_39 -> City_36 -> City_11 -> City_19 -> City_8 -> City_41 -> City_18 -> City_26 -> City_38 -> City_2 -> City_43 -> City_31 -> City_10 -> City_25 -> City_16
340,1023.5932276197121,1023.5932276197121,City_15 -> City_42 -> City_12 -> City_14 -> City_6 -> City_17 -> City_35 -> City_9 -> City_24 -> City_40 -> City_29 -> City_3 -> City_30 -> City_21 -> City_37 -> City_22 -> City_4 -> City_34 -> City_13 -> City_27 -> City_5 -> City_28 -> City_1 -> City_23 -> City_33 -> City_44 -> City_20 -> City_32 -> City_45 -> City_7 -> City_39 -> City_36 -> City_11 -> City_19 -> City_8 -> City_41 -> City_18 -> City_26 -> City_38 -> City_2 -> City_43 -> City_31 -> City_10 -> City_25 -> City_16
345,1021.4180990393606,1021.4180990393606,City_15 -> City_42 -> City_12 -> City_14 -> City_6 -> City_35 -> City_17 -> City_9 -> City_24 -> City_40 -> City_29 -> City_3 -> City_30 -> City_21 -> City_37 -> City_22 -> City_4 -> City_34 -> City_13 -> City_27 -> City_5 -> City_28 -> City_1 -> City_23 -> City_33 -> City_44 -> City_20 -> City_32 -> City_45 -> City_7 -> City_39 -> City_36 -> City_11 -> City_19 -> City_8 -> City_41 -> City_18 -> City_26 -> City_38 -> City_2 -> City_43 -> City_31 -> City_10 -> City_25 -> City_16
350,1021.4180990393606,1021.4180990393606,City_15 -> City_42 -> City_12 -> City_14 -> City_6 -> City_35 -> City_17 -> City_9 -> City_24 -> City_40 -> City_29 -> City_3 -> City_30 -> City_21 -> City_37 -> City_22 -> City_4 -> City_34 -> City_13 -> City_27 -> City_5 -> City_28 -> City_1 -> City_23 -> City_33 -> City_44 -> City_20 -> City_32 -> City_45 -> City_7 -> City_39 -> City_36 -> City_11 -> City_19 -> City_8 -> City_41 -> City_18 -> City_26 -> City_38 -> City_2 -> City_43 -> City_31 -> City_10 -> City_25 -> City_16
355,1021.4180990393606,1021.4180990393606,City_15 -> City_42 -> City_12 -> City_14 -> City_6 -> City_35 -> City_17 -> City_9 -> City_24 -> City_40 -> City_29 -> City_3 -> City_30 -> City_21 -> City_37 -> City_22 -> City_4 -> City_34 -> City_13 -> City_27 -> City_5 -> City_28 -> City_1 -> City_23 -> City_33 -> City_44 -> City_20 -> City_32 -> City_45 -> City_7 -> City_39 -> City_36 -> City_11 -> City_19 -> City_8 -> City_41 -> City_18 -> City_26 -> City_38 -> City_2 -> City_43 -> City_31 -> City_10 -> City_25 -> City_16
360,1021.4180990393606,1021.4180990393606,City_15 -> City_42 -> City_12 -> City_14 -> City_6 -> City_35 -> City_17 -> City_9 -> City_24 -> City_40 -> City_29 -> City_3 -> City_30 -> City_21 -> City_37 -> City_22 -> City_4 -> City_34 -> City_13 -> City_27 -> City_5 -> City_28 -> City_1 -> City_23 -> City_33 -> City_44 -> City_20 -> City_32 -> City_45 -> City_7 -> City_39 -> City_36 -> City_11 -> City_19 -> City_8 -> City_41 -> City_18 -> City_26 -> City_38 -> City_2 -> City_43 -> City_31 -> City_10 -> City_25 -> City_16
365,1019.8735412843254,1019.8735412843254,City_15 -> City_42 -> City_12 -> City_14 -> City_6 -> City_35 -> City_17 -> City_9 -> City_24 -> City_40 -> City_29 -> City_3 -> City_30 -> City_21 -> City_37 -> City_22 -> City_4 -> City_34 -> City_13 -> City_27 -> City_5 -> City_28 -> City_1 -> City_23 -> City_33 -> City_44 -> City_20 -> City_32 -> City_45 -> City_7 -> City_39 -> City_36 -> City_16 -> City_19 -> City_8 -> City_41 -> City_18 -> City_26 -> City_38 -> City_2 -> City_43 -> City_31 -> City_10 -> City_25 -> City_11
370,1019.8735412843254,1019.8735412843254,City_15 -> City_42 -> City_12 -> City_14 -> City_6 -> City_35 -> City_17 -> City_9 -> City_24 -> City_40 -> City_29 -> City_3 -> City_30 -> City_21 -> City_37 -> City_22 -> City_4 -> City_34 -> City_13 -> City_27 -> City_5 -> City_28 -> City_1 -> City_23 -> City_33 -> City_44 -> City_20 -> City_32 -> City_45 -> City_7 -> City_39 -> City_36 -> City_16 -> City_19 -> City_8 -> City_41 -> City_18 -> City_26 -> City_38 -> City_2 -> City_43 -> City_31 -> City_10 -> City_25 -> City_11
375,1019.8735412843254,1019.8735412843254,City_15 -> City_42 -> City_12 -> City_14 -> City_6 -> City_35 -> City_17 -> City_9 -> City_24 -> City_40 -> City_29 -> City_3 -> City_30 -> City_21 -> City_37 -> City_22 -> City_4 -> City_34 -> City_13 -> City_27 -> City_5 -> City_28 -> City_1 -> City_23 -> City_33 -> City_44 -> City_20 -> City_32 -> City_45 -> City_7 -> City_39 -> City_36 -> City_16 -> City_19 -> City_8 -> City_41 -> City_18 -> City_26 -> City_38 -> City_2 -> City_43 -> City_31 -> City_10 -> City_25 -> City_11
380,1019.8735412843254,1019.8735412843254,City_15 -> City_42 -> City_12 -> City_14 -> City_6 -> City_35 -> City_17 -> City_9 -> City_24 -> City_40 -> City_29 -> City_3 -> City_30 -> City_21 -> City_37 -> City_22 -> City_4 -> City_34 -> City_13 -> City_27 -> City_5 -> City_28 -> City_1 -> City_23 -> City_33 -> City_44 -> City_20 -> City_32 -> City_45 -> City_7 -> City_39 -> City_36 -> City_16 -> City_19 -> City_8 -> City_41 -> City_18 -> City_26 -> City_38 -> City_2 -> City_43 -> City_31 -> City_10 -> City_25 -> City_11
385,1019.8735412843254,1019.8735412843254,City_15 -> City_42 -> City_12 -> City_14 -> City_6 -> City_35 -> City_17 -> City_9 -> City_24 -> City_40 -> City_29 -> City_3 -> City_30 -> City_21 -> City_37 -> City_22 -> City_4 -> City_34 -> City_13 -> City_27 -> City_5 -> City_28 -> City_1 -> City_23 -> City_33 -> City_44 -> City_20 -> City_32 -> City_45 -> City_7 -> City_39 -> City_36 -> City_16 -> City_19 -> City_8 -> City_41 -> City_18 -> City_26 -> City_38 -> City_2 -> City_43 -> City_31 -> City_10 -> City_25 -> City_11
390,1019.8735412843254,1019.8735412843254,City_15 -> City_42 -> City_12 -> City_14 -> City_6 -> City_35 -> City_17 -> City_9 -> City_24 -> City_40 -> City_29 -> City_3 -> City_30 -> City_21 -> City_37 -> City_22 -> City_4 -> City_34 -> City_13 -> City_27 -> City_5 -> City_28 -> City_1 -> City_23 -> City_33 -> City_44 -> City_20 -> City_32 -> City_45 -> City_7 -> City_39 -> City_36 -> City_16 -> City_19 -> City_8 -> City_41 -> City_18 -> City_26 -> City_38 -> City_2 -> City_43 -> City_31 -> City_10 -> City_25 -> City_11
395,1019.8735412843254,1019.8735412843254,City_15 -> City_42 -> City_12 -> City_14 -> City_6 -> City_35 -> City_17 -> City_9 -> City_24 -> City_40 -> City_29 -> City_3 -> City_30 -> City_21 -> City_37 -> City_22 -> City_4 -> City_34 -> City_13 -> City_27 -> City_5 -> City_28 -> City_1 -> City_23 -> City_33 -> City_44 -> City_20 -> City_32 -> City_45 -> City_7 -> City_39 -> City_36 -> City_16 -> City_19 -> City_8 -> City_41 -> City_18 -> City_26 -> City_38 -> City_2 -> City_43 -> City_31 -> City_10 -> City_25 -> City_11
400,1019.8735412843254,1019.8735412843254,City_15 -> City_42 -> City_12 -> City_14 -> City_6 -> City_35 -> City_17 -> City_9 -> City_24 -> City_40 -> City_29 -> City_3 -> City_30 -> City_21 -> City_37 -> City_22 -> City_4 -> City_34 -> City_13 -> City_27 -> City_5 -> City_28 -> City_1 -> City_23 -> City_33 -> City_44 -> City_20 -> City_32 -> City_45 -> City_7 -> City_39 -> City_36 -> City_16 -> City_19 -> City_8 -> City_41 -> City_18 -> City_26 -> City_38 -> City_2 -> City_43 -> City_31 -> City_10 -> City_25 -> City_11
405,1019.8735412843254,1019.8735412843254,City_15 -> City_42 -> City_12 -> City_14 -> City_6 -> City_35 -> City_17 -> City_9 -> City_24 -> City_40 -> City_29 -> City_3 -> City_30 -> City_21 -> City_37 -> City_22 -> City_4 -> City_34 -> City_13 -> City_27 -> City_5 -> City_28 -> City_1 -> City_23 -> City_33 -> City_44 -> City_20 -> City_32 -> City_45 -> City_7 -> City_39 -> City_36 -> City_16 -> City_19 -> City_8 -> City_41 -> City_18 -> City_26 -> City_38 -> City_2 -> City_43 -> City_31 -> City_10 -> City_25 -> City_11
410,1019.8735412843254,1019.8735412843254,City_15 -> City_42 -> City_12 -> City_14 -> City_6 -> City_35 -> City_17 -> City_9 -> City_24 -> City_40 -> City_29 -> City_3 -> City_30 -> City_21 -> City_37 -> City_22 -> City_4 -> City_34 -> City_13 -> City_27 -> City_5 -> City_28 -> City_1 -> City_23 -> City_33 -> City_44 -> City_20 -> City_32 -> City_45 -> City_7 -> City_39 -> City_36 -> City_16 -> City_19 -> City_8 -> City_41 -> City_18 -> City_26 -> City_38 -> City_2 -> City_43 -> City_31 -> City_10 -> City_25 -> City_11
415,1019.8735412843254,1019.8735412843254,City_15 -> City_42 -> City_12 -> City_14 -> City_6 -> City_35 -> City_17 -> City_9 -> City_24 -> City_40 -> City_29 -> City_3 -> City_30 -> City_21 -> City_37 -> City_22 -> City_4 -> City_34 -> City_13 -> City_27 -> City_5 -> City_28 -> City_1 -> City_23 -> City_33 -> City_44 -> City_20 -> City_32 -> City_45 -> City_7 -> City_39 -> City_36 -> City_16 -> City_19 -> City_8 -> City_41 -> City_18 -> City_26 -> City_38 -> City_2 -> City_43 -> City_31 -> City_10 -> City_25 -> City_11
420,1019.8735412843254,1019.8735412843254,City_15 -> City_42 -> City_12 -> City_14 -> City_6 -> City_35 -> City_17 -> City_9 -> City_24 -> City_40 -> City_29 -> City_3 -> City_30 -> City_21 -> City_37 -> City_22 -> City_4 -> City_34 -> City_13 -> City_27 -> City_5 -> City_28 -> City_1 -> City_23 -> City_33 -> City_44 -> City_20 -> City_32 -> City_45 -> City_7 -> City_39 -> City_36 -> City_16 -> City_19 -> City_8 -> City_41 -> City_18 -> City_26 -> City_38 -> City_2 -> City_43 -> City_31 -> City_10 -> City_25 -> City_11
425,1019.8735412843254,1019.8735412843254,City_15 -> City_42 -> City_12 -> City_14 -> City_6 -> City_35 -> City_17 -> City_9 -> City_24 -> City_40 -> City_29 -> City_3 -> City_30 -> City_21 -> City_37 -> City_22 -> City_4 -> City_34 -> City_13 -> City_27 -> City_5 -> City_28 -> City_1 -> City_23 -> City_33 -> City_44 -> City_20 -> City_32 -> City_45 -> City_7 -> City_39 -> City_36 -> City_16 -> City_19 -> City_8 -> City_41 -> City_18 -> City_26 -> City_38 -> City_2 -> City_43 -> City_31 -> City_10 -> City_25 -> City_11
430,1019.8735412843254,1019.8735412843254,City_15 -> City_42 -> City_12 -> City_14 -> City_6 -> City_35 -> City_17 -> City_9 -> City_24 -> City_40 -> City_29 -> City_3 -> City_30 -> City_21 -> City_37 -> City_22 -> City_4 -> City_34 -> City_13 -> City_27 -> City_5 -> City_28 -> City_1 -> City_23 -> City_33 -> City_44 -> City_20 -> City_32 -> City_45 -> City_7 -> City_39 -> City_36 -> City_16 -> City_19 -> City_8 -> City_41 -> City_18 -> City_26 -> City_38 -> City_2 -> City_43 -> City_31 -> City_10 -> City_25 -> City_11
435,1019.8735412843254,1019.8735412843254,City_15 -> City_42 -> City_12 -> City_14 -> City_6 -> City_35 -> City_17 -> City_9 -> City_24 -> City_40 -> City_29 -> City_3 -> City_30 -> City_21 -> City_37 -> City_22 -> City_4 -> City_34 -> City_13 -> City_27 -> City_5 -> City_28 -> City_1 -> City_23 -> City_33 -> City_44 -> City_20 -> City_32 -> City_45 -> City_7 -> City_39 -> City_36 -> City_16 -> City_19 -> City_8 -> City_41 -> City_18 -> City_26 -> City_38 -> City_2 -> City_43 -> City_31 -> City_10 -> City_25 -> City_11
440,1019.8735412843254,1019.8735412843254,City_15 -> City_42 -> City_12 -> City_14 -> City_6 -> City_35 -> City_17 -> City_9 -> City_24 -> City_40 -> City_29 -> City_3 -> City_30 -> City_21 -> City_37 -> City_22 -> City_4 -> City_34 -> City_13 -> City_27 -> City_5 -> City_28 -> City_1 -> City_23 -> City_33 -> City_44 -> City_20 -> City_32 -> City_45 -> City_7 -> City_39 -> City_36 -> City_16 -> City_19 -> City_8 -> City_41 -> City_18 -> City_26 -> City_38 -> City_2 -> City_43 -> City_31 -> City_10 -> City_25 -> City_11
445,1019.8735412843254,1019.8735412843254,City_15 -> City_42 -> City_12 -> City_14 -> City_6 -> City_35 -> City_17 -> City_9 -> City_24 -> City_40 -> City_29 -> City_3 -> City_30 -> City_21 -> City_37 -> City_22 -> City_4 -> City_34 -> City_13 -> City_27 -> City_5 -> City_28 -> City_1 -> City_23 -> City_33 -> City_44 -> City_20 -> City_32 -> City_45 -> City_7 -> City_39 -> City_36 -> City_16 -> City_19 -> City_8 -> City_41 -> City_18 -> City_26 -> City_38 -> City_2 -> City_43 -> City_31 -> City_10 -> City_25 -> City_11
450,1019.8735412843254,1019.8735412843254,City_15 -> City_42 -> City_12 -> City_14 -> City_6 -> City_35 -> City_17 -> City_9 -> City_24 -> City_40 -> City_29 -> City_3 -> City_30 -> City_21 -> City_37 -> City_22 -> City_4 -> City_34 -> City_13 -> City_27 -> City_5 -> City_28 -> City_1 -> City_23 -> City_33 -> City_44 -> City_20 -> City_32 -> City_45 -> City_7 -> City_39 -> City_36 -> City_16 -> City_19 -> City_8 -> City_41 -> City_18 -> City_26 -> City_38 -> City_2 -> City_43 -> City_31 -> City_10 -> City_25 -> City_11
455,1019.8735412843254,1019.8735412843254,City_15 -> City_42 -> City_12 -> City_14 -> City_6 -> City_35 -> City_17 -> City_9 -> City_24 -> City_40 -> City_29 -> City_3 -> City_30 -> City_21 -> City_37 -> City_22 -> City_4 -> City_34 -> City_13 -> City_27 -> City_5 -> City_28 -> City_1 -> City_23 -> City_33 -> City_44 -> City_20 -> City_32 -> City_45 -> City_7 -> City_39 -> City_36 -> City_16 -> City_19 -> City_8 -> City_41 -> City_18 -> City_26 -> City_38 -> City_2 -> City_43 -> City_31 -> City_10 -> City_25 -> City_11
460,1019.8735412843254,1019.8735412843254,City_15 -> City_42 -> City_12 -> City_14 -> City_6 -> City_35 -> City_17 -> City_9 -> City_24 -> City_40 -> City_29 -> City_3 -> City_30 -> City_21 -> City_37 -> City_22 -> City_4 -> City_34 -> City_13 -> City_27 -> City_5 -> City_28 -> City_1 -> City_23 -> City_33 -> City_44 -> City_20 -> City_32 -> City_45 -> City_7 -> City_39 -> City_36 -> City_16 -> City_19 -> City_8 -> City_41 -> City_18 -> City_26 -> City_38 -> City_2 -> City_43 -> City_31 -> City_10 -> City_25 -> City_11
465,1019.8735412843254,1019.8735412843254,City_15 -> City_42 -> City_12 -> City_14 -> City_6 -> City_35 -> City_17 -> City_9 -> City_24 -> City_40 -> City_29 -> City_3 -> City_30 -> City_21 -> City_37 -> City_22 -> City_4 -> City_34 -> City_13 -> City_27 -> City_5 -> City_28 -> City_1 -> City_23 -> City_33 -> City_44 -> City_20 -> City_32 -> City_45 -> City_7 -> City_39 -> City_36 -> City_16 -> City_19 -> City_8 -> City_41 -> City_18 -> City_26 -> City_38 -> City_2 -> City_43 -> City_31 -> City_10 -> City_25 -> City_11
470,1019.8735412843254,1019.8735412843254,City_15 -> City_42 -> City_12 -> City_14 -> City_6 -> City_35 -> City_17 -> City_9 -> City_24 -> City_40 -> City_29 -> City_3 -> City_30 -> City_21 -> City_37 -> City_22 -> City_4 -> City_34 -> City_13 -> City_27 -> City_5 -> City_28 -> City_1 -> City_23 -> City_33 -> City_44 -> City_20 -> City_32 -> City_45 -> City_7 -> City_39 -> City_36 -> City_16 -> City_19 -> City_8 -> City_41 -> City_18 -> City_26 -> City_38 -> City_2 -> City_43 -> City_31 -> City_10 -> City_25 -> City_11
475,1019.8735412843254,1019.8735412843254,City_15 -> City_42 -> City_12 -> City_14 -> City_6 -> City_35 -> City_17 -> City_9 -> City_24 -> City_40 -> City_29 -> City_3 -> City_30 -> City_21 -> City_37 -> City_22 -> City_4 -> City_34 -> City_13 -> City_27 -> City_5 -> City_28 -> City_1 -> City_23 -> City_33 -> City_44 -> City_20 -> City_32 -> City_45 -> City_7 -> City_39 -> City_36 -> City_16 -> City_19 -> City_8 -> City_41 -> City_18 -> City_26 -> City_38 -> City_2 -> City_43 -> City_31 -> City_10 -> City_25 -> City_11
480,1019.8735412843254,1019.8735412843254,City_15 -> City_42 -> City_12 -> City_14 -> City_6 -> City_35 -> City_17 -> City_9 -> City_24 -> City_40 -> City_29 -> City_3 -> City_30 -> City_21 -> City_37 -> City_22 -> City_4 -> City_34 -> City_13 -> City_27 -> City_5 -> City_28 -> City_1 -> City_23 -> City_33 -> City_44 -> City_20 -> City_32 -> City_45 -> City_7 -> City_39 -> City_36 -> City_16 -> City_19 -> City_8 -> City_41 -> City_18 -> City_26 -> City_38 -> City_2 -> City_43 -> City_31 -> City_10 -> City_25 -> City_11
485,1019.8735412843254,1019.8735412843254,City_15 -> City_42 -> City_12 -> City_14 -> City_6 -> City_35 -> City_17 -> City_9 -> City_24 -> City_40 -> City_29 -> City_3 -> City_30 -> City_21 -> City_37 -> City_22 -> City_4 -> City_34 -> City_13 -> City_27 -> City_5 -> City_28 -> City_1 -> City_23 -> City_33 -> City_44 -> City_20 -> City_32 -> City_45 -> City_7 -> City_39 -> City_36 -> City_16 -> City_19 -> City_8 -> City_41 -> City_18 -> City_26 -> City_38 -> City_2 -> City_43 -> City_31 -> City_10 -> City_25 -> City_11
490,999.613406075447,999.613406075447,City_15 -> City_42 -> City_12 -> City_14 -> City_6 -> City_35 -> City_17 -> City_9 -> City_24 -> City_40 -> City_29 -> City_3 -> City_30 -> City_21 -> City_37 -> City_22 -> City_4 -> City_34 -> City_13 -> City_5 -> City_27 -> City_28 -> City_1 -> City_23 -> City_33 -> City_44 -> City_20 -> City_32 -> City_45 -> City_7 -> City_39 -> City_36 -> City_16 -> City_19 -> City_8 -> City_41 -> City_18 -> City_26 -> City_38 -> City_2 -> City_43 -> City_31 -> City_10 -> City_25 -> City_11
495,999.613406075447,999.613406075447,City_15 -> City_42 -> City_12 -> City_14 -> City_6 -> City_35 -> City_17 -> City_9 -> City_24 -> City_40 -> City_29 -> City_3 -> City_30 -> City_21 -> City_37 -> City_22 -> City_4 -> City_34 -> City_13 -> City_5 -> City_27 -> City_28 -> City_1 -> City_23 -> City_33 -> City_44 -> City_20 -> City_32 -> City_45 -> City_7 -> City_39 -> City_36 -> City_16 -> City_19 -> City_8 -> City_41 -> City_18 -> City_26 -> City_38 -> City_2 -> City_43 -> City_31 -> City_10 -> City_25 -> City_11
500,999.613406075447,999.613406075447,City_15 -> City_42 -> City_12 -> City_14 -> City_6 -> City_35 -> City_17 -> City_9 -> City_24 -> City_40 -> City_29 -> City_3 -> City_30 -> City_21 -> City_37 -> City_22 -> City_4 -> City_34 -> City_13 -> City_5 -> City_27 -> City_28 -> City_1 -> City_23 -> City_33 -> City_44 -> City_20 -> City_32 -> City_45 -> City_7 -> City_39 -> City_36 -> City_16 -> City_19 -> City_8 -> City_41 -> City_18 -> City_26 -> City_38 -> City_2 -> City_43 -> City_31 -> City_10 -> City_25 -> City_11
505,999.613406075447,999.613406075447,City_15 -> City_42 -> City_12 -> City_14 -> City_6 -> City_35 -> City_17 -> City_9 -> City_24 -> City_40 -> City_29 -> City_3 -> City_30 -> City_21 -> City_37 -> City_22 -> City_4 -> City_34 -> City_13 -> City_5 -> City_27 -> City_28 -> City_1 -> City_23 -> City_33 -> City_44 -> City_20 -> City_32 -> City_45 -> City_7 -> City_39 -> City_36 -> City_16 -> City_19 -> City_8 -> City_41 -> City_18 -> City_26 -> City_38 -> City_2 -> City_43 -> City_31 -> City_10 -> City_25 -> City_11
510,999.613406075447,999.613406075447,City_15 -> City_42 -> City_12 -> City_14 -> City_6 -> City_35 -> City_17 -> City_9 -> City_24 -> City_40 -> City_29 -> City_3 -> City_30 -> City_21 -> City_37 -> City_22 -> City_4 -> City_34 -> City_13 -> City_5 -> City_27 -> City_28 -> City_1 -> City_23 -> City_33 -> City_44 -> City_20 -> City_32 -> City_45 -> City_7 -> City_39 -> City_36 -> City_16 -> City_19 -> City_8 -> City_41 -> City_18 -> City_26 -> City_38 -> City_2 -> City_43 -> City_31 -> City_10 -> City_25 -> City_11
515,999.613406075447,999.613406075447,City_15 -> City_42 -> City_12 -> City_14 -> City_6 -> City_35 -> City_17 -> City_9 -> City_24 -> City_40 -> City_29 -> City_3 -> City_30 -> City_21 -> City_37 -> City_22 -> City_4 -> City_34 -> City_13 -> City_5 -> City_27 -> City_28 -> City_1 -> City_23 -> City_33 -> City_44 -> City_20 -> City_32 -> City_45 -> City_7 -> City_39 -> City_36 -> City_16 -> City_19 -> City_8 -> City_41 -> City_18 -> City_26 -> City_38 -> City_2 -> City_43 -> City_31 -> City_10 -> City_25 -> City_11
520,999.613406075447,999.613406075447,City_15 -> City_42 -> City_12 -> City_14 -> City_6 -> City_35 -> City_17 -> City_9 -> City_24 -> City_40 -> City_29 -> City_3 -> City_30 -> City_21 -> City_37 -> City_22 -> City_4 -> City_34 -> City_13 -> City_5 -> City_27 -> City_28 -> City_1 -> City_23 -> City_33 -> City_44 -> City_20 -> City_32 -> City_45 -> City_7 -> City_39 -> City_36 -> City_16 -> City_19 -> City_8 -> City_41 -> City_18 -> City_26 -> City_38 -> City_2 -> City_43 -> City_31 -> City_10 -> City_25 -> City_11
525,999.613406075447,999.613406075447,City_15 -> City_42 -> City_12 -> City_14 -> City_6 -> City_35 -> City_17 -> City_9 -> City_24 -> City_40 -> City_29 -> City_3 -> City_30 -> City_21 -> City_37 -> City_22 -> City_4 -> City_34 -> City_13 -> City_5 -> City_27 -> City_28 -> City_1 -> City_23 -> City_33 -> City_44 -> City_20 -> City_32 -> City_45 -> City_7 -> City_39 -> City_36 -> City_16 -> City_19 -> City_8 -> City_41 -> City_18 -> City_26 -> City_38 -> City_2 -> City_43 -> City_31 -> City_10 -> City_25 -> City_11
530,999.613406075447,999.613406075447,City_15 -> City_42 -> City_12 -> City_14 -> City_6 -> City_35 -> City_17 -> City_9 -> City_24 -> City_40 -> City_29 -> City_3 -> City_30 -> City_21 -> City_37 -> City_22 -> City_4 -> City_34 -> City_13 -> City_5 -> City_27 -> City_28 -> City_1 -> City_23 -> City_33 -> City_44 -> City_20 -> City_32 -> City_45 -> City_7 -> City_39 -> City_36 -> City_16 -> City_19 -> City_8 -> City_41 -> City_18 -> City_26 -> City_38 -> City_2 -> City_43 -> City_31 -> City_10 -> City_25 -> City_11
535,999.613406075447,999.613406075447,City_15 -> City_42 -> City_12 -> City_14 -> City_6 -> City_35 -> City_17 -> City_9 -> City_24 -> City_40 -> City_29 -> City_3 -> City_30 -> City_21 -> City_37 -> City_22 -> City_4 -> City_34 -> City_13 -> City_5 -> City_27 -> City_28 -> City_1 -> City_23 -> City_33 -> City_44 -> City_20 -> City_32 -> City_45 -> City_7 -> City_39 -> City_36 -> City_16 -> City_19 -> City_8 -> City_41 -> City_18 -> City_26 -> City_38 -> City_2 -> City_43 -> City_31 -> City_10 -> City_25 -> City_11
540,999.613406075447,999.613406075447,City_15 -> City_42 -> City_12 -> City_14 -> City_6 -> City_35 -> City_17 -> City_9 -> City_24 -> City_40 -> City_29 -> City_3 -> City_30 -> City_21 -> City_37 -> City_22 -> City_4 -> City_34 -> City_13 -> City_5 -> City_27 -> City_28 -> City_1 -> City_23 -> City_33 -> City_44 -> City_20 -> City_32 -> City_45 -> City_7 -> City_39 -> City_36 -> City_16 -> City_19 -> City_8 -> City_41 -> City_18 -> City_26 -> City_38 -> City_2 -> City_43 -> City_31 -> City_10 -> City_25 -> City_11
545,999.613406075447,999.613406075447,City_15 -> City_42 -> City_12 -> City_14 -> City_6 -> City_35 -> City_17 -> City_9 -> City_24 -> City_40 -> City_29 -> City_3 -> City_30 -> City_21 -> City_37 -> City_22 -> City_4 -> City_34 -> City_13 -> City_5 -> City_27 -> City_28 -> City_1 -> City_23 -> City_33 -> City_44 -> City_20 -> City_32 -> City_45 -> City_7 -> City_39 -> City_36 -> City_16 -> City_19 -> City_8 -> City_41 -> City_18 -> City_26 -> City_38 -> City_2 -> City_43 -> City_31 -> City_10 -> City_25 -> City_11
550,999.613406075447,999.613406075447,City_15 -> City_42 -> City_12 -> City_14 -> City_6 -> City_35 -> City_17 -> City_9 -> City_24 -> City_40 -> City_29 -> City_3 -> City_30 -> City_21 -> City_37 -> City_22 -> City_4 -> City_34 -> City_13 -> City_5 -> City_27 -> City_28 -> City_1 -> City_23 -> City_33 -> City_44 -> City_20 -> City_32 -> City_45 -> City_7 -> City_39 -> City_36 -> City_16 -> City_19 -> City_8 -> City_41 -> City_18 -> City_26 -> City_38 -> City_2 -> City_43 -> City_31 -> City_10 -> City_25 -> City_11
555,999.613406075447,999.613406075447,City_15 -> City_42 -> City_12 -> City_14 -> City_6 -> City_35 -> City_17 -> City_9 -> City_24 -> City_40 -> City_29 -> City_3 -> City_30 -> City_21 -> City_37 -> City_22 -> City_4 -> City_34 -> City_13 -> City_5 -> City_27 -> City_28 -> City_1 -> City_23 -> City_33 -> City_44 -> City_20 -> City_32 -> City_45 -> City_7 -> City_39 -> City_36 -> City_16 -> City_19 -> City_8 -> City_41 -> City_18 -> City_26 -> City_38 -> City_2 -> City_43 -> City_31 -> City_10 -> City_25 -> City_11
560,999.613406075447,999.613406075447,City_15 -> City_42 -> City_12 -> City_14 -> City_6 -> City_35 -> City_17 -> City_9 -> City_24 -> City_40 -> City_29 -> City_3 -> City_30 -> City_21 -> City_37 -> City_22 -> City_4 -> City_34 -> City_13 -> City_5 -> City_27 -> City_28 -> City_1 -> City_23 -> City_33 -> City_44 -> City_20 -> City_32 -> City_45 -> City_7 -> City_39 -> City_36 -> City_16 -> City_19 -> City_8 -> City_41 -> City_18 -> City_26 -> City_38 -> City_2 -> City_43 -> City_31 -> City_10 -> City_25 -> City_11
565,999.613406075447,999.613406075447,City_15 -> City_42 -> City_12 -> City_14 -> City_6 -> City_35 -> City_17 -> City_9 -> City_24 -> City_40 -> City_29 -> City_3 -> City_30 -> City_21 -> City_37 -> City_22 -> City_4 -> City_34 -> City_13 -> City_5 -> City_27 -> City_28 -> City_1 -> City_23 -> City_33 -> City_44 -> City_20 -> City_32 -> City_45 -> City_7 -> City_39 -> City_36 -> City_16 -> City_19 -> City_8 -> City_41 -> City_18 -> City_26 -> City_38 -> City_2 -> City_43 -> City_31 -> City_10 -> City_25 -> City_11
570,999.613406075447,999.613406075447,City_15 -> City_42 -> City_12 -> City_14 -> City_6 -> City_35 -> City_17 -> City_9 -> City_24 -> City_40 -> City_29 -> City_3 -> City_30 -> City_21 -> City_37 -> City_22 -> City_4 -> City_34 -> City_13 -> City_5 -> City_27 -> City_28 -> City_1 -> City_23 -> City_33 -> City_44 -> City_20 -> City_32 -> City_45 -> City_7 -> City_39 -> City_36 -> City_16 -> City_19 -> City_8 -> City_41 -> City_18 -> City_26 -> City_38 -> City_2 -> City_43 -> City_31 -> City_10 -> City_25 -> City_11
575,999.613406075447,999.613406075447,City_15 -> City_42 -> City_12 -> City_14 -> City_6 -> City_35 -> City_17 -> City_9 -> City_24 -> City_40 -> City_29 -> City_3 -> City_30 -> City_21 -> City_37 -> City_22 -> City_4 -> City_34 -> City_13 -> City_5 -> City_27 -> City_28 -> City_1 -> City_23 -> City_33 -> City_44 -> City_20 -> City_32 -> City_45 -> City_7 -> City_39 -> City_36 -> City_16 -> City_19 -> City_8 -> City_41 -> City_18 -> City_26 -> City_38 -> City_2 -> City_43 -> City_31 -> City_10 -> City_25 -> City_11
580,999.613406075447,999.613406075447,City_15 -> City_42 -> City_12 -> City_14 -> City_6 -> City_35 -> City_17 -> City_9 -> City_24 -> City_40 -> City_29 -> City_3 -> City_30 -> City_21 -> City_37 -> City_22 -> City_4 -> City_34 -> City_13 -> City_5 -> City_27 -> City_28 -> City_1 -> City_23 -> City_33 -> City_44 -> City_20 -> City_32 -> City_45 -> City_7 -> City_39 -> City_36 -> City_16 -> City_19 -> City_8 -> City_41 -> City_18 -> City_26 -> City_38 -> City_2 -> City_43 -> City_31 -> City_10 -> City_25 -> City_11
585,999.613406075447,999.613406075447,City_15 -> City_42 -> City_12 -> City_14 -> City_6 -> City_35 -> City_17 -> City_9 -> City_24 -> City_40 -> City_29 -> City_3 -> City_30 -> City_21 -> City_37 -> City_22 -> City_4 -> City_34 -> City_13 -> City_5 -> City_27 -> City_28 -> City_1 -> City_23 -> City_33 -> City_44 -> City_20 -> City_32 -> City_45 -> City_7 -> City_39 -> City_36 -> City_16 -> City_19 -> City_8 -> City_41 -> City_18 -> City_26 -> City_38 -> City_2 -> City_43 -> City_31 -> City_10 -> City_25 -> City_11
590,999.613406075447,999.613406075447,City_15 -> City_42 -> City_12 -> City_14 -> City_6 -> City_35 -> City_17 -> City_9 -> City_24 -> City_40 -> City_29 -> City_3 -> City_30 -> City_21 -> City_37 -> City_22 -> City_4 -> City_34 -> City_13 -> City_5 -> City_27 -> City_28 -> City_1 -> City_23 -> City_33 -> City_44 -> City_20 -> City_32 -> City_45 -> City_7 -> City_39 -> City_36 -> City_16 -> City_19 -> City_8 -> City_41 -> City_18 -> City_26 -> City_38 -> City_2 -> City_43 -> City_31 -> City_10 -> City_25 -> City_11
595,999.613406075447,999.613406075447,City_15 -> City_42 -> City_12 -> City_14 -> City_6 -> City_35 -> City_17 -> City_9 -> City_24 -> City_40 -> City_29 -> City_3 -> City_30 -> City_21 -> City_37 -> City_22 -> City_4 -> City_34 -> City_13 -> City_5 -> City_27 -> City_28 -> City_1 -> City_23 -> City_33 -> City_44 -> City_20 -> City_32 -> City_45 -> City_7 -> City_39 -> City_36 -> City_16 -> City_19 -> City_8 -> City_41 -> City_18 -> City_26 -> City_38 -> City_2 -> City_43 -> City_31 -> City_10 -> City_25 -> City_11
600,999.613406075447,999.613406075447,City_15 -> City_42 -> City_12 -> City_14 -> City_6 -> City_35 -> City_17 -> City_9 -> City_24 -> City_40 -> City_29 -> City_3 -> City_30 -> City_21 -> City_37 -> City_22 -> City_4 -> City_34 -> City_13 -> City_5 -> City_27 -> City_28 -> City_1 -> City_23 -> City_33 -> City_44 -> City_20 -> City_32 -> City_45 -> City_7 -> City_39 -> City_36 -> City_16 -> City_19 -> City_8 -> City_41 -> City_18 -> City_26 -> City_38 -> City_2 -> City_43 -> City_31 -> City_10 -> City_25 -> City_11
605,999.613406075447,999.613406075447,City_15 -> City_42 -> City_12 -> City_14 -> City_6 -> City_35 -> City_17 -> City_9 -> City_24 -> City_40 -> City_29 -> City_3 -> City_30 -> City_21 -> City_37 -> City_22 -> City_4 -> City_34 -> City_13 -> City_5 -> City_27 -> City_28 -> City_1 -> City_23 -> City_33 -> City_44 -> City_20 -> City_32 -> City_45 -> City_7 -> City_39 -> City_36 -> City_16 -> City_19 -> City_8 -> City_41 -> City_18 -> City_26 -> City_38 -> City_2 -> City_43 -> City_31 -> City_10 -> City_25 -> City_11
610,999.613406075447,999.613406075447,City_15 -> City_42 -> City_12 -> City_14 -> City_6 -> City_35 -> City_17 -> City_9 -> City_24 -> City_40 -> City_29 -> City_3 -> City_30 -> City_21 -> City_37 -> City_22 -> City_4 -> City_34 -> City_13 -> City_5 -> City_27 -> City_28 -> City_1 -> City_23 -> City_33 -> City_44 -> City_20 -> City_32 -> City_45 -> City_7 -> City_39 -> City_36 -> City_16 -> City_19 -> City_8 -> City_41 -> City_18 -> City_26 -> City_38 -> City_2 -> City_43 -> City_31 -> City_10 -> City_25 -> City_11
615,999.613406075447,999.613406075447,City_15 -> City_42 -> City_12 -> City_14 -> City_6 -> City_35 -> City_17 -> City_9 -> City_24 -> City_40 -> City_29 -> City_3 -> City_30 -> City_21 -> City_37 -> City_22 -> City_4 -> City_34 -> City_13 -> City_5 -> City_27 -> City_28 -> City_1 -> City_23 -> City_33 -> City_44 -> City_20 -> City_32 -> City_45 -> City_7 -> City_39 -> City_36 -> City_16 -> City_19 -> City_8 -> City_41 -> City_18 -> City_26 -> City_38 -> City_2 -> City_43 -> City_31 -> City_10 -> City_25 -> City_11
620,999.613406075447,999.613406075447,City_15 -> City_42 -> City_12 -> City_14 -> City_6 -> City_35 -> City_17 -> City_9 -> City_24 -> City_40 -> City_29 -> City_3 -> City_30 -> City_21 -> City_37 -> City_22 -> City_4 -> City_34 -> City_13 -> City_5 -> City_27 -> City_28 -> City_1 -> City_23 -> City_33 -> City_44 -> City_20 -> City_32 -> City_45 -> City_7 -> City_39 -> City_36 -> City_16 -> City_19 -> City_8 -> City_41 -> City_18 -> City_26 -> City_38 -> City_2 -> City_43 -> City_31 -> City_10 -> City_25 -> City_11
625,992.9978917706286,992.9978917706286,City_15 -> City_8 -> City_12 -> City_14 -> City_6 -> City_35 -> City_17 -> City_9 -> City_24 -> City_40 -> City_29 -> City_3 -> City_30 -> City_21 -> City_37 -> City_22 -> City_4 -> City_34 -> City_13 -> City_5 -> City_27 -> City_28 -> City_1 -> City_23 -> City_33 -> City_44 -> City_20 -> City_32 -> City_45 -> City_7 -> City_39 -> City_36 -> City_16 -> City_19 -> City_42 -> City_41 -> City_18 -> City_26 -> City_38 -> City_2 -> City_43 -> City_31 -> City_10 -> City_25 -> City_11
630,992.9978917706286,992.9978917706286,City_15 -> City_8 -> City_12 -> City_14 -> City_6 -> City_35 -> City_17 -> City_9 -> City_24 -> City_40 -> City_29 -> City_3 -> City_30 -> City_21 -> City_37 -> City_22 -> City_4 -> City_34 -> City_13 -> City_5 -> City_27 -> City_28 -> City_1 -> City_23 -> City_33 -> City_44 -> City_20 -> City_32 -> City_45 -> City_7 -> City_39 -> City_36 -> City_16 -> City_19 -> City_42 -> City_41 -> City_18 -> City_26 -> City_38 -> City_2 -> City_43 -> City_31 -> City_10 -> City_25 -> City_11
635,992.9978917706286,992.9978917706286,City_15 -> City_8 -> City_12 -> City_14 -> City_6 -> City_35 -> City_17 -> City_9 -> City_24 -> City_40 -> City_29 -> City_3 -> City_30 -> City_21 -> City_37 -> City_22 -> City_4 -> City_34 -> City_13 -> City_5 -> City_27 -> City_28 -> City_1 -> City_23 -> City_33 -> City_44 -> City_20 -> City_32 -> City_45 -> City_7 -> City_39 -> City_36 -> City_16 -> City_19 -> City_42 -> City_41 -> City_18 -> City_26 -> City_38 -> City_2 -> City_43 -> City_31 -> City_10 -> City_25 -> City_11
640,992.9978917706286,992.9978917706286,City_15 -> City_8 -> City_12 -> City_14 -> City_6 -> City_35 -> City_17 -> City_9 -> City_24 -> City_40 -> City_29 -> City_3 -> City_30 -> City_21 -> City_37 -> City_22 -> City_4 -> City_34 -> City_13 -> City_5 -> City_27 -> City_28 -> City_1 -> City_23 -> City_33 -> City_44 -> City_20 -> City_32 -> City_45 -> City_7 -> City_39 -> City_36 -> City_16 -> City_19 -> City_42 -> City_41 -> City_18 -> City_26 -> City_38 -> City_2 -> City_43 -> City_31 -> City_10 -> City_25 -> City_11
645,992.9978917706286,992.9978917706286,City_15 -> City_8 -> City_12 -> City_14 -> City_6 -> City_35 -> City_17 -> City_9 -> City_24 -> City_40 -> City_29 -> City_3 -> City_30 -> City_21 -> City_37 -> City_22 -> City_4 -> City_34 -> City_13 -> City_5 -> City_27 -> City_28 -> City_1 -> City_23 -> City_33 -> City_44 -> City_20 -> City_32 -> City_45 -> City_7 -> City_39 -> City_36 -> City_16 -> City_19 -> City_42 -> City_41 -> City_18 -> City_26 -> City_38 -> City_2 -> City_43 -> City_31 -> City_10 -> City_25 -> City_11
650,992.9978917706286,992.9978917706286,City_15 -> City_8 -> City_12 -> City_14 -> City_6 -> City_35 -> City_17 -> City_9 -> City_24 -> City_40 -> City_29 -> City_3 -> City_30 -> City_21 -> City_37 -> City_22 -> City_4 -> City_34 -> City_13 -> City_5 -> City_27 -> City_28 -> City_1 -> City_23 -> City_33 -> City_44 -> City_20 -> City_32 -> City_45 -> City_7 -> City_39 -> City_36 -> City_16 -> City_19 -> City_42 -> City_41 -> City_18 -> City_26 -> City_38 -> City_2 -> City_43 -> City_31 -> City_10 -> City_25 -> City_11
655,992.9978917706286,992.9978917706286,City_15 -> City_8 -> City_12 -> City_14 -> City_6 -> City_35 -> City_17 -> City_9 -> City_24 -> City_40 -> City_29 -> City_3 -> City_30 -> City_21 -> City_37 -> City_22 -> City_4 -> City_34 -> City_13 -> City_5 -> City_27 -> City_28 -> City_1 -> City_23 -> City_33 -> City_44 -> City_20 -> City_32 -> City_45 -> City_7 -> City_39 -> City_36 -> City_16 -> City_19 -> City_42 -> City_41 -> City_18 -> City_26 -> City_38 -> City_2 -> City_43 -> City_31 -> City_10 -> City_25 -> City_11
660,992.9978917706286,992.9978917706286,City_15 -> City_8 -> City_12 -> City_14 -> City_6 -> City_35 -> City_17 -> City_9 -> City_24 -> City_40 -> City_29 -> City_3 -> City_30 -> City_21 -> City_37 -> City_22 -> City_4 -> City_34 -> City_13 -> City_5 -> City_27 -> City_28 -> City_1 -> City_23 -> City_33 -> City_44 -> City_20 -> City_32 -> City_45 -> City_7 -> City_39 -> City_36 -> City_16 -> City_19 -> City_42 -> City_41 -> City_18 -> City_26 -> City_38 -> City_2 -> City_43 -> City_31 -> City_10 -> City_25 -> City_11
665,992.9978917706286,992.9978917706286,City_15 -> City_8 -> City_12 -> City_14 -> City_6 -> City_35 -> City_17 -> City_9 -> City_24 -> City_40 -> City_29 -> City_3 -> City_30 -> City_21 -> City_37 -> City_22 -> City_4 -> City_34 -> City_13 -> City_5 -> City_27 -> City_28 -> City_1 -> City_23 -> City_33 -> City_44 -> City_20 -> City_32 -> City_45 -> City_7 -> City_39 -> City_36 -> City_16 -> City_19 -> City_42 -> City_41 -> City_18 -> City_26 -> City_38 -> City_2 -> City_43 -> City_31 -> City_10 -> City_25 -> City_11
670,992.9978917706286,992.9978917706286,City_15 -> City_8 -> City_12 -> City_14 -> City_6 -> City_35 -> City_17 -> City_9 -> City_24 -> City_40 -> City_29 -> City_3 -> City_30 -> City_21 -> City_37 -> City_22 -> City_4 -> City_34 -> City_13 -> City_5 -> City_27 -> City_28 -> City_1 -> City_23 -> City_33 -> City_44 -> City_20 -> City_32 -> City_45 -> City_7 -> City_39 -> City_36 -> City_16 -> City_19 -> City_42 -> City_41 -> City_18 -> City_26 -> City_38 -> City_2 -> City_43 -> City_31 -> City_10 -> City_25 -> City_11
675,992.9978917706286,992.9978917706286,City_15 -> City_8 -> City_12 -> City_14 -> City_6 -> City_35 -> City_17 -> City_9 -> City_24 -> City_40 -> City_29 -> City_3 -> City_30 -> City_21 -> City_37 -> City_22 -> City_4 -> City_34 -> City_13 -> City_5 -> City_27 -> City_28 -> City_1 -> City_23 -> City_33 -> City_44 -> City_20 -> City_32 -> City_45 -> City_7 -> City_39 -> City_36 -> City_16 -> City_19 -> City_42 -> City_41 -> City_18 -> City_26 -> City_38 -> City_2 -> City_43 -> City_31 -> City_10 -> City_25 -> City_11
680,992.9978917706286,992.9978917706286,City_15 -> City_8 -> City_12 -> City_14 -> City_6 -> City_35 -> City_17 -> City_9 -> City_24 -> City_40 -> City_29 -> City_3 -> City_30 -> City_21 -> City_37 -> City_22 -> City_4 -> City_34 -> City_13 -> City_5 -> City_27 -> City_28 -> City_1 -> City_23 -> City_33 -> City_44 -> City_20 -> City_32 -> City_45 -> City_7 -> City_39 -> City_36 -> City_16 -> City_19 -> City_42 -> City_41 -> City_18 -> City_26 -> City_38 -> City_2 -> City_43 -> City_31 -> City_10 -> City_25 -> City_11
685,992.9978917706286,992.9978917706286,City_15 -> City_8 -> City_12 -> City_14 -> City_6 -> City_35 -> City_17 -> City_9 -> City_24 -> City_40 -> City_29 -> City_3 -> City_30 -> City_21 -> City_37 -> City_22 -> City_4 -> City_34 -> City_13 -> City_5 -> City_27 -> City_28 -> City_1 -> City_23 -> City_33 -> City_44 -> City_20 -> City_32 -> City_45 -> City_7 -> City_39 -> City_36 -> City_16 -> City_19 -> City_42 -> City_41 -> City_18 -> City_26 -> City_38 -> City_2 -> City_43 -> City_31 -> City_10 -> City_25 -> City_11
690,992.9978917706286,992.9978917706286,City_15 -> City_8 -> City_12 -> City_14 -> City_6 -> City_35 -> City_17 -> City_9 -> City_24 -> City_40 -> City_29 -> City_3 -> City_30 -> City_21 -> City_37 -> City_22 -> City_4 -> City_34 -> City_13 -> City_5 -> City_27 -> City_28 -> City_1 -> City_23 -> City_33 -> City_44 -> City_20 -> City_32 -> City_45 -> City_7 -> City_39 -> City_36 -> City_16 -> City_19 -> City_42 -> City_41 -> City_18 -> City_26 -> City_38 -> City_2 -> City_43 -> City_31 -> City_10 -> City_25 -> City_11
695,992.9978917706286,992.9978917706286,City_15 -> City_8 -> City_12 -> City_14 -> City_6 -> City_35 -> City_17 -> City_9 -> City_24 -> City_40 -> City_29 -> City_3 -> City_30 -> City_21 -> City_37 -> City_22 -> City_4 -> City_34 -> City_13 -> City_5 -> City_27 -> City_28 -> City_1 -> City_23 -> City_33 -> City_44 -> City_20 -> City_32 -> City_45 -> City_7 -> City_39 -> City_36 -> City_16 -> City_19 -> City_42 -> City_41 -> City_18 -> City_26 -> City_38 -> City_2 -> City_43 -> City_31 -> City_10 -> City_25 -> City_11
700,992.9978917706286,992.9978917706286,City_15 -> City_8 -> City_12 -> City_14 -> City_6 -> City_35 -> City_17 -> City_9 -> City_24 -> City_40 -> City_29 -> City_3 -> City_30 -> City_21 -> City_37 -> City_22 -> City_4 -> City_34 -> City_13 -> City_5 -> City_27 -> City_28 -> City_1 -> City_23 -> City_33 -> City_44 -> City_20 -> City_32 -> City_45 -> City_7 -> City_39 -> City_36 -> City_16 -> City_19 -> City_42 -> City_41 -> City_18 -> City_26 -> City_38 -> City_2 -> City_43 -> City_31 -> City_10 -> City_25 -> City_11
705,992.9978917706286,992.9978917706286,City_15 -> City_8 -> City_12 -> City_14 -> City_6 -> City_35 -> City_17 -> City_9 -> City_24 -> City_40 -> City_29 -> City_3 -> City_30 -> City_21 -> City_37 -> City_22 -> City_4 -> City_34 -> City_13 -> City_5 -> City_27 -> City_28 -> City_1 -> City_23 -> City_33 -> City_44 -> City_20 -> City_32 -> City_45 -> City_7 -> City_39 -> City_36 -> City_16 -> City_19 -> City_42 -> City_41 -> City_18 -> City_26 -> City_38 -> City_2 -> City_43 -> City_31 -> City_10 -> City_25 -> City_11
710,992.9978917706286,992.9978917706286,City_15 -> City_8 -> City_12 -> City_14 -> City_6 -> City_35 -> City_17 -> City_9 -> City_24 -> City_40 -> City_29 -> City_3 -> City_30 -> City_21 -> City_37 -> City_22 -> City_4 -> City_34 -> City_13 -> City_5 -> City_27 -> City_28 -> City_1 -> City_23 -> City_33 -> City_44 -> City_20 -> City_32 -> City_45 -> City_7 -> City_39 -> City_36 -> City_16 -> City_19 -> City_42 -> City_41 -> City_18 -> City_26 -> City_38 -> City_2 -> City_43 -> City_31 -> City_10 -> City_25 -> City_11
715,992.9978917706286,992.9978917706286,City_15 -> City_8 -> City_12 -> City_14 -> City_6 -> City_35 -> City_17 -> City_9 -> City_24 -> City_40 -> City_29 -> City_3 -> City_30 -> City_21 -> City_37 -> City_22 -> City_4 -> City_34 -> City_13 -> City_5 -> City_27 -> City_28 -> City_1 -> City_23 -> City_33 -> City_44 -> City_20 -> City_32 -> City_45 -> City_7 -> City_39 -> City_36 -> City_16 -> City_19 -> City_42 -> City_41 -> City_18 -> City_26 -> City_38 -> City_2 -> City_43 -> City_31 -> City_10 -> City_25 -> City_11
720,992.9978917706286,992.9978917706286,City_15 -> City_8 -> City_12 -> City_14 -> City_6 -> City_35 -> City_17 -> City_9 -> City_24 -> City_40 -> City_29 -> City_3 -> City_30 -> City_21 -> City_37 -> City_22 -> City_4 -> City_34 -> City_13 -> City_5 -> City_27 -> City_28 -> City_1 -> City_23 -> City_33 -> City_44 -> City_20 -> City_32 -> City_45 -> City_7 -> City_39 -> City_36 -> City_16 -> City_19 -> City_42 -> City_41 -> City_18 -> City_26 -> City_38 -> City_2 -> City_43 -> City_31 -> City_10 -> City_25 -> City_11
725,992.9978917706286,992.9978917706286,City_15 -> City_8 -> City_12 -> City_14 -> City_6 -> City_35 -> City_17 -> City_9 -> City_24 -> City_40 -> City_29 -> City_3 -> City_30 -> City_21 -> City_37 -> City_22 -> City_4 -> City_34 -> City_13 -> City_5 -> City_27 -> City_28 -> City_1 -> City_23 -> City_33 -> City_44 -> City_20 -> City_32 -> City_45 -> City_7 -> City_39 -> City_36 -> City_16 -> City_19 -> City_42 -> City_41 -> City_18 -> City_26 -> City_38 -> City_2 -> City_43 -> City_31 -> City_10 -> City_25 -> City_11
730,992.9978917706286,992.9978917706286,City_15 -> City_8 -> City_12 -> City_14 -> City_6 -> City_35 -> City_17 -> City_9 -> City_24 -> City_40 -> City_29 -> City_3 -> City_30 -> City_21 -> City_37 -> City_22 -> City_4 -> City_34 -> City_13 -> City_5 -> City_27 -> City_28 -> City_1 -> City_23 -> City_33 -> City_44 -> City_20 -> City_32 -> City_45 -> City_7 -> City_39 -> City_36 -> City_16 -> City_19 -> City_42 -> City_41 -> City_18 -> City_26 -> City_38 -> City_2 -> City_43 -> City_31 -> City_10 -> City_25 -> City_11
735,992.9978917706286,992.9978917706286,City_15 -> City_8 -> City_12 -> City_14 -> City_6 -> City_35 -> City_17 -> City_9 -> City_24 -> City_40 -> City_29 -> City_3 -> City_30 -> City_21 -> City_37 -> City_22 -> City_4 -> City_34 -> City_13 -> City_5 -> City_27 -> City_28 -> City_1 -> City_23 -> City_33 -> City_44 -> City_20 -> City_32 -> City_45 -> City_7 -> City_39 -> City_36 -> City_16 -> City_19 -> City_42 -> City_41 -> City_18 -> City_26 -> City_38 -> City_2 -> City_43 -> City_31 -> City_10 -> City_25 -> City_11
740,992.9978917706286,992.9978917706286,City_15 -> City_8 -> City_12 -> City_14 -> City_6 -> City_35 -> City_17 -> City_9 -> City_24 -> City_40 -> City_29 -> City_3 -> City_30 -> City_21 -> City_37 -> City_22 -> City_4 -> City_34 -> City_13 -> City_5 -> City_27 -> City_28 -> City_1 -> City_23 -> City_33 -> City_44 -> City_20 -> City_32 -> City_45 -> City_7 -> City_39 -> City_36 -> City_16 -> City_19 -> City_42 -> City_41 -> City_18 -> City_26 -> City_38 -> City_2 -> City_43 -> City_31 -> City_10 -> City_25 -> City_11
745,992.9978917706286,992.9978917706286,City_15 -> City_8 -> City_12 -> City_14 -> City_6 -> City_35 -> City_17 -> City_9 -> City_24 -> City_40 -> City_29 -> City_3 -> City_30 -> City_21 -> City_37 -> City_22 -> City_4 -> City_34 -> City_13 -> City_5 -> City_27 -> City_28 -> City_1 -> City_23 -> City_33 -> City_44 -> City_20 -> City_32 -> City_45 -> City_7 -> City_39 -> City_36 -> City_16 -> City_19 -> City_42 -> City_41 -> City_18 -> City_26 -> City_38 -> City_2 -> City_43 -> City_31 -> City_10 -> City_25 -> City_11
750,992.9978917706286,992.9978917706286,City_15 -> City_8 -> City_12 -> City_14 -> City_6 -> City_35 -> City_17 -> City_9 -> City_24 -> City_40 -> City_29 -> City_3 -> City_30 -> City_21 -> City_37 -> City_22 -> City_4 -> City_34 -> City_13 -> City_5 -> City_27 -> City_28 -> City_1 -> City_23 -> City_33 -> City_44 -> City_20 -> City_32 -> City_45 -> City_7 -> City_39 -> City_36 -> City_16 -> City_19 -> City_42 -> City_41 -> City_18 -> City_26 -> City_38 -> City_2 -> City_43 -> City_31 -> City_10 -> City_25 -> City_11
755,992.9978917706286,992.9978917706286,City_15 -> City_8 -> City_12 -> City_14 -> City_6 -> City_35 -> City_17 -> City_9 -> City_24 -> City_40 -> City_29 -> City_3 -> City_30 -> City_21 -> City_37 -> City_22 -> City_4 -> City_34 -> City_13 -> City_5 -> City_27 -> City_28 -> City_1 -> City_23 -> City_33 -> City_44 -> City_20 -> City_32 -> City_45 -> City_7 -> City_39 -> City_36 -> City_16 -> City_19 -> City_42 -> City_41 -> City_18 -> City_26 -> City_38 -> City_2 -> City_43 -> City_31 -> City_10 -> City_25 -> City_11
760,992.9978917706286,992.9978917706286,City_15 -> City_8 -> City_12 -> City_14 -> City_6 -> City_35 -> City_17 -> City_9 -> City_24 -> City_40 -> City_29 -> City_3 -> City_30 -> City_21 -> City_37 -> City_22 -> City_4 -> City_34 -> City_13 -> City_5 -> City_27 -> City_28 -> City_1 -> City_23 -> City_33 -> City_44 -> City_20 -> City_32 -> City_45 -> City_7 -> City_39 -> City_36 -> City_16 -> City_19 -> City_42 -> City_41 -> City_18 -> City_26 -> City_38 -> City_2 -> City_43 -> City_31 -> City_10 -> City_25 -> City_11
765,992.9978917706286,992.9978917706286,City_15 -> City_8 -> City_12 -> City_14 -> City_6 -> City_35 -> City_17 -> City_9 -> City_24 -> City_40 -> City_29 -> City_3 -> City_30 -> City_21 -> City_37 -> City_22 -> City_4 -> City_34 -> City_13 -> City_5 -> City_27 -> City_28 -> City_1 -> City_23 -> City_33 -> City_44 -> City_20 -> City_32 -> City_45 -> City_7 -> City_39 -> City_36 -> City_16 -> City_19 -> City_42 -> City_41 -> City_18 -> City_26 -> City_38 -> City_2 -> City_43 -> City_31 -> City_10 -> City_25 -> City_11
770,992.9978917706286,992.9978917706286,City_15 -> City_8 -> City_12 -> City_14 -> City_6 -> City_35 -> City_17 -> City_9 -> City_24 -> City_40 -> City_29 -> City_3 -> City_30 -> City_21 -> City_37 -> City_22 -> City_4 -> City_34 -> City_13 -> City_5 -> City_27 -> City_28 -> City_1 -> City_23 -> City_33 -> City_44 -> City_20 -> City_32 -> City_45 -> City_7 -> City_39 -> City_36 -> City_16 -> City_19 -> City_42 -> City_41 -> City_18 -> City_26 -> City_38 -> City_2 -> City_43 -> City_31 -> City_10 -> City_25 -> City_11
775,992.9978917706286,992.9978917706286,City_15 -> City_8 -> City_12 -> City_14 -> City_6 -> City_35 -> City_17 -> City_9 -> City_24 -> City_40 -> City_29 -> City_3 -> City_30 -> City_21 -> City_37 -> City_22 -> City_4 -> City_34 -> City_13 -> City_5 -> City_27 -> City_28 -> City_1 -> City_23 -> City_33 -> City_44 -> City_20 -> City_32 -> City_45 -> City_7 -> City_39 -> City_36 -> City_16 -> City_19 -> City_42 -> City_41 -> City_18 -> City_26 -> City_38 -> City_2 -> City_43 -> City_31 -> City_10 -> City_25 -> City_11
780,990.8635598836568,990.8635598836568,City_16 -> City_8 -> City_12 -> City_14 -> City_6 -> City_35 -> City_17 -> City_9 -> City_24 -> City_40 -> City_29 -> City_3 -> City_30 -> City_21 -> City_37 -> City_22 -> City_4 -> City_34 -> City_13 -> City_5 -> City_27 -> City_28 -> City_1 -> City_23 -> City_33 -> City_44 -> City_20 -> City_32 -> City_45 -> City_7 -> City_39 -> City_36 -> City_15 -> City_19 -> City_42 -> City_41 -> City_18 -> City_26 -> City_38 -> City_2 -> City_43 -> City_31 -> City_10 -> City_25 -> City_11
785,989.436297563117,989.436297563117,City_19 -> City_8 -> City_12 -> City_14 -> City_6 -> City_35 -> City_17 -> City_9 -> City_24 -> City_40 -> City_29 -> City_3 -> City_30 -> City_21 -> City_37 -> City_22 -> City_4 -> City_34 -> City_13 -> City_5 -> City_27 -> City_28 -> City_1 -> City_23 -> City_33 -> City_44 -> City_20 -> City_32 -> City_45 -> City_7 -> City_39 -> City_36 -> City_16 -> City_15 -> City_42 -> City_41 -> City_18 -> City_26 -> City_38 -> City_2 -> City_43 -> City_31 -> City_10 -> City_25 -> City_11
790,989.436297563117,989.436297563117,City_19 -> City_8 -> City_12 -> City_14 -> City_6 -> City_35 -> City_17 -> City_9 -> City_24 -> City_40 -> City_29 -> City_3 -> City_30 -> City_21 -> City_37 -> City_22 -> City_4 -> City_34 -> City_13 -> City_5 -> City_27 -> City_28 -> City_1 -> City_23 -> City_33 -> City_44 -> City_20 -> City_32 -> City_45 -> City_7 -> City_39 -> City_36 -> City_16 -> City_15 -> City_42 -> City_41 -> City_18 -> City_26 -> City_38 -> City_2 -> City_43 -> City_31 -> City_10 -> City_25 -> City_11
795,989.436297563117,989.436297563117,City_19 -> City_8 -> City_12 -> City_14 -> City_6 -> City_35 -> City_17 -> City_9 -> City_24 -> City_40 -> City_29 -> City_3 -> City_30 -> City_21 -> City_37 -> City_22 -> City_4 -> City_34 -> City_13 -> City_5 -> City_27 -> City_28 -> City_1 -> City_23 -> City_33 -> City_44 -> City_20 -> City_32 -> City_45 -> City_7 -> City_39 -> City_36 -> City_16 -> City_15 -> City_42 -> City_41 -> City_18 -> City_26 -> City_38 -> City_2 -> City_43 -> City_31 -> City_10 -> City_25 -> City_11
800,984.9513822708144,984.9513822708144,City_40 -> City_8 -> City_12 -> City_14 -> City_6 -> City_35 -> City_17 -> City_9 -> City_24 -> City_19 -> City_29 -> City_3 -> City_30 -> City_21 -> City_37 -> City_22 -> City_4 -> City_34 -> City_13 -> City_5 -> City_27 -> City_28 -> City_1 -> City_23 -> City_33 -> City_44 -> City_20 -> City_32 -> City_45 -> City_7 -> City_39 -> City_36 -> City_16 -> City_15 -> City_42 -> City_41 -> City_18 -> City_26 -> City_38 -> City_2 -> City_43 -> City_31 -> City_10 -> City_25 -> City_11
805,960.4960820550792,960.4960820550792,City_40 -> City_8 -> City_12 -> City_14 -> City_6 -> City_35 -> City_17 -> City_9 -> City_24 -> City_19 -> City_29 -> City_3 -> City_30 -> City_21 -> City_37 -> City_22 -> City_4 -> City_34 -> City_13 -> City_5 -> City_27 -> City_28 -> City_1 -> City_23 -> City_33 -> City_20 -> City_32 -> City_45 -> City_7 -> City_39 -> City_36 -> City_16 -> City_15 -> City_42 -> City_41 -> City_18 -> City_26 -> City_38 -> City_44 -> City_2 -> City_43 -> City_31 -> City_10 -> City_25 -> City_11
810,960.4960820550792,960.4960820550792,City_40 -> City_8 -> City_12 -> City_14 -> City_6 -> City_35 -> City_17 -> City_9 -> City_24 -> City_19 -> City_29 -> City_3 -> City_30 -> City_21 -> City_37 -> City_22 -> City_4 -> City_34 -> City_13 -> City_5 -> City_27 -> City_28 -> City_1 -> City_23 -> City_33 -> City_20 -> City_32 -> City_45 -> City_7 -> City_39 -> City_36 -> City_16 -> City_15 -> City_42 -> City_41 -> City_18 -> City_26 -> City_38 -> City_44 -> City_2 -> City_43 -> City_31 -> City_10 -> City_25 -> City_11
815,960.4960820550792,960.4960820550792,City_40 -> City_8 -> City_12 -> City_14 -> City_6 -> City_35 -> City_17 -> City_9 -> City_24 -> City_19 -> City_29 -> City_3 -> City_30 -> City_21 -> City_37 -> City_22 -> City_4 -> City_34 -> City_13 -> City_5 -> City_27 -> City_28 -> City_1 -> City_23 -> City_33 -> City_20 -> City_32 -> City_45 -> City_7 -> City_39 -> City_36 -> City_16 -> City_15 -> City_42 -> City_41 -> City_18 -> City_26 -> City_38 -> City_44 -> City_2 -> City_43 -> City_31 -> City_10 -> City_25 -> City_11
820,960.4960820550792,960.4960820550792,City_40 -> City_8 -> City_12 -> City_14 -> City_6 -> City_35 -> City_17 -> City_9 -> City_24 -> City_19 -> City_29 -> City_3 -> City_30 -> City_21 -> City_37 -> City_22 -> City_4 -> City_34 -> City_13 -> City_5 -> City_27 -> City_28 -> City_1 -> City_23 -> City_33 -> City_20 -> City_32 -> City_45 -> City_7 -> City_39 -> City_36 -> City_16 -> City_15 -> City_42 -> City_41 -> City_18 -> City_26 -> City_38 -> City_44 -> City_2 -> City_43 -> City_31 -> City_10 -> City_25 -> City_11
825,960.4960820550792,960.4960820550792,City_40 -> City_8 -> City_12 -> City_14 -> City_6 -> City_35 -> City_17 -> City_9 -> City_24 -> City_19 -> City_29 -> City_3 -> City_30 -> City_21 -> City_37 -> City_22 -> City_4 -> City_34 -> City_13 -> City_5 -> City_27 -> City_28 -> City_1 -> City_23 -> City_33 -> City_20 -> City_32 -> City_45 -> City_7 -> City_39 -> City_36 -> City_16 -> City_15 -> City_42 -> City_41 -> City_18 -> City_26 -> City_38 -> City_44 -> City_2 -> City_43 -> City_31 -> City_10 -> City_25 -> City_11
830,960.4960820550792,960.4960820550792,City_40 -> City_8 -> City_12 -> City_14 -> City_6 -> City_35 -> City_17 -> City_9 -> City_24 -> City_19 -> City_29 -> City_3 -> City_30 -> City_21 -> City_37 -> City_22 -> City_4 -> City_34 -> City_13 -> City_5 -> City_27 -> City_28 -> City_1 -> City_23 -> City_33 -> City_20 -> City_32 -> City_45 -> City_7 -> City_39 -> City_36 -> City_16 -> City_15 -> City_42 -> City_41 -> City_18 -> City_26 -> City_38 -> City_44 -> City_2 -> City_43 -> City_31 -> City_10 -> City_25 -> City_11
835,960.4960820550792,960.4960820550792,City_40 -> City_8 -> City_12 -> City_14 -> City_6 -> City_35 -> City_17 -> City_9 -> City_24 -> City_19 -> City_29 -> City_3 -> City_30 -> City_21 -> City_37 -> City_22 -> City_4 -> City_34 -> City_13 -> City_5 -> City_27 -> City_28 -> City_1 -> City_23 -> City_33 -> City_20 -> City_32 -> City_45 -> City_7 -> City_39 -> City_36 -> City_16 -> City_15 -> City_42 -> City_41 -> City_18 -> City_26 -> City_38 -> City_44 -> City_2 -> City_43 -> City_31 -> City_10 -> City_25 -> City_11
840,960.4960820550792,960.4960820550792,City_40 -> City_8 -> City_12 -> City_14 -> City_6 -> City_35 -> City_17 -> City_9 -> City_24 -> City_19 -> City_29 -> City_3 -> City_30 -> City_21 -> City_37 -> City_22 -> City_4 -> City_34 -> City_13 -> City_5 -> City_27 -> City_28 -> City_1 -> City_23 -> City_33 -> City_20 -> City_32 -> City_45 -> City_7 -> City_39 -> City_36 -> City_16 -> City_15 -> City_42 -> City_41 -> City_18 -> City_26 -> City_38 -> City_44 -> City_2 -> City_43 -> City_31 -> City_10 -> City_25 -> City_11
845,960.4960820550792,960.4960820550792,City_40 -> City_8 -> City_12 -> City_14 -> City_6 -> City_35 -> City_17 -> City_9 -> City_24 -> City_19 -> City_29 -> City_3 -> City_30 -> City_21 -> City_37 -> City_22 -> City_4 -> City_34 -> City_13 -> City_5 -> City_27 -> City_28 -> City_1 -> City_23 -> City_33 -> City_20 -> City_32 -> City_45 -> City_7 -> City_39 -> City_36 -> City_16 -> City_15 -> City_42 -> City_41 -> City_18 -> City_26 -> City_38 -> City_44 -> City_2 -> City_43 -> City_31 -> City_10 -> City_25 -> City_11
850,955.6830176601333,955.6830176601333,City_40 -> City_8 -> City_19 -> City_14 -> City_6 -> City_35 -> City_17 -> City_9 -> City_24 -> City_12 -> City_29 -> City_3 -> City_30 -> City_21 -> City_37 -> City_22 -> City_4 -> City_34 -> City_13 -> City_5 -> City_27 -> City_28 -> City_1 -> City_23 -> City_33 -> City_20 -> City_32 -> City_45 -> City_7 -> City_39 -> City_36 -> City_16 -> City_15 -> City_42 -> City_41 -> City_18 -> City_26 -> City_38 -> City_44 -> City_2 -> City_43 -> City_31 -> City_10 -> City_25 -> City_11
855,955.6830176601333,955.6830176601333,City_40 -> City_8 -> City_19 -> City_14 -> City_6 -> City_35 -> City_17 -> City_9 -> City_24 -> City_12 -> City_29 -> City_3 -> City_30 -> City_21 -> City_37 -> City_22 -> City_4 -> City_34 -> City_13 -> City_5 -> City_27 -> City_28 -> City_1 -> City_23 -> City_33 -> City_20 -> City_32 -> City_45 -> City_7 -> City_39 -> City_36 -> City_16 -> City_15 -> City_42 -> City_41 -> City_18 -> City_26 -> City_38 -> City_44 -> City_2 -> City_43 -> City_31 -> City_10 -> City_25 -> City_11
860,955.6830176601333,955.6830176601333,City_40 -> City_8 -> City_19 -> City_14 -> City_6 -> City_35 -> City_17 -> City_9 -> City_24 -> City_12 -> City_29 -> City_3 -> City_30 -> City_21 -> City_37 -> City_22 -> City_4 -> City_34 -> City_13 -> City_5 -> City_27 -> City_28 -> City_1 -> City_23 -> City_33 -> City_20 -> City_32 -> City_45 -> City_7 -> City_39 -> City_36 -> City_16 -> City_15 -> City_42 -> City_41 -> City_18 -> City_26 -> City_38 -> City_44 -> City_2 -> City_43 -> City_31 -> City_10 -> City_25 -> City_11
865,955.6830176601333,955.6830176601333,City_40 -> City_8 -> City_19 -> City_14 -> City_6 -> City_35 -> City_17 -> City_9 -> City_24 -> City_12 -> City_29 -> City_3 -> City_30 -> City_21 -> City_37 -> City_22 -> City_4 -> City_34 -> City_13 -> City_5 -> City_27 -> City_28 -> City_1 -> City_23 -> City_33 -> City_20 -> City_32 -> City_45 -> City_7 -> City_39 -> City_36 -> City_16 -> City_15 -> City_42 -> City_41 -> City_18 -> City_26 -> City_38 -> City_44 -> City_2 -> City_43 -> City_31 -> City_10 -> City_25 -> City_11
870,955.6830176601333,955.6830176601333,City_40 -> City_8 -> City_19 -> City_14 -> City_6 -> City_35 -> City_17 -> City_9 -> City_24 -> City_12 -> City_29 -> City_3 -> City_30 -> City_21 -> City_37 -> City_22 -> City_4 -> City_34 -> City_13 -> City_5 -> City_27 -> City_28 -> City_1 -> City_23 -> City_33 -> City_20 -> City_32 -> City_45 -> City_7 -> City_39 -> City_36 -> City_16 -> City_15 -> City_42 -> City_41 -> City_18 -> City_26 -> City_38 -> City_44 -> City_2 -> City_43 -> City_31 -> City_10 -> City_25 -> City_11
875,955.6830176601333,955.6830176601333,City_40 -> City_8 -> City_19 -> City_14 -> City_6 -> City_35 -> City_17 -> City_9 -> City_24 -> City_12 -> City_29 -> City_3 -> City_30 -> City_21 -> City_37 -> City_22 -> City_4 -> City_34 -> City_13 -> City_5 -> City_27 -> City_28 -> City_1 -> City_23 -> City_33 -> City_20 -> City_32 -> City_45 -> City_7 -> City_39 -> City_36 -> City_16 -> City_15 -> City_42 -> City_41 -> City_18 -> City_26 -> City_38 -> City_44 -> City_2 -> City_43 -> City_31 -> City_10 -> City_25 -> City_11
880,955.6830176601333,955.6830176601333,City_40 -> City_8 -> City_19 -> City_14 -> City_6 -> City_35 -> City_17 -> City_9 -> City_24 -> City_12 -> City_29 -> City_3 -> City_30 -> City_21 -> City_37 -> City_22 -> City_4 -> City_34 -> City_13 -> City_5 -> City_27 -> City_28 -> City_1 -> City_23 -> City_33 -> City_20 -> City_32 -> City_45 -> City_7 -> City_39 -> City_36 -> City_16 -> City_15 -> City_42 -> City_41 -> City_18 -> City_26 -> City_38 -> City_44 -> City_2 -> City_43 -> City_31 -> City_10 -> City_25 -> City_11
885,955.6830176601333,955.6830176601333,City_40 -> City_8 -> City_19 -> City_14 -> City_6 -> City_35 -> City_17 -> City_9 -> City_24 -> City_12 -> City_29 -> City_3 -> City_30 -> City_21 -> City_37 -> City_22 -> City_4 -> City_34 -> City_13 -> City_5 -> City_27 -> City_28 -> City_1 -> City_23 -> City_33 -> City_20 -> City_32 -> City_45 -> City_7 -> City_39 -> City_36 -> City_16 -> City_15 -> City_42 -> City_41 -> City_18 -> City_26 -> City_38 -> City_44 -> City_2 -> City_43 -> City_31 -> City_10 -> City_25 -> City_11
890,955.6830176601333,955.6830176601333,City_40 -> City_8 -> City_19 -> City_14 -> City_6 -> City_35 -> City_17 -> City_9 -> City_24 -> City_12 -> City_29 -> City_3 -> City_30 -> City_21 -> City_37 -> City_22 -> City_4 -> City_34 -> City_13 -> City_5 -> City_27 -> City_28 -> City_1 -> City_23 -> City_33 -> City_20 -> City_32 -> City_45 -> City_7 -> City_39 -> City_36 -> City_16 -> City_15 -> City_42 -> City_41 -> City_18 -> City_26 -> City_38 -> City_44 -> City_2 -> City_43 -> City_31 -> City_10 -> City_25 -> City_11
895,955.6830176601333,955.6830176601333,City_40 -> City_8 -> City_19 -> City_14 -> City_6 -> City_35 -> City_17 -> City_9 -> City_24 -> City_12 -> City_29 -> City_3 -> City_30 -> City_21 -> City_37 -> City_22 -> City_4 -> City_34 -> City_13 -> City_5 -> City_27 -> City_28 -> City_1 -> City_23 -> City_33 -> City_20 -> City_32 -> City_45 -> City_7 -> City_39 -> City_36 -> City_16 -> City_15 -> City_42 -> City_41 -> City_18 -> City_26 -> City_38 -> City_44 -> City_2 -> City_43 -> City_31 -> City_10 -> City_25 -> City_11
900,955.6830176601333,955.6830176601333,City_40 -> City_8 -> City_19 -> City_14 -> City_6 -> City_35 -> City_17 -> City_9 -> City_24 -> City_12 -> City_29 -> City_3 -> City_30 -> City_21 -> City_37 -> City_22 -> City_4 -> City_34 -> City_13 -> City_5 -> City_27 -> City_28 -> City_1 -> City_23 -> City_33 -> City_20 -> City_32 -> City_45 -> City_7 -> City_39 -> City_36 -> City_16 -> City_15 -> City_42 -> City_41 -> City_18 -> City_26 -> City_38 -> City_44 -> City_2 -> City_43 -> City_31 -> City_10 -> City_25 -> City_11
905,941.0921968925762,941.0921968925762,City_40 -> City_8 -> City_29 -> City_14 -> City_6 -> City_35 -> City_17 -> City_9 -> City_24 -> City_12 -> City_19 -> City_3 -> City_30 -> City_21 -> City_37 -> City_22 -> City_4 -> City_34 -> City_13 -> City_5 -> City_27 -> City_28 -> City_1 -> City_23 -> City_33 -> City_20 -> City_45 -> City_32 -> City_7 -> City_39 -> City_36 -> City_16 -> City_15 -> City_42 -> City_41 -> City_18 -> City_26 -> City_38 -> City_44 -> City_2 -> City_43 -> City_31 -> City_10 -> City_25 -> City_11
910,941.0921968925762,941.0921968925762,City_40 -> City_8 -> City_29 -> City_14 -> City_6 -> City_35 -> City_17 -> City_9 -> City_24 -> City_12 -> City_19 -> City_3 -> City_30 -> City_21 -> City_37 -> City_22 -> City_4 -> City_34 -> City_13 -> City_5 -> City_27 -> City_28 -> City_1 -> City_23 -> City_33 -> City_20 -> City_45 -> City_32 -> City_7 -> City_39 -> City_36 -> City_16 -> City_15 -> City_42 -> City_41 -> City_18 -> City_26 -> City_38 -> City_44 -> City_2 -> City_43 -> City_31 -> City_10 -> City_25 -> City_11
915,941.0921968925762,941.0921968925762,City_40 -> City_8 -> City_29 -> City_14 -> City_6 -> City_35 -> City_17 -> City_9 -> City_24 -> City_12 -> City_19 -> City_3 -> City_30 -> City_21 -> City_37 -> City_22 -> City_4 -> City_34 -> City_13 -> City_5 -> City_27 -> City_28 -> City_1 -> City_23 -> City_33 -> City_20 -> City_45 -> City_32 -> City_7 -> City_39 -> City_36 -> City_16 -> City_15 -> City_42 -> City_41 -> City_18 -> City_26 -> City_38 -> City_44 -> City_2 -> City_43 -> City_31 -> City_10 -> City_25 -> City_11
920,941.0921968925762,941.0921968925762,City_40 -> City_8 -> City_29 -> City_14 -> City_6 -> City_35 -> City_17 -> City_9 -> City_24 -> City_12 -> City_19 -> City_3 -> City_30 -> City_21 -> City_37 -> City_22 -> City_4 -> City_34 -> City_13 -> City_5 -> City_27 -> City_28 -> City_1 -> City_23 -> City_33 -> City_20 -> City_45 -> City_32 -> City_7 -> City_39 -> City_36 -> City_16 -> City_15 -> City_42 -> City_41 -> City_18 -> City_26 -> City_38 -> City_44 -> City_2 -> City_43 -> City_31 -> City_10 -> City_25 -> City_11
925,941.0921968925762,941.0921968925762,City_40 -> City_8 -> City_29 -> City_14 -> City_6 -> City_35 -> City_17 -> City_9 -> City_24 -> City_12 -> City_19 -> City_3 -> City_30 -> City_21 -> City_37 -> City_22 -> City_4 -> City_34 -> City_13 -> City_5 -> City_27 -> City_28 -> City_1 -> City_23 -> City_33 -> City_20 -> City_45 -> City_32 -> City_7 -> City_39 -> City_36 -> City_16 -> City_15 -> City_42 -> City_41 -> City_18 -> City_26 -> City_38 -> City_44 -> City_2 -> City_43 -> City_31 -> City_10 -> City_25 -> City_11
930,941.0921968925762,941.0921968925762,City_40 -> City_8 -> City_29 -> City_14 -> City_6 -> City_35 -> City_17 -> City_9 -> City_24 -> City_12 -> City_19 -> City_3 -> City_30 -> City_21 -> City_37 -> City_22 -> City_4 -> City_34 -> City_13 -> City_5 -> City_27 -> City_28 -> City_1 -> City_23 -> City_33 -> City_20 -> City_45 -> City_32 -> City_7 -> City_39 -> City_36 -> City_16 -> City_15 -> City_42 -> City_41 -> City_18 -> City_26 -> City_38 -> City_44 -> City_2 -> City_43 -> City_31 -> City_10 -> City_25 -> City_11
935,941.0921968925762,941.0921968925762,City_40 -> City_8 -> City_29 -> City_14 -> City_6 -> City_35 -> City_17 -> City_9 -> City_24 -> City_12 -> City_19 -> City_3 -> City_30 -> City_21 -> City_37 -> City_22 -> City_4 -> City_34 -> City_13 -> City_5 -> City_27 -> City_28 -> City_1 -> City_23 -> City_33 -> City_20 -> City_45 -> City_32 -> City_7 -> City_39 -> City_36 -> City_16 -> City_15 -> City_42 -> City_41 -> City_18 -> City_26 -> City_38 -> City_44 -> City_2 -> City_43 -> City_31 -> City_10 -> City_25 -> City_11
940,937.486488008543,937.486488008543,City_42 -> City_8 -> City_29 -> City_14 -> City_6 -> City_35 -> City_17 -> City_9 -> City_24 -> City_12 -> City_19 -> City_3 -> City_30 -> City_21 -> City_37 -> City_22 -> City_4 -> City_34 -> City_13 -> City_5 -> City_27 -> City_28 -> City_1 -> City_23 -> City_33 -> City_20 -> City_45 -> City_32 -> City_7 -> City_39 -> City_36 -> City_16 -> City_15 -> City_40 -> City_41 -> City_18 -> City_26 -> City_38 -> City_44 -> City_2 -> City_43 -> City_31 -> City_10 -> City_25 -> City_11
945,937.486488008543,937.486488008543,City_42 -> City_8 -> City_29 -> City_14 -> City_6 -> City_35 -> City_17 -> City_9 -> City_24 -> City_12 -> City_19 -> City_3 -> City_30 -> City_21 -> City_37 -> City_22 -> City_4 -> City_34 -> City_13 -> City_5 -> City_27 -> City_28 -> City_1 -> City_23 -> City_33 -> City_20 -> City_45 -> City_32 -> City_7 -> City_39 -> City_36 -> City_16 -> City_15 -> City_40 -> City_41 -> City_18 -> City_26 -> City_38 -> City_44 -> City_2 -> City_43 -> City_31 -> City_10 -> City_25 -> City_11
950,937.486488008543,937.486488008543,City_42 -> City_8 -> City_29 -> City_14 -> City_6 -> City_35 -> City_17 -> City_9 -> City_24 -> City_12 -> City_19 -> City_3 -> City_30 -> City_21 -> City_37 -> City_22 -> City_4 -> City_34 -> City_13 -> City_5 -> City_27 -> City_28 -> City_1 -> City_23 -> City_33 -> City_20 -> City_45 -> City_32 -> City_7 -> City_39 -> City_36 -> City_16 -> City_15 -> City_40 -> City_41 -> City_18 -> City_26 -> City_38 -> City_44 -> City_2 -> City_43 -> City_31 -> City_10 -> City_25 -> City_11
955,937.486488008543,937.486488008543,City_42 -> City_8 -> City_29 -> City_14 -> City_6 -> City_35 -> City_17 -> City_9 -> City_24 -> City_12 -> City_19 -> City_3 -> City_30 -> City_21 -> City_37 -> City_22 -> City_4 -> City_34 -> City_13 -> City_5 -> City_27 -> City_28 -> City_1 -> City_23 -> City_33 -> City_20 -> City_45 -> City_32 -> City_7 -> City_39 -> City_36 -> City_16 -> City_15 -> City_40 -> City_41 -> City_18 -> City_26 -> City_38 -> City_44 -> City_2 -> City_43 -> City_31 -> City_10 -> City_25 -> City_11
960,937.486488008543,937.486488008543,City_42 -> City_8 -> City_29 -> City_14 -> City_6 -> City_35 -> City_17 -> City_9 -> City_24 -> City_12 -> City_19 -> City_3 -> City_30 -> City_21 -> City_37 -> City_22 -> City_4 -> City_34 -> City_13 -> City_5 -> City_27 -> City_28 -> City_1 -> City_23 -> City_33 -> City_20 -> City_45 -> City_32 -> City_7 -> City_39 -> City_36 -> City_16 -> City_15 -> City_40 -> City_41 -> City_18 -> City_26 -> City_38 -> City_44 -> City_2 -> City_43 -> City_31 -> City_10 -> City_25 -> City_11
965,937.486488008543,937.486488008543,City_42 -> City_8 -> City_29 -> City_14 -> City_6 -> City_35 -> City_17 -> City_9 -> City_24 -> City_12 -> City_19 -> City_3 -> City_30 -> City_21 -> City_37 -> City_22 -> City_4 -> City_34 -> City_13 -> City_5 -> City_27 -> City_28 -> City_1 -> City_23 -> City_33 -> City_20 -> City_45 -> City_32 -> City_7 -> City_39 -> City_36 -> City_16 -> City_15 -> City_40 -> City_41 -> City_18 -> City_26 -> City_38 -> City_44 -> City_2 -> City_43 -> City_31 -> City_10 -> City_25 -> City_11
970,937.486488008543,937.486488008543,City_42 -> City_8 -> City_29 -> City_14 -> City_6 -> City_35 -> City_17 -> City_9 -> City_24 -> City_12 -> City_19 -> City_3 -> City_30 -> City_21 -> City_37 -> City_22 -> City_4 -> City_34 -> City_13 -> City_5 -> City_27 -> City_28 -> City_1 -> City_23 -> City_33 -> City_20 -> City_45 -> City_32 -> City_7 -> City_39 -> City_36 -> City_16 -> City_15 -> City_40 -> City_41 -> City_18 -> City_26 -> City_38 -> City_44 -> City_2 -> City_43 -> City_31 -> City_10 -> City_25 -> City_11
975,937.486488008543,937.486488008543,City_42 -> City_8 -> City_29 -> City_14 -> City_6 -> City_35 -> City_17 -> City_9 -> City_24 -> City_12 -> City_19 -> City_3 -> City_30 -> City_21 -> City_37 -> City_22 -> City_4 -> City_34 -> City_13 -> City_5 -> City_27 -> City_28 -> City_1 -> City_23 -> City_33 -> City_20 -> City_45 -> City_32 -> City_7 -> City_39 -> City_36 -> City_16 -> City_15 -> City_40 -> City_41 -> City_18 -> City_26 -> City_38 -> City_44 -> City_2 -> City_43 -> City_31 -> City_10 -> City_25 -> City_11
980,937.486488008543,937.486488008543,City_42 -> City_8 -> City_29 -> City_14 -> City_6 -> City_35 -> City_17 -> City_9 -> City_24 -> City_12 -> City_19 -> City_3 -> City_30 -> City_21 -> City_37 -> City_22 -> City_4 -> City_34 -> City_13 -> City_5 -> City_27 -> City_28 -> City_1 -> City_23 -> City_33 -> City_20 -> City_45 -> City_32 -> City_7 -> City_39 -> City_36 -> City_16 -> City_15 -> City_40 -> City_41 -> City_18 -> City_26 -> City_38 -> City_44 -> City_2 -> City_43 -> City_31 -> City_10 -> City_25 -> City_11
985,937.486488008543,937.486488008543,City_42 -> City_8 -> City_29 -> City_14 -> City_6 -> City_35 -> City_17 -> City_9 -> City_24 -> City_12 -> City_19 -> City_3 -> City_30 -> City_21 -> City_37 -> City_22 -> City_4 -> City_34 -> City_13 -> City_5 -> City_27 -> City_28 -> City_1 -> City_23 -> City_33 -> City_20 -> City_45 -> City_32 -> City_7 -> City_39 -> City_36 -> City_16 -> City_15 -> City_40 -> City_41 -> City_18 -> City_26 -> City_38 -> City_44 -> City_2 -> City_43 -> City_31 -> City_10 -> City_25 -> City_11
990,937.486488008543,937.486488008543,City_42 -> City_8 -> City_29 -> City_14 -> City_6 -> City_35 -> City_17 -> City_9 -> City_24 -> City_12 -> City_19 -> City_3 -> City_30 -> City_21 -> City_37 -> City_22 -> City_4 -> City_34 -> City_13 -> City_5 -> City_27 -> City_28 -> City_1 -> City_23 -> City_33 -> City_20 -> City_45 -> City_32 -> City_7 -> City_39 -> City_36 -> City_16 -> City_15 -> City_40 -> City_41 -> City_18 -> City_26 -> City_38 -> City_44 -> City_2 -> City_43 -> City_31 -> City_10 -> City_25 -> City_11
995,937.486488008543,937.486488008543,City_42 -> City_8 -> City_29 -> City_14 -> City_6 -> City_35 -> City_17 -> City_9 -> City_24 -> City_12 -> City_19 -> City_3 -> City_30 -> City_21 -> City_37 -> City_22 -> City_4 -> City_34 -> City_13 -> City_5 -> City_27 -> City_28 -> City_1 -> City_23 -> City_33 -> City_20 -> City_45 -> City_32 -> City_7 -> City_39 -> City_36 -> City_16 -> City_15 -> City_40 -> City_41 -> City_18 -> City_26 -> City_38 -> City_44 -> City_2 -> City_43 -> City_31 -> City_10 -> City_25 -> City_11
1000,937.486488008543,937.486488008543,City_42 -> City_8 -> City_29 -> City_14 -> City_6 -> City_35 -> City_17 -> City_9 -> City_24 -> City_12 -> City_19 -> City_3 -> City_30 -> City_21 -> City_37 -> City_22 -> City_4 -> City_34 -> City_13 -> City_5 -> City_27 -> City_28 -> City_1 -> City_23 -> City_33 -> City_20 -> City_45 -> City_32 -> City_7 -> City_39 -> City_36 -> City_16 -> City_15 -> City_40 -> City_41 -> City_18 -> City_26 -> City_38 -> City_44 -> City_2 -> City_43 -> City_31 -> City_10 -> City_25 -> City_11
