iteration,current_distance,best_distance,route
0,2658.9855146778245,2658.9855146778245,City_26 -> City_24 -> City_20 -> City_12 -> City_5 -> City_46 -> City_27 -> City_10 -> City_30 -> City_17 -> City_32 -> City_22 -> City_13 -> City_4 -> City_40 -> City_39 -> City_11 -> City_25 -> City_36 -> City_1 -> City_44 -> City_19 -> City_34 -> City_49 -> City_42 -> City_31 -> City_29 -> City_21 -> City_23 -> City_43 -> City_47 -> City_37 -> City_33 -> City_45 -> City_14 -> City_50 -> City_48 -> City_3 -> City_28 -> City_38 -> City_6 -> City_35 -> City_7 -> City_9 -> City_15 -> City_16 -> City_18 -> City_2 -> City_8 -> City_41
5,1720.919121070267,1720.919121070267,City_26 -> City_45 -> City_20 -> City_12 -> City_5 -> City_47 -> City_27 -> City_10 -> City_30 -> City_17 -> City_1 -> City_22 -> City_13 -> City_4 -> City_40 -> City_39 -> City_11 -> City_25 -> City_36 -> City_32 -> City_44 -> City_19 -> City_7 -> City_49 -> City_42 -> City_31 -> City_29 -> City_21 -> City_23 -> City_43 -> City_46 -> City_37 -> City_33 -> City_24 -> City_14 -> City_50 -> City_8 -> City_3 -> City_28 -> City_38 -> City_6 -> City_35 -> City_34 -> City_9 -> City_15 -> City_16 -> City_18 -> City_2 -> City_48 -> City_41
10,1386.3439038595404,1386.3439038595404,City_26 -> City_45 -> City_20 -> City_12 -> City_5 -> City_18 -> City_27 -> City_10 -> City_23 -> City_13 -> City_1 -> City_22 -> City_17 -> City_4 -> City_7 -> City_39 -> City_11 -> City_25 -> City_36 -> City_32 -> City_44 -> City_49 -> City_40 -> City_19 -> City_42 -> City_31 -> City_29 -> City_21 -> City_30 -> City_43 -> City_46 -> City_37 -> City_33 -> City_24 -> City_14 -> City_50 -> City_8 -> City_3 -> City_28 -> City_38 -> City_6 -> City_35 -> City_34 -> City_9 -> City_15 -> City_16 -> City_47 -> City_2 -> City_48 -> City_41
15,1113.0391835479227,1113.0391835479227,City_26 -> City_45 -> City_44 -> City_38 -> City_5 -> City_18 -> City_27 -> City_28 -> City_23 -> City_13 -> City_1 -> City_22 -> City_17 -> City_4 -> City_7 -> City_39 -> City_11 -> City_25 -> City_36 -> City_32 -> City_20 -> City_49 -> City_40 -> City_19 -> City_42 -> City_3 -> City_29 -> City_50 -> City_30 -> City_43 -> City_46 -> City_37 -> City_33 -> City_24 -> City_14 -> City_21 -> City_8 -> City_31 -> City_10 -> City_12 -> City_6 -> City_35 -> City_34 -> City_9 -> City_15 -> City_16 -> City_47 -> City_2 -> City_48 -> City_41
20,995.1813495325953,995.1813495325953,City_26 -> City_45 -> City_44 -> City_38 -> City_5 -> City_18 -> City_27 -> City_28 -> City_1 -> City_4 -> City_37 -> City_22 -> City_17 -> City_13 -> City_7 -> City_39 -> City_11 -> City_15 -> City_36 -> City_32 -> City_20 -> City_49 -> City_40 -> City_19 -> City_42 -> City_3 -> City_29 -> City_50 -> City_30 -> City_21 -> City_46 -> City_23 -> City_33 -> City_24 -> City_14 -> City_43 -> City_8 -> City_31 -> City_10 -> City_12 -> City_6 -> City_35 -> City_34 -> City_9 -> City_25 -> City_16 -> City_47 -> City_2 -> City_48 -> City_41
25,933.4890506599223,933.4890506599223,City_26 -> City_41 -> City_44 -> City_38 -> City_5 -> City_18 -> City_27 -> City_28 -> City_1 -> City_4 -> City_37 -> City_22 -> City_17 -> City_13 -> City_7 -> City_39 -> City_11 -> City_15 -> City_36 -> City_32 -> City_20 -> City_49 -> City_40 -> City_19 -> City_42 -> City_3 -> City_29 -> City_50 -> City_30 -> City_21 -> City_14 -> City_9 -> City_33 -> City_24 -> City_12 -> City_43 -> City_10 -> City_31 -> City_8 -> City_46 -> City_6 -> City_35 -> City_34 -> City_23 -> City_25 -> City_16 -> City_47 -> City_2 -> City_48 -> City_45
30,911.8299445772775,911.8299445772775,City_26 -> City_41 -> City_44 -> City_5 -> City_38 -> City_18 -> City_27 -> City_28 -> City_1 -> City_4 -> City_37 -> City_22 -> City_17 -> City_13 -> City_7 -> City_39 -> City_15 -> City_11 -> City_36 -> City_32 -> City_20 -> City_49 -> City_40 -> City_42 -> City_19 -> City_3 -> City_50 -> City_29 -> City_30 -> City_21 -> City_14 -> City_33 -> City_9 -> City_24 -> City_12 -> City_43 -> City_10 -> City_31 -> City_8 -> City_46 -> City_6 -> City_35 -> City_34 -> City_23 -> City_25 -> City_16 -> City_47 -> City_2 -> City_48 -> City_45
35,842.8474862561397,842.8474862561397,City_26 -> City_41 -> City_44 -> City_5 -> City_38 -> City_18 -> City_27 -> City_28 -> City_1 -> City_4 -> City_37 -> City_22 -> City_17 -> City_13 -> City_32 -> City_11 -> City_15 -> City_39 -> City_36 -> City_7 -> City_16 -> City_25 -> City_40 -> City_42 -> City_19 -> City_3 -> City_50 -> City_29 -> City_30 -> City_21 -> City_14 -> City_33 -> City_9 -> City_24 -> City_12 -> City_43 -> City_10 -> City_31 -> City_8 -> City_46 -> City_6 -> City_35 -> City_34 -> City_23 -> City_49 -> City_20 -> City_48 -> City_2 -> City_47 -> City_45
40,780.7162032669709,780.7162032669709,City_41 -> City_44 -> City_38 -> City_5 -> City_26 -> City_18 -> City_27 -> City_28 -> City_1 -> City_4 -> City_37 -> City_22 -> City_17 -> City_13 -> City_32 -> City_7 -> City_36 -> City_39 -> City_15 -> City_11 -> City_16 -> City_25 -> City_40 -> City_42 -> City_19 -> City_3 -> City_50 -> City_29 -> City_30 -> City_21 -> City_14 -> City_33 -> City_9 -> City_24 -> City_12 -> City_43 -> City_10 -> City_31 -> City_8 -> City_46 -> City_6 -> City_35 -> City_34 -> City_23 -> City_49 -> City_20 -> City_48 -> City_2 -> City_47 -> City_45
45,762.6416700182164,762.6416700182164,City_2 -> City_44 -> City_5 -> City_38 -> City_26 -> City_18 -> City_27 -> City_28 -> City_1 -> City_4 -> City_37 -> City_22 -> City_34 -> City_13 -> City_32 -> City_7 -> City_36 -> City_39 -> City_15 -> City_11 -> City_16 -> City_25 -> City_40 -> City_42 -> City_19 -> City_3 -> City_50 -> City_29 -> City_30 -> City_21 -> City_14 -> City_33 -> City_9 -> City_24 -> City_12 -> City_43 -> City_10 -> City_31 -> City_8 -> City_46 -> City_6 -> City_35 -> City_17 -> City_23 -> City_49 -> City_20 -> City_48 -> City_45 -> City_41 -> City_47
50,756.7086266019325,756.7086266019325,City_2 -> City_44 -> City_5 -> City_38 -> City_26 -> City_18 -> City_27 -> City_28 -> City_1 -> City_17 -> City_4 -> City_37 -> City_34 -> City_13 -> City_32 -> City_7 -> City_36 -> City_39 -> City_15 -> City_11 -> City_16 -> City_25 -> City_40 -> City_42 -> City_19 -> City_3 -> City_50 -> City_29 -> City_30 -> City_21 -> City_14 -> City_33 -> City_9 -> City_24 -> City_12 -> City_43 -> City_10 -> City_31 -> City_8 -> City_46 -> City_22 -> City_6 -> City_35 -> City_23 -> City_49 -> City_20 -> City_48 -> City_45 -> City_41 -> City_47
55,741.9551812509551,741.9551812509551,City_2 -> City_44 -> City_5 -> City_38 -> City_26 -> City_18 -> City_27 -> City_28 -> City_1 -> City_35 -> City_6 -> City_17 -> City_34 -> City_13 -> City_32 -> City_7 -> City_36 -> City_39 -> City_15 -> City_11 -> City_16 -> City_25 -> City_40 -> City_42 -> City_19 -> City_3 -> City_50 -> City_29 -> City_30 -> City_21 -> City_14 -> City_33 -> City_9 -> City_24 -> City_12 -> City_43 -> City_10 -> City_31 -> City_8 -> City_46 -> City_37 -> City_22 -> City_4 -> City_23 -> City_49 -> City_20 -> City_48 -> City_45 -> City_41 -> City_47
60,737.7644482203058,735.0229383778894,City_2 -> City_44 -> City_5 -> City_38 -> City_26 -> City_18 -> City_27 -> City_28 -> City_1 -> City_17 -> City_35 -> City_6 -> City_22 -> City_13 -> City_32 -> City_7 -> City_36 -> City_39 -> City_15 -> City_11 -> City_16 -> City_25 -> City_40 -> City_42 -> City_19 -> City_3 -> City_50 -> City_29 -> City_30 -> City_21 -> City_14 -> City_33 -> City_24 -> City_9 -> City_12 -> City_43 -> City_10 -> City_31 -> City_8 -> City_46 -> City_37 -> City_4 -> City_34 -> City_23 -> City_49 -> City_20 -> City_48 -> City_45 -> City_41 -> City_47
65,746.6012881786182,735.0229383778894,City_2 -> City_44 -> City_5 -> City_38 -> City_26 -> City_18 -> City_27 -> City_28 -> City_1 -> City_35 -> City_22 -> City_6 -> City_17 -> City_13 -> City_32 -> City_7 -> City_36 -> City_39 -> City_15 -> City_11 -> City_16 -> City_25 -> City_40 -> City_42 -> City_19 -> City_3 -> City_29 -> City_50 -> City_30 -> City_21 -> City_14 -> City_33 -> City_24 -> City_9 -> City_12 -> City_10 -> City_31 -> City_43 -> City_8 -> City_46 -> City_37 -> City_4 -> City_34 -> City_23 -> City_49 -> City_20 -> City_48 -> City_45 -> City_41 -> City_47
70,739.7734370587098,735.0229383778894,City_2 -> City_44 -> City_5 -> City_38 -> City_26 -> City_18 -> City_27 -> City_28 -> City_1 -> City_35 -> City_6 -> City_22 -> City_17 -> City_13 -> City_32 -> City_7 -> City_36 -> City_39 -> City_15 -> City_11 -> City_16 -> City_25 -> City_40 -> City_42 -> City_19 -> City_3 -> City_29 -> City_50 -> City_30 -> City_21 -> City_14 -> City_33 -> City_9 -> City_24 -> City_10 -> City_31 -> City_8 -> City_43 -> City_12 -> City_46 -> City_37 -> City_4 -> City_34 -> City_23 -> City_49 -> City_20 -> City_48 -> City_45 -> City_41 -> City_47
75,735.137967422318,735.0229383778894,City_2 -> City_44 -> City_5 -> City_38 -> City_26 -> City_18 -> City_27 -> City_28 -> City_1 -> City_35 -> City_6 -> City_17 -> City_22 -> City_13 -> City_32 -> City_7 -> City_36 -> City_39 -> City_15 -> City_11 -> City_16 -> City_25 -> City_42 -> City_19 -> City_8 -> City_3 -> City_50 -> City_29 -> City_30 -> City_21 -> City_14 -> City_33 -> City_9 -> City_24 -> City_10 -> City_31 -> City_40 -> City_43 -> City_12 -> City_46 -> City_37 -> City_4 -> City_34 -> City_23 -> City_49 -> City_20 -> City_48 -> City_45 -> City_41 -> City_47
80,738.3187601306241,735.0229383778894,City_2 -> City_44 -> City_5 -> City_38 -> City_26 -> City_18 -> City_27 -> City_28 -> City_1 -> City_17 -> City_35 -> City_6 -> City_22 -> City_13 -> City_32 -> City_7 -> City_36 -> City_39 -> City_15 -> City_11 -> City_16 -> City_25 -> City_42 -> City_19 -> City_8 -> City_3 -> City_50 -> City_29 -> City_30 -> City_21 -> City_14 -> City_33 -> City_9 -> City_24 -> City_10 -> City_40 -> City_31 -> City_43 -> City_12 -> City_46 -> City_37 -> City_4 -> City_34 -> City_23 -> City_49 -> City_20 -> City_48 -> City_45 -> City_41 -> City_47
85,742.0968436867694,735.0229383778894,City_2 -> City_44 -> City_5 -> City_38 -> City_26 -> City_18 -> City_27 -> City_28 -> City_1 -> City_17 -> City_35 -> City_6 -> City_22 -> City_13 -> City_32 -> City_7 -> City_36 -> City_39 -> City_11 -> City_16 -> City_15 -> City_40 -> City_42 -> City_19 -> City_8 -> City_3 -> City_50 -> City_29 -> City_30 -> City_21 -> City_14 -> City_33 -> City_24 -> City_9 -> City_25 -> City_10 -> City_31 -> City_43 -> City_12 -> City_46 -> City_37 -> City_4 -> City_34 -> City_23 -> City_49 -> City_20 -> City_48 -> City_45 -> City_41 -> City_47
90,745.567368564102,735.0229383778894,City_2 -> City_44 -> City_5 -> City_38 -> City_26 -> City_18 -> City_27 -> City_28 -> City_1 -> City_35 -> City_6 -> City_22 -> City_17 -> City_13 -> City_32 -> City_7 -> City_36 -> City_39 -> City_11 -> City_16 -> City_15 -> City_40 -> City_42 -> City_19 -> City_3 -> City_8 -> City_29 -> City_50 -> City_30 -> City_21 -> City_14 -> City_33 -> City_24 -> City_9 -> City_25 -> City_10 -> City_31 -> City_43 -> City_12 -> City_46 -> City_37 -> City_4 -> City_34 -> City_23 -> City_49 -> City_20 -> City_48 -> City_45 -> City_41 -> City_47
95,744.3049123161392,735.0229383778894,City_2 -> City_44 -> City_5 -> City_38 -> City_26 -> City_18 -> City_27 -> City_28 -> City_1 -> City_35 -> City_6 -> City_22 -> City_17 -> City_13 -> City_32 -> City_7 -> City_36 -> City_39 -> City_15 -> City_11 -> City_16 -> City_40 -> City_42 -> City_19 -> City_3 -> City_8 -> City_29 -> City_50 -> City_30 -> City_21 -> City_14 -> City_33 -> City_9 -> City_24 -> City_31 -> City_25 -> City_10 -> City_43 -> City_12 -> City_46 -> City_37 -> City_4 -> City_34 -> City_23 -> City_49 -> City_20 -> City_48 -> City_45 -> City_41 -> City_47
100,739.8476372800927,735.0229383778894,City_2 -> City_44 -> City_5 -> City_38 -> City_26 -> City_18 -> City_27 -> City_28 -> City_1 -> City_35 -> City_6 -> City_22 -> City_17 -> City_13 -> City_32 -> City_7 -> City_36 -> City_39 -> City_15 -> City_11 -> City_16 -> City_25 -> City_42 -> City_19 -> City_8 -> City_3 -> City_50 -> City_29 -> City_30 -> City_21 -> City_14 -> City_33 -> City_9 -> City_24 -> City_43 -> City_40 -> City_31 -> City_10 -> City_12 -> City_46 -> City_37 -> City_4 -> City_34 -> City_23 -> City_49 -> City_20 -> City_48 -> City_45 -> City_41 -> City_47
105,737.2757567310732,735.0229383778894,City_2 -> City_44 -> City_5 -> City_38 -> City_26 -> City_18 -> City_27 -> City_28 -> City_1 -> City_35 -> City_17 -> City_6 -> City_22 -> City_13 -> City_32 -> City_7 -> City_36 -> City_39 -> City_15 -> City_11 -> City_16 -> City_25 -> City_42 -> City_19 -> City_8 -> City_3 -> City_50 -> City_29 -> City_30 -> City_21 -> City_14 -> City_9 -> City_24 -> City_12 -> City_43 -> City_40 -> City_31 -> City_10 -> City_33 -> City_46 -> City_37 -> City_4 -> City_34 -> City_23 -> City_49 -> City_20 -> City_48 -> City_45 -> City_41 -> City_47
110,744.176258339292,735.0229383778894,City_2 -> City_44 -> City_5 -> City_38 -> City_26 -> City_18 -> City_27 -> City_28 -> City_1 -> City_35 -> City_22 -> City_6 -> City_17 -> City_13 -> City_32 -> City_7 -> City_36 -> City_39 -> City_15 -> City_11 -> City_16 -> City_25 -> City_42 -> City_19 -> City_8 -> City_3 -> City_50 -> City_29 -> City_30 -> City_21 -> City_33 -> City_9 -> City_24 -> City_12 -> City_43 -> City_10 -> City_31 -> City_40 -> City_14 -> City_46 -> City_37 -> City_4 -> City_34 -> City_23 -> City_49 -> City_20 -> City_48 -> City_45 -> City_41 -> City_47
115,742.2661897838702,735.0229383778894,City_2 -> City_44 -> City_5 -> City_38 -> City_26 -> City_18 -> City_27 -> City_28 -> City_1 -> City_35 -> City_22 -> City_6 -> City_17 -> City_13 -> City_32 -> City_7 -> City_36 -> City_39 -> City_15 -> City_11 -> City_16 -> City_25 -> City_42 -> City_19 -> City_8 -> City_3 -> City_50 -> City_29 -> City_30 -> City_14 -> City_33 -> City_9 -> City_24 -> City_10 -> City_40 -> City_31 -> City_43 -> City_12 -> City_21 -> City_46 -> City_37 -> City_4 -> City_34 -> City_23 -> City_49 -> City_20 -> City_48 -> City_45 -> City_41 -> City_47
120,741.0763739780872,735.0229383778894,City_2 -> City_44 -> City_5 -> City_38 -> City_26 -> City_18 -> City_27 -> City_28 -> City_1 -> City_35 -> City_6 -> City_17 -> City_22 -> City_13 -> City_32 -> City_7 -> City_36 -> City_39 -> City_15 -> City_11 -> City_16 -> City_25 -> City_42 -> City_19 -> City_8 -> City_3 -> City_29 -> City_50 -> City_30 -> City_14 -> City_33 -> City_24 -> City_9 -> City_10 -> City_31 -> City_40 -> City_43 -> City_12 -> City_21 -> City_46 -> City_37 -> City_4 -> City_34 -> City_23 -> City_49 -> City_20 -> City_48 -> City_45 -> City_41 -> City_47
125,743.3457979458088,735.0229383778894,City_2 -> City_44 -> City_5 -> City_38 -> City_26 -> City_18 -> City_27 -> City_28 -> City_1 -> City_35 -> City_6 -> City_17 -> City_22 -> City_13 -> City_32 -> City_7 -> City_36 -> City_39 -> City_15 -> City_11 -> City_16 -> City_25 -> City_42 -> City_19 -> City_3 -> City_8 -> City_29 -> City_50 -> City_30 -> City_21 -> City_14 -> City_33 -> City_24 -> City_10 -> City_31 -> City_40 -> City_43 -> City_12 -> City_9 -> City_46 -> City_37 -> City_4 -> City_34 -> City_23 -> City_49 -> City_20 -> City_48 -> City_45 -> City_41 -> City_47
130,746.526590654115,735.0229383778894,City_2 -> City_44 -> City_5 -> City_38 -> City_26 -> City_18 -> City_27 -> City_28 -> City_1 -> City_17 -> City_35 -> City_6 -> City_22 -> City_13 -> City_32 -> City_7 -> City_36 -> City_39 -> City_15 -> City_11 -> City_16 -> City_25 -> City_42 -> City_19 -> City_3 -> City_8 -> City_29 -> City_50 -> City_30 -> City_21 -> City_14 -> City_33 -> City_24 -> City_10 -> City_40 -> City_31 -> City_43 -> City_12 -> City_9 -> City_46 -> City_37 -> City_4 -> City_34 -> City_23 -> City_49 -> City_20 -> City_48 -> City_45 -> City_41 -> City_47
135,738.7083166663274,735.0229383778894,City_2 -> City_44 -> City_5 -> City_38 -> City_26 -> City_18 -> City_27 -> City_28 -> City_1 -> City_17 -> City_35 -> City_6 -> City_22 -> City_13 -> City_32 -> City_7 -> City_36 -> City_39 -> City_16 -> City_11 -> City_15 -> City_40 -> City_42 -> City_19 -> City_8 -> City_3 -> City_50 -> City_29 -> City_30 -> City_21 -> City_14 -> City_9 -> City_24 -> City_10 -> City_25 -> City_31 -> City_43 -> City_12 -> City_33 -> City_46 -> City_37 -> City_4 -> City_34 -> City_23 -> City_49 -> City_20 -> City_48 -> City_45 -> City_41 -> City_47
140,739.404979253738,735.0229383778894,City_2 -> City_44 -> City_5 -> City_38 -> City_26 -> City_18 -> City_27 -> City_28 -> City_1 -> City_35 -> City_6 -> City_17 -> City_22 -> City_13 -> City_32 -> City_7 -> City_36 -> City_39 -> City_11 -> City_16 -> City_15 -> City_40 -> City_42 -> City_19 -> City_8 -> City_3 -> City_50 -> City_29 -> City_30 -> City_21 -> City_33 -> City_24 -> City_9 -> City_10 -> City_25 -> City_31 -> City_43 -> City_12 -> City_14 -> City_46 -> City_37 -> City_4 -> City_34 -> City_23 -> City_49 -> City_20 -> City_48 -> City_45 -> City_41 -> City_47
145,747.0885299214775,735.0229383778894,City_2 -> City_44 -> City_5 -> City_38 -> City_26 -> City_18 -> City_27 -> City_28 -> City_1 -> City_35 -> City_6 -> City_22 -> City_17 -> City_13 -> City_32 -> City_7 -> City_36 -> City_39 -> City_15 -> City_16 -> City_11 -> City_40 -> City_42 -> City_19 -> City_8 -> City_3 -> City_29 -> City_50 -> City_30 -> City_14 -> City_33 -> City_24 -> City_9 -> City_25 -> City_10 -> City_31 -> City_43 -> City_12 -> City_21 -> City_46 -> City_37 -> City_4 -> City_34 -> City_23 -> City_49 -> City_20 -> City_48 -> City_45 -> City_41 -> City_47
150,744.6974582260722,735.0229383778894,City_2 -> City_44 -> City_5 -> City_38 -> City_26 -> City_18 -> City_27 -> City_28 -> City_1 -> City_35 -> City_6 -> City_22 -> City_17 -> City_13 -> City_32 -> City_7 -> City_36 -> City_39 -> City_15 -> City_11 -> City_16 -> City_25 -> City_42 -> City_19 -> City_8 -> City_3 -> City_29 -> City_50 -> City_30 -> City_14 -> City_33 -> City_9 -> City_24 -> City_31 -> City_40 -> City_10 -> City_43 -> City_12 -> City_21 -> City_46 -> City_37 -> City_4 -> City_34 -> City_23 -> City_49 -> City_20 -> City_48 -> City_45 -> City_41 -> City_47
155,739.4927615691314,735.0229383778894,City_2 -> City_44 -> City_5 -> City_38 -> City_26 -> City_18 -> City_27 -> City_28 -> City_1 -> City_35 -> City_17 -> City_6 -> City_22 -> City_13 -> City_32 -> City_7 -> City_36 -> City_39 -> City_15 -> City_11 -> City_16 -> City_40 -> City_42 -> City_19 -> City_8 -> City_3 -> City_50 -> City_29 -> City_30 -> City_21 -> City_33 -> City_9 -> City_24 -> City_31 -> City_25 -> City_10 -> City_43 -> City_12 -> City_14 -> City_46 -> City_37 -> City_4 -> City_34 -> City_23 -> City_49 -> City_20 -> City_48 -> City_45 -> City_41 -> City_47
160,739.9315749427388,735.0229383778894,City_2 -> City_44 -> City_5 -> City_38 -> City_26 -> City_18 -> City_27 -> City_28 -> City_1 -> City_17 -> City_35 -> City_6 -> City_22 -> City_13 -> City_32 -> City_7 -> City_36 -> City_39 -> City_11 -> City_16 -> City_15 -> City_40 -> City_42 -> City_19 -> City_8 -> City_3 -> City_50 -> City_29 -> City_30 -> City_21 -> City_14 -> City_9 -> City_24 -> City_10 -> City_25 -> City_31 -> City_43 -> City_12 -> City_33 -> City_46 -> City_37 -> City_4 -> City_34 -> City_23 -> City_49 -> City_20 -> City_48 -> City_45 -> City_41 -> City_47
165,743.8745620330359,735.0229383778894,City_2 -> City_44 -> City_5 -> City_38 -> City_26 -> City_18 -> City_27 -> City_28 -> City_1 -> City_35 -> City_22 -> City_6 -> City_17 -> City_13 -> City_32 -> City_7 -> City_36 -> City_39 -> City_11 -> City_16 -> City_15 -> City_40 -> City_42 -> City_19 -> City_8 -> City_3 -> City_50 -> City_29 -> City_30 -> City_21 -> City_14 -> City_33 -> City_24 -> City_10 -> City_25 -> City_31 -> City_43 -> City_12 -> City_9 -> City_46 -> City_37 -> City_4 -> City_34 -> City_23 -> City_49 -> City_20 -> City_48 -> City_45 -> City_41 -> City_47
170,740.904349652831,735.0229383778894,City_2 -> City_44 -> City_5 -> City_38 -> City_26 -> City_18 -> City_27 -> City_28 -> City_1 -> City_35 -> City_6 -> City_17 -> City_22 -> City_13 -> City_32 -> City_7 -> City_36 -> City_39 -> City_15 -> City_11 -> City_16 -> City_25 -> City_42 -> City_19 -> City_8 -> City_3 -> City_50 -> City_29 -> City_30 -> City_21 -> City_14 -> City_33 -> City_24 -> City_10 -> City_40 -> City_31 -> City_43 -> City_12 -> City_9 -> City_46 -> City_37 -> City_4 -> City_34 -> City_23 -> City_49 -> City_20 -> City_48 -> City_45 -> City_41 -> City_47
175,738.9514311699998,735.0229383778894,City_2 -> City_44 -> City_5 -> City_38 -> City_26 -> City_18 -> City_27 -> City_28 -> City_1 -> City_35 -> City_6 -> City_17 -> City_22 -> City_13 -> City_32 -> City_7 -> City_36 -> City_39 -> City_15 -> City_11 -> City_16 -> City_25 -> City_42 -> City_19 -> City_8 -> City_3 -> City_50 -> City_29 -> City_30 -> City_14 -> City_33 -> City_24 -> City_9 -> City_10 -> City_31 -> City_40 -> City_43 -> City_12 -> City_21 -> City_46 -> City_37 -> City_4 -> City_34 -> City_23 -> City_49 -> City_20 -> City_48 -> City_45 -> City_41 -> City_47
180,743.7953239664074,735.0229383778894,City_2 -> City_44 -> City_5 -> City_38 -> City_26 -> City_18 -> City_27 -> City_28 -> City_1 -> City_35 -> City_22 -> City_6 -> City_17 -> City_13 -> City_32 -> City_7 -> City_36 -> City_39 -> City_15 -> City_11 -> City_16 -> City_25 -> City_42 -> City_19 -> City_8 -> City_3 -> City_29 -> City_50 -> City_30 -> City_14 -> City_33 -> City_24 -> City_9 -> City_10 -> City_31 -> City_40 -> City_43 -> City_12 -> City_21 -> City_46 -> City_37 -> City_4 -> City_34 -> City_23 -> City_49 -> City_20 -> City_48 -> City_45 -> City_41 -> City_47
185,745.9763242368563,735.0229383778894,City_2 -> City_44 -> City_5 -> City_38 -> City_26 -> City_18 -> City_27 -> City_28 -> City_1 -> City_35 -> City_22 -> City_6 -> City_17 -> City_13 -> City_32 -> City_7 -> City_36 -> City_39 -> City_16 -> City_11 -> City_15 -> City_40 -> City_42 -> City_19 -> City_3 -> City_8 -> City_29 -> City_50 -> City_30 -> City_14 -> City_33 -> City_9 -> City_24 -> City_10 -> City_25 -> City_31 -> City_43 -> City_12 -> City_21 -> City_46 -> City_37 -> City_4 -> City_34 -> City_23 -> City_49 -> City_20 -> City_48 -> City_45 -> City_41 -> City_47
190,742.1979141162294,735.0229383778894,City_2 -> City_44 -> City_5 -> City_38 -> City_26 -> City_18 -> City_27 -> City_28 -> City_1 -> City_35 -> City_6 -> City_17 -> City_22 -> City_13 -> City_32 -> City_7 -> City_36 -> City_39 -> City_11 -> City_16 -> City_15 -> City_40 -> City_42 -> City_19 -> City_3 -> City_8 -> City_50 -> City_29 -> City_30 -> City_21 -> City_33 -> City_9 -> City_24 -> City_10 -> City_25 -> City_31 -> City_43 -> City_12 -> City_14 -> City_46 -> City_37 -> City_4 -> City_34 -> City_23 -> City_49 -> City_20 -> City_48 -> City_45 -> City_41 -> City_47
195,743.3923407017627,735.0229383778894,City_2 -> City_44 -> City_5 -> City_38 -> City_26 -> City_18 -> City_27 -> City_28 -> City_1 -> City_35 -> City_6 -> City_17 -> City_22 -> City_13 -> City_32 -> City_7 -> City_36 -> City_39 -> City_11 -> City_16 -> City_15 -> City_40 -> City_42 -> City_19 -> City_8 -> City_3 -> City_50 -> City_29 -> City_30 -> City_21 -> City_14 -> City_33 -> City_9 -> City_25 -> City_10 -> City_31 -> City_43 -> City_12 -> City_24 -> City_46 -> City_37 -> City_4 -> City_34 -> City_23 -> City_49 -> City_20 -> City_48 -> City_45 -> City_41 -> City_47
200,745.4249886710752,735.0229383778894,City_2 -> City_44 -> City_5 -> City_38 -> City_26 -> City_18 -> City_27 -> City_28 -> City_1 -> City_17 -> City_35 -> City_6 -> City_22 -> City_13 -> City_32 -> City_7 -> City_36 -> City_39 -> City_15 -> City_11 -> City_16 -> City_40 -> City_42 -> City_19 -> City_8 -> City_3 -> City_29 -> City_50 -> City_30 -> City_21 -> City_14 -> City_33 -> City_9 -> City_25 -> City_10 -> City_31 -> City_43 -> City_12 -> City_24 -> City_46 -> City_37 -> City_4 -> City_34 -> City_23 -> City_49 -> City_20 -> City_48 -> City_45 -> City_41 -> City_47
205,743.8623413164747,735.0229383778894,City_2 -> City_44 -> City_5 -> City_38 -> City_26 -> City_18 -> City_27 -> City_28 -> City_1 -> City_35 -> City_22 -> City_6 -> City_17 -> City_13 -> City_32 -> City_7 -> City_36 -> City_39 -> City_15 -> City_11 -> City_16 -> City_25 -> City_42 -> City_19 -> City_8 -> City_3 -> City_29 -> City_50 -> City_30 -> City_21 -> City_14 -> City_33 -> City_9 -> City_10 -> City_31 -> City_40 -> City_43 -> City_12 -> City_24 -> City_46 -> City_37 -> City_4 -> City_34 -> City_23 -> City_49 -> City_20 -> City_48 -> City_45 -> City_41 -> City_47
210,734.9966666019245,734.9966666019245,City_2 -> City_44 -> City_5 -> City_38 -> City_26 -> City_18 -> City_27 -> City_28 -> City_1 -> City_35 -> City_6 -> City_22 -> City_17 -> City_13 -> City_32 -> City_7 -> City_36 -> City_39 -> City_15 -> City_11 -> City_16 -> City_25 -> City_42 -> City_19 -> City_8 -> City_3 -> City_50 -> City_29 -> City_30 -> City_21 -> City_33 -> City_9 -> City_24 -> City_10 -> City_31 -> City_40 -> City_43 -> City_12 -> City_14 -> City_46 -> City_37 -> City_4 -> City_34 -> City_23 -> City_49 -> City_20 -> City_48 -> City_45 -> City_41 -> City_47
215,738.5336554080534,734.9966666019245,City_2 -> City_44 -> City_5 -> City_38 -> City_26 -> City_18 -> City_27 -> City_28 -> City_1 -> City_17 -> City_22 -> City_6 -> City_35 -> City_13 -> City_32 -> City_7 -> City_36 -> City_39 -> City_15 -> City_11 -> City_16 -> City_25 -> City_42 -> City_19 -> City_8 -> City_3 -> City_50 -> City_29 -> City_30 -> City_14 -> City_33 -> City_9 -> City_24 -> City_10 -> City_31 -> City_40 -> City_43 -> City_12 -> City_21 -> City_46 -> City_37 -> City_4 -> City_34 -> City_23 -> City_49 -> City_20 -> City_48 -> City_45 -> City_41 -> City_47
220,740.7386128512059,734.9966666019245,City_2 -> City_44 -> City_5 -> City_38 -> City_26 -> City_18 -> City_27 -> City_28 -> City_1 -> City_17 -> City_35 -> City_6 -> City_22 -> City_13 -> City_32 -> City_7 -> City_36 -> City_39 -> City_11 -> City_16 -> City_15 -> City_40 -> City_42 -> City_19 -> City_8 -> City_3 -> City_50 -> City_29 -> City_30 -> City_14 -> City_33 -> City_9 -> City_24 -> City_10 -> City_25 -> City_31 -> City_43 -> City_12 -> City_21 -> City_46 -> City_37 -> City_4 -> City_34 -> City_23 -> City_49 -> City_20 -> City_48 -> City_45 -> City_41 -> City_47
225,741.8170769619953,734.9966666019245,City_2 -> City_44 -> City_5 -> City_38 -> City_26 -> City_18 -> City_27 -> City_28 -> City_1 -> City_35 -> City_17 -> City_6 -> City_22 -> City_13 -> City_32 -> City_7 -> City_36 -> City_39 -> City_11 -> City_16 -> City_15 -> City_40 -> City_42 -> City_19 -> City_8 -> City_3 -> City_50 -> City_29 -> City_30 -> City_21 -> City_14 -> City_24 -> City_9 -> City_25 -> City_10 -> City_31 -> City_43 -> City_12 -> City_33 -> City_46 -> City_37 -> City_4 -> City_34 -> City_23 -> City_49 -> City_20 -> City_48 -> City_45 -> City_41 -> City_47
230,744.6278986704745,734.9966666019245,City_2 -> City_44 -> City_5 -> City_38 -> City_26 -> City_18 -> City_27 -> City_28 -> City_1 -> City_35 -> City_6 -> City_22 -> City_17 -> City_13 -> City_32 -> City_7 -> City_36 -> City_39 -> City_15 -> City_16 -> City_11 -> City_40 -> City_42 -> City_19 -> City_8 -> City_3 -> City_50 -> City_29 -> City_30 -> City_21 -> City_14 -> City_33 -> City_24 -> City_25 -> City_10 -> City_31 -> City_43 -> City_12 -> City_9 -> City_46 -> City_37 -> City_4 -> City_34 -> City_23 -> City_49 -> City_20 -> City_48 -> City_45 -> City_41 -> City_47
235,740.5171156199744,734.9966666019245,City_2 -> City_44 -> City_5 -> City_38 -> City_26 -> City_18 -> City_27 -> City_28 -> City_1 -> City_35 -> City_6 -> City_22 -> City_17 -> City_13 -> City_32 -> City_7 -> City_36 -> City_39 -> City_15 -> City_11 -> City_16 -> City_25 -> City_42 -> City_19 -> City_8 -> City_3 -> City_29 -> City_50 -> City_30 -> City_21 -> City_14 -> City_33 -> City_24 -> City_10 -> City_31 -> City_40 -> City_43 -> City_12 -> City_9 -> City_46 -> City_37 -> City_4 -> City_34 -> City_23 -> City_49 -> City_20 -> City_48 -> City_45 -> City_41 -> City_47
240,738.3332148701921,734.9966666019245,City_2 -> City_44 -> City_5 -> City_38 -> City_26 -> City_18 -> City_27 -> City_28 -> City_1 -> City_17 -> City_35 -> City_6 -> City_22 -> City_13 -> City_32 -> City_7 -> City_36 -> City_39 -> City_15 -> City_11 -> City_16 -> City_25 -> City_42 -> City_19 -> City_8 -> City_3 -> City_29 -> City_50 -> City_30 -> City_21 -> City_33 -> City_9 -> City_24 -> City_10 -> City_31 -> City_40 -> City_43 -> City_12 -> City_14 -> City_46 -> City_37 -> City_4 -> City_34 -> City_23 -> City_49 -> City_20 -> City_48 -> City_45 -> City_41 -> City_47
245,741.67038115832,734.9966666019245,City_2 -> City_44 -> City_5 -> City_38 -> City_26 -> City_18 -> City_27 -> City_28 -> City_1 -> City_35 -> City_22 -> City_6 -> City_17 -> City_13 -> City_32 -> City_7 -> City_36 -> City_39 -> City_15 -> City_11 -> City_16 -> City_25 -> City_42 -> City_19 -> City_8 -> City_3 -> City_50 -> City_29 -> City_30 -> City_14 -> City_33 -> City_24 -> City_9 -> City_10 -> City_31 -> City_40 -> City_43 -> City_12 -> City_21 -> City_46 -> City_37 -> City_4 -> City_34 -> City_23 -> City_49 -> City_20 -> City_48 -> City_45 -> City_41 -> City_47
250,741.1718808100104,734.9966666019245,City_2 -> City_44 -> City_5 -> City_38 -> City_26 -> City_18 -> City_27 -> City_28 -> City_1 -> City_35 -> City_6 -> City_22 -> City_17 -> City_13 -> City_32 -> City_7 -> City_36 -> City_39 -> City_11 -> City_16 -> City_15 -> City_40 -> City_42 -> City_19 -> City_8 -> City_3 -> City_50 -> City_29 -> City_30 -> City_14 -> City_33 -> City_24 -> City_9 -> City_10 -> City_25 -> City_31 -> City_43 -> City_12 -> City_21 -> City_46 -> City_37 -> City_4 -> City_34 -> City_23 -> City_49 -> City_20 -> City_48 -> City_45 -> City_41 -> City_47
255,744.5524210087336,734.9966666019245,City_2 -> City_44 -> City_5 -> City_38 -> City_26 -> City_18 -> City_27 -> City_28 -> City_1 -> City_17 -> City_22 -> City_6 -> City_35 -> City_13 -> City_32 -> City_7 -> City_36 -> City_39 -> City_11 -> City_16 -> City_15 -> City_40 -> City_42 -> City_19 -> City_8 -> City_3 -> City_50 -> City_29 -> City_30 -> City_14 -> City_33 -> City_24 -> City_9 -> City_25 -> City_10 -> City_31 -> City_43 -> City_12 -> City_21 -> City_46 -> City_37 -> City_4 -> City_34 -> City_23 -> City_49 -> City_20 -> City_48 -> City_45 -> City_41 -> City_47
260,740.5423395303912,734.9966666019245,City_2 -> City_44 -> City_5 -> City_38 -> City_26 -> City_18 -> City_27 -> City_28 -> City_1 -> City_17 -> City_35 -> City_6 -> City_22 -> City_13 -> City_32 -> City_7 -> City_36 -> City_39 -> City_16 -> City_11 -> City_15 -> City_40 -> City_42 -> City_19 -> City_8 -> City_3 -> City_50 -> City_29 -> City_30 -> City_21 -> City_14 -> City_9 -> City_24 -> City_25 -> City_10 -> City_31 -> City_43 -> City_12 -> City_33 -> City_46 -> City_37 -> City_4 -> City_34 -> City_23 -> City_49 -> City_20 -> City_48 -> City_45 -> City_41 -> City_47
265,739.5645733144066,734.9966666019245,City_2 -> City_44 -> City_5 -> City_38 -> City_26 -> City_18 -> City_27 -> City_28 -> City_1 -> City_17 -> City_35 -> City_6 -> City_22 -> City_13 -> City_32 -> City_7 -> City_36 -> City_39 -> City_15 -> City_11 -> City_16 -> City_25 -> City_42 -> City_19 -> City_8 -> City_3 -> City_29 -> City_50 -> City_30 -> City_21 -> City_14 -> City_9 -> City_24 -> City_10 -> City_31 -> City_40 -> City_43 -> City_12 -> City_33 -> City_46 -> City_37 -> City_4 -> City_34 -> City_23 -> City_49 -> City_20 -> City_48 -> City_45 -> City_41 -> City_47
270,738.7664828289967,734.9966666019245,City_2 -> City_44 -> City_5 -> City_38 -> City_26 -> City_18 -> City_27 -> City_28 -> City_1 -> City_35 -> City_6 -> City_22 -> City_17 -> City_13 -> City_32 -> City_7 -> City_36 -> City_39 -> City_15 -> City_11 -> City_16 -> City_25 -> City_42 -> City_19 -> City_8 -> City_3 -> City_29 -> City_50 -> City_30 -> City_21 -> City_33 -> City_24 -> City_9 -> City_10 -> City_31 -> City_40 -> City_43 -> City_12 -> City_14 -> City_46 -> City_37 -> City_4 -> City_34 -> City_23 -> City_49 -> City_20 -> City_48 -> City_45 -> City_41 -> City_47
275,747.851504081896,734.9966666019245,City_2 -> City_44 -> City_5 -> City_38 -> City_26 -> City_18 -> City_27 -> City_28 -> City_1 -> City_17 -> City_6 -> City_35 -> City_22 -> City_13 -> City_32 -> City_7 -> City_36 -> City_39 -> City_15 -> City_11 -> City_16 -> City_25 -> City_42 -> City_19 -> City_3 -> City_8 -> City_50 -> City_29 -> City_30 -> City_14 -> City_33 -> City_24 -> City_9 -> City_10 -> City_31 -> City_40 -> City_43 -> City_12 -> City_21 -> City_46 -> City_37 -> City_4 -> City_34 -> City_23 -> City_49 -> City_20 -> City_48 -> City_45 -> City_41 -> City_47
280,742.6721957844453,734.9966666019245,City_2 -> City_44 -> City_5 -> City_38 -> City_26 -> City_18 -> City_27 -> City_28 -> City_1 -> City_35 -> City_17 -> City_6 -> City_22 -> City_13 -> City_32 -> City_7 -> City_36 -> City_39 -> City_15 -> City_11 -> City_16 -> City_40 -> City_42 -> City_19 -> City_3 -> City_8 -> City_50 -> City_29 -> City_30 -> City_14 -> City_33 -> City_9 -> City_24 -> City_10 -> City_25 -> City_31 -> City_43 -> City_12 -> City_21 -> City_46 -> City_37 -> City_4 -> City_34 -> City_23 -> City_49 -> City_20 -> City_48 -> City_45 -> City_41 -> City_47
285,738.4597550970482,734.9966666019245,City_2 -> City_44 -> City_5 -> City_38 -> City_26 -> City_18 -> City_27 -> City_28 -> City_1 -> City_35 -> City_17 -> City_6 -> City_22 -> City_13 -> City_32 -> City_7 -> City_36 -> City_39 -> City_11 -> City_16 -> City_15 -> City_40 -> City_42 -> City_19 -> City_8 -> City_3 -> City_50 -> City_29 -> City_30 -> City_21 -> City_14 -> City_9 -> City_24 -> City_10 -> City_25 -> City_31 -> City_43 -> City_12 -> City_33 -> City_46 -> City_37 -> City_4 -> City_34 -> City_23 -> City_49 -> City_20 -> City_48 -> City_45 -> City_41 -> City_47
290,745.5172835098501,734.9966666019245,City_2 -> City_44 -> City_5 -> City_38 -> City_26 -> City_18 -> City_27 -> City_28 -> City_1 -> City_35 -> City_6 -> City_17 -> City_22 -> City_13 -> City_32 -> City_7 -> City_36 -> City_39 -> City_11 -> City_16 -> City_15 -> City_40 -> City_42 -> City_19 -> City_8 -> City_3 -> City_29 -> City_50 -> City_30 -> City_21 -> City_14 -> City_33 -> City_9 -> City_25 -> City_10 -> City_31 -> City_43 -> City_12 -> City_24 -> City_46 -> City_37 -> City_4 -> City_34 -> City_23 -> City_49 -> City_20 -> City_48 -> City_45 -> City_41 -> City_47
295,744.140405287995,734.9966666019245,City_2 -> City_44 -> City_5 -> City_38 -> City_26 -> City_18 -> City_27 -> City_28 -> City_1 -> City_35 -> City_6 -> City_22 -> City_17 -> City_13 -> City_32 -> City_7 -> City_36 -> City_39 -> City_15 -> City_11 -> City_16 -> City_25 -> City_42 -> City_19 -> City_8 -> City_3 -> City_29 -> City_50 -> City_30 -> City_21 -> City_14 -> City_33 -> City_9 -> City_31 -> City_10 -> City_40 -> City_43 -> City_12 -> City_24 -> City_46 -> City_37 -> City_4 -> City_34 -> City_23 -> City_49 -> City_20 -> City_48 -> City_45 -> City_41 -> City_47
300,740.9843343988564,734.9966666019245,City_2 -> City_44 -> City_5 -> City_38 -> City_26 -> City_18 -> City_27 -> City_28 -> City_1 -> City_35 -> City_6 -> City_22 -> City_17 -> City_13 -> City_32 -> City_7 -> City_36 -> City_39 -> City_15 -> City_11 -> City_16 -> City_40 -> City_42 -> City_19 -> City_8 -> City_3 -> City_50 -> City_29 -> City_30 -> City_21 -> City_14 -> City_9 -> City_24 -> City_31 -> City_25 -> City_10 -> City_43 -> City_12 -> City_33 -> City_46 -> City_37 -> City_4 -> City_34 -> City_23 -> City_49 -> City_20 -> City_48 -> City_45 -> City_41 -> City_47
305,740.5251670716775,734.9966666019245,City_2 -> City_44 -> City_5 -> City_38 -> City_26 -> City_18 -> City_27 -> City_28 -> City_1 -> City_35 -> City_17 -> City_6 -> City_22 -> City_13 -> City_32 -> City_7 -> City_36 -> City_39 -> City_11 -> City_16 -> City_15 -> City_40 -> City_42 -> City_19 -> City_8 -> City_3 -> City_50 -> City_29 -> City_30 -> City_21 -> City_33 -> City_9 -> City_24 -> City_31 -> City_25 -> City_10 -> City_43 -> City_12 -> City_14 -> City_46 -> City_37 -> City_4 -> City_34 -> City_23 -> City_49 -> City_20 -> City_48 -> City_45 -> City_41 -> City_47
310,742.3130786871374,734.9966666019245,City_2 -> City_44 -> City_5 -> City_38 -> City_26 -> City_18 -> City_27 -> City_28 -> City_1 -> City_35 -> City_22 -> City_6 -> City_17 -> City_13 -> City_32 -> City_7 -> City_36 -> City_39 -> City_11 -> City_16 -> City_15 -> City_40 -> City_42 -> City_19 -> City_8 -> City_3 -> City_50 -> City_29 -> City_30 -> City_21 -> City_33 -> City_9 -> City_24 -> City_25 -> City_10 -> City_31 -> City_43 -> City_12 -> City_14 -> City_46 -> City_37 -> City_4 -> City_34 -> City_23 -> City_49 -> City_20 -> City_48 -> City_45 -> City_41 -> City_47
315,742.7181401123706,734.9966666019245,City_2 -> City_44 -> City_5 -> City_38 -> City_26 -> City_18 -> City_27 -> City_28 -> City_1 -> City_35 -> City_6 -> City_22 -> City_17 -> City_13 -> City_32 -> City_7 -> City_36 -> City_39 -> City_11 -> City_16 -> City_15 -> City_40 -> City_42 -> City_19 -> City_8 -> City_3 -> City_50 -> City_29 -> City_30 -> City_21 -> City_14 -> City_33 -> City_24 -> City_25 -> City_10 -> City_31 -> City_43 -> City_12 -> City_9 -> City_46 -> City_37 -> City_4 -> City_34 -> City_23 -> City_49 -> City_20 -> City_48 -> City_45 -> City_41 -> City_47
320,746.6393597437464,734.9966666019245,City_2 -> City_44 -> City_5 -> City_38 -> City_26 -> City_18 -> City_27 -> City_28 -> City_1 -> City_35 -> City_6 -> City_17 -> City_22 -> City_13 -> City_32 -> City_7 -> City_36 -> City_39 -> City_15 -> City_11 -> City_16 -> City_40 -> City_42 -> City_19 -> City_3 -> City_8 -> City_29 -> City_50 -> City_30 -> City_21 -> City_14 -> City_33 -> City_24 -> City_25 -> City_10 -> City_31 -> City_43 -> City_12 -> City_9 -> City_46 -> City_37 -> City_4 -> City_34 -> City_23 -> City_49 -> City_20 -> City_48 -> City_45 -> City_41 -> City_47
325,739.9502917358463,734.9966666019245,City_2 -> City_44 -> City_5 -> City_38 -> City_26 -> City_18 -> City_27 -> City_28 -> City_1 -> City_35 -> City_6 -> City_17 -> City_22 -> City_13 -> City_32 -> City_7 -> City_36 -> City_39 -> City_15 -> City_11 -> City_16 -> City_25 -> City_42 -> City_19 -> City_3 -> City_8 -> City_29 -> City_50 -> City_30 -> City_21 -> City_33 -> City_9 -> City_24 -> City_10 -> City_31 -> City_40 -> City_43 -> City_12 -> City_14 -> City_46 -> City_37 -> City_4 -> City_34 -> City_23 -> City_49 -> City_20 -> City_48 -> City_45 -> City_41 -> City_47
330,742.42491966813,734.9966666019245,City_2 -> City_44 -> City_5 -> City_38 -> City_26 -> City_18 -> City_27 -> City_28 -> City_1 -> City_35 -> City_22 -> City_6 -> City_17 -> City_13 -> City_32 -> City_7 -> City_36 -> City_39 -> City_15 -> City_11 -> City_16 -> City_25 -> City_42 -> City_19 -> City_3 -> City_8 -> City_50 -> City_29 -> City_30 -> City_21 -> City_33 -> City_9 -> City_24 -> City_10 -> City_31 -> City_40 -> City_43 -> City_12 -> City_14 -> City_46 -> City_37 -> City_4 -> City_34 -> City_23 -> City_49 -> City_20 -> City_48 -> City_45 -> City_41 -> City_47
335,743.1299200921935,734.9966666019245,City_2 -> City_44 -> City_5 -> City_38 -> City_26 -> City_18 -> City_27 -> City_28 -> City_1 -> City_35 -> City_22 -> City_6 -> City_17 -> City_13 -> City_32 -> City_7 -> City_36 -> City_39 -> City_15 -> City_11 -> City_16 -> City_40 -> City_42 -> City_19 -> City_8 -> City_3 -> City_50 -> City_29 -> City_30 -> City_14 -> City_33 -> City_24 -> City_9 -> City_10 -> City_25 -> City_31 -> City_43 -> City_12 -> City_21 -> City_46 -> City_37 -> City_4 -> City_34 -> City_23 -> City_49 -> City_20 -> City_48 -> City_45 -> City_41 -> City_47
340,743.3253233516953,734.9966666019245,City_2 -> City_44 -> City_5 -> City_38 -> City_26 -> City_18 -> City_27 -> City_28 -> City_1 -> City_35 -> City_6 -> City_17 -> City_22 -> City_13 -> City_32 -> City_7 -> City_36 -> City_39 -> City_11 -> City_16 -> City_15 -> City_40 -> City_42 -> City_19 -> City_8 -> City_3 -> City_50 -> City_29 -> City_30 -> City_14 -> City_33 -> City_24 -> City_9 -> City_25 -> City_10 -> City_31 -> City_43 -> City_12 -> City_21 -> City_46 -> City_37 -> City_4 -> City_34 -> City_23 -> City_49 -> City_20 -> City_48 -> City_45 -> City_41 -> City_47
345,745.5076174805445,734.9966666019245,City_2 -> City_44 -> City_5 -> City_38 -> City_26 -> City_18 -> City_27 -> City_28 -> City_1 -> City_35 -> City_6 -> City_17 -> City_22 -> City_13 -> City_32 -> City_7 -> City_36 -> City_39 -> City_11 -> City_16 -> City_15 -> City_40 -> City_42 -> City_19 -> City_3 -> City_8 -> City_29 -> City_50 -> City_30 -> City_21 -> City_14 -> City_9 -> City_24 -> City_25 -> City_10 -> City_31 -> City_43 -> City_12 -> City_33 -> City_46 -> City_37 -> City_4 -> City_34 -> City_23 -> City_49 -> City_20 -> City_48 -> City_45 -> City_41 -> City_47
350,747.7913234266352,734.9966666019245,City_2 -> City_44 -> City_5 -> City_38 -> City_26 -> City_18 -> City_27 -> City_28 -> City_1 -> City_17 -> City_35 -> City_6 -> City_22 -> City_13 -> City_32 -> City_7 -> City_36 -> City_39 -> City_16 -> City_11 -> City_15 -> City_40 -> City_42 -> City_19 -> City_3 -> City_8 -> City_29 -> City_50 -> City_30 -> City_21 -> City_14 -> City_33 -> City_9 -> City_25 -> City_10 -> City_31 -> City_43 -> City_12 -> City_24 -> City_46 -> City_37 -> City_4 -> City_34 -> City_23 -> City_49 -> City_20 -> City_48 -> City_45 -> City_41 -> City_47
355,741.7050851109791,734.9966666019245,City_2 -> City_44 -> City_5 -> City_38 -> City_26 -> City_18 -> City_27 -> City_28 -> City_1 -> City_17 -> City_22 -> City_6 -> City_35 -> City_13 -> City_32 -> City_7 -> City_36 -> City_39 -> City_15 -> City_11 -> City_16 -> City_40 -> City_42 -> City_19 -> City_8 -> City_3 -> City_50 -> City_29 -> City_30 -> City_21 -> City_14 -> City_33 -> City_9 -> City_10 -> City_25 -> City_31 -> City_43 -> City_12 -> City_24 -> City_46 -> City_37 -> City_4 -> City_34 -> City_23 -> City_49 -> City_20 -> City_48 -> City_45 -> City_41 -> City_47
360,736.4952590553719,734.9966666019245,City_2 -> City_44 -> City_5 -> City_38 -> City_26 -> City_18 -> City_27 -> City_28 -> City_1 -> City_17 -> City_22 -> City_6 -> City_35 -> City_13 -> City_32 -> City_7 -> City_36 -> City_39 -> City_15 -> City_11 -> City_16 -> City_25 -> City_42 -> City_19 -> City_8 -> City_3 -> City_50 -> City_29 -> City_30 -> City_21 -> City_33 -> City_9 -> City_24 -> City_10 -> City_31 -> City_40 -> City_43 -> City_12 -> City_14 -> City_46 -> City_37 -> City_4 -> City_34 -> City_23 -> City_49 -> City_20 -> City_48 -> City_45 -> City_41 -> City_47
365,739.4315005591025,734.9966666019245,City_2 -> City_44 -> City_5 -> City_38 -> City_26 -> City_18 -> City_27 -> City_28 -> City_1 -> City_35 -> City_6 -> City_17 -> City_22 -> City_13 -> City_32 -> City_7 -> City_36 -> City_39 -> City_15 -> City_11 -> City_16 -> City_25 -> City_42 -> City_19 -> City_8 -> City_3 -> City_29 -> City_50 -> City_30 -> City_14 -> City_33 -> City_9 -> City_24 -> City_10 -> City_31 -> City_40 -> City_43 -> City_12 -> City_21 -> City_46 -> City_37 -> City_4 -> City_34 -> City_23 -> City_49 -> City_20 -> City_48 -> City_45 -> City_41 -> City_47
370,743.4482270224014,734.9966666019245,City_2 -> City_44 -> City_5 -> City_38 -> City_26 -> City_18 -> City_27 -> City_28 -> City_1 -> City_35 -> City_6 -> City_17 -> City_22 -> City_13 -> City_32 -> City_7 -> City_36 -> City_39 -> City_15 -> City_11 -> City_16 -> City_40 -> City_42 -> City_19 -> City_3 -> City_8 -> City_29 -> City_50 -> City_30 -> City_14 -> City_33 -> City_9 -> City_24 -> City_10 -> City_25 -> City_31 -> City_43 -> City_12 -> City_21 -> City_46 -> City_37 -> City_4 -> City_34 -> City_23 -> City_49 -> City_20 -> City_48 -> City_45 -> City_41 -> City_47
375,743.3823468360372,734.9966666019245,City_2 -> City_44 -> City_5 -> City_38 -> City_26 -> City_18 -> City_27 -> City_28 -> City_1 -> City_17 -> City_35 -> City_6 -> City_22 -> City_13 -> City_32 -> City_7 -> City_36 -> City_39 -> City_11 -> City_16 -> City_15 -> City_40 -> City_42 -> City_19 -> City_3 -> City_8 -> City_29 -> City_50 -> City_30 -> City_21 -> City_33 -> City_9 -> City_24 -> City_10 -> City_25 -> City_31 -> City_43 -> City_12 -> City_14 -> City_46 -> City_37 -> City_4 -> City_34 -> City_23 -> City_49 -> City_20 -> City_48 -> City_45 -> City_41 -> City_47
380,741.6939360556773,734.9966666019245,City_2 -> City_44 -> City_5 -> City_38 -> City_26 -> City_18 -> City_27 -> City_28 -> City_1 -> City_17 -> City_22 -> City_6 -> City_35 -> City_13 -> City_32 -> City_7 -> City_36 -> City_39 -> City_11 -> City_16 -> City_15 -> City_40 -> City_42 -> City_19 -> City_8 -> City_3 -> City_50 -> City_29 -> City_30 -> City_21 -> City_14 -> City_24 -> City_9 -> City_10 -> City_25 -> City_31 -> City_43 -> City_12 -> City_33 -> City_46 -> City_37 -> City_4 -> City_34 -> City_23 -> City_49 -> City_20 -> City_48 -> City_45 -> City_41 -> City_47
385,742.1314473098694,734.9966666019245,City_2 -> City_44 -> City_5 -> City_38 -> City_26 -> City_18 -> City_27 -> City_28 -> City_1 -> City_17 -> City_22 -> City_6 -> City_35 -> City_13 -> City_32 -> City_7 -> City_36 -> City_39 -> City_15 -> City_11 -> City_16 -> City_25 -> City_42 -> City_19 -> City_8 -> City_3 -> City_50 -> City_29 -> City_30 -> City_21 -> City_14 -> City_33 -> City_24 -> City_10 -> City_40 -> City_31 -> City_43 -> City_12 -> City_9 -> City_46 -> City_37 -> City_4 -> City_34 -> City_23 -> City_49 -> City_20 -> City_48 -> City_45 -> City_41 -> City_47
390,740.0802787513784,734.9966666019245,City_2 -> City_44 -> City_5 -> City_38 -> City_26 -> City_18 -> City_27 -> City_28 -> City_1 -> City_35 -> City_6 -> City_17 -> City_22 -> City_13 -> City_32 -> City_7 -> City_36 -> City_39 -> City_15 -> City_11 -> City_16 -> City_25 -> City_42 -> City_19 -> City_8 -> City_3 -> City_50 -> City_29 -> City_30 -> City_21 -> City_9 -> City_33 -> City_24 -> City_10 -> City_31 -> City_40 -> City_43 -> City_12 -> City_14 -> City_46 -> City_37 -> City_4 -> City_34 -> City_23 -> City_49 -> City_20 -> City_48 -> City_45 -> City_41 -> City_47
395,743.6335615075126,734.9966666019245,City_2 -> City_44 -> City_5 -> City_38 -> City_26 -> City_18 -> City_27 -> City_28 -> City_1 -> City_35 -> City_6 -> City_17 -> City_22 -> City_13 -> City_32 -> City_7 -> City_36 -> City_39 -> City_15 -> City_11 -> City_16 -> City_25 -> City_42 -> City_19 -> City_3 -> City_8 -> City_29 -> City_50 -> City_30 -> City_14 -> City_33 -> City_24 -> City_9 -> City_10 -> City_31 -> City_40 -> City_43 -> City_12 -> City_21 -> City_46 -> City_37 -> City_4 -> City_34 -> City_23 -> City_49 -> City_20 -> City_48 -> City_45 -> City_41 -> City_47
400,744.5613912594665,734.9966666019245,City_2 -> City_44 -> City_5 -> City_38 -> City_26 -> City_18 -> City_27 -> City_28 -> City_1 -> City_35 -> City_17 -> City_6 -> City_22 -> City_13 -> City_32 -> City_7 -> City_36 -> City_39 -> City_15 -> City_11 -> City_16 -> City_40 -> City_42 -> City_19 -> City_3 -> City_8 -> City_29 -> City_50 -> City_30 -> City_14 -> City_33 -> City_24 -> City_9 -> City_10 -> City_25 -> City_31 -> City_43 -> City_12 -> City_21 -> City_46 -> City_37 -> City_4 -> City_34 -> City_23 -> City_49 -> City_20 -> City_48 -> City_45 -> City_41 -> City_47
405,741.6662049343099,734.9966666019245,City_2 -> City_44 -> City_5 -> City_38 -> City_26 -> City_18 -> City_27 -> City_28 -> City_1 -> City_35 -> City_17 -> City_6 -> City_22 -> City_13 -> City_32 -> City_7 -> City_36 -> City_39 -> City_11 -> City_16 -> City_15 -> City_40 -> City_42 -> City_19 -> City_3 -> City_8 -> City_50 -> City_29 -> City_30 -> City_21 -> City_33 -> City_9 -> City_24 -> City_10 -> City_25 -> City_31 -> City_43 -> City_12 -> City_14 -> City_46 -> City_37 -> City_4 -> City_34 -> City_23 -> City_49 -> City_20 -> City_48 -> City_45 -> City_41 -> City_47
410,741.7104142672879,734.9966666019245,City_2 -> City_44 -> City_5 -> City_38 -> City_26 -> City_18 -> City_27 -> City_28 -> City_1 -> City_35 -> City_22 -> City_6 -> City_17 -> City_13 -> City_32 -> City_7 -> City_36 -> City_39 -> City_11 -> City_16 -> City_15 -> City_40 -> City_42 -> City_19 -> City_8 -> City_3 -> City_50 -> City_29 -> City_30 -> City_21 -> City_14 -> City_9 -> City_24 -> City_10 -> City_25 -> City_31 -> City_43 -> City_12 -> City_33 -> City_46 -> City_37 -> City_4 -> City_34 -> City_23 -> City_49 -> City_20 -> City_48 -> City_45 -> City_41 -> City_47
415,738.7402018870829,734.9966666019245,City_2 -> City_44 -> City_5 -> City_38 -> City_26 -> City_18 -> City_27 -> City_28 -> City_1 -> City_35 -> City_6 -> City_17 -> City_22 -> City_13 -> City_32 -> City_7 -> City_36 -> City_39 -> City_15 -> City_11 -> City_16 -> City_25 -> City_42 -> City_19 -> City_8 -> City_3 -> City_50 -> City_29 -> City_30 -> City_21 -> City_14 -> City_9 -> City_24 -> City_10 -> City_40 -> City_31 -> City_43 -> City_12 -> City_33 -> City_46 -> City_37 -> City_4 -> City_34 -> City_23 -> City_49 -> City_20 -> City_48 -> City_45 -> City_41 -> City_47
420,741.0763739780872,734.9966666019245,City_2 -> City_44 -> City_5 -> City_38 -> City_26 -> City_18 -> City_27 -> City_28 -> City_1 -> City_35 -> City_6 -> City_17 -> City_22 -> City_13 -> City_32 -> City_7 -> City_36 -> City_39 -> City_15 -> City_11 -> City_16 -> City_25 -> City_42 -> City_19 -> City_8 -> City_3 -> City_29 -> City_50 -> City_30 -> City_14 -> City_33 -> City_24 -> City_9 -> City_10 -> City_31 -> City_40 -> City_43 -> City_12 -> City_21 -> City_46 -> City_37 -> City_4 -> City_34 -> City_23 -> City_49 -> City_20 -> City_48 -> City_45 -> City_41 -> City_47
425,746.3525114958328,734.9966666019245,City_2 -> City_44 -> City_5 -> City_38 -> City_26 -> City_18 -> City_27 -> City_28 -> City_1 -> City_35 -> City_22 -> City_6 -> City_17 -> City_13 -> City_32 -> City_7 -> City_36 -> City_39 -> City_15 -> City_11 -> City_16 -> City_25 -> City_42 -> City_19 -> City_3 -> City_8 -> City_29 -> City_50 -> City_30 -> City_14 -> City_33 -> City_24 -> City_9 -> City_10 -> City_31 -> City_40 -> City_43 -> City_12 -> City_21 -> City_46 -> City_37 -> City_4 -> City_34 -> City_23 -> City_49 -> City_20 -> City_48 -> City_45 -> City_41 -> City_47
430,744.9099237687016,734.9966666019245,City_2 -> City_44 -> City_5 -> City_38 -> City_26 -> City_18 -> City_27 -> City_28 -> City_1 -> City_35 -> City_22 -> City_6 -> City_17 -> City_13 -> City_32 -> City_7 -> City_36 -> City_39 -> City_15 -> City_11 -> City_16 -> City_25 -> City_42 -> City_19 -> City_3 -> City_8 -> City_29 -> City_50 -> City_30 -> City_21 -> City_33 -> City_9 -> City_24 -> City_10 -> City_40 -> City_31 -> City_43 -> City_12 -> City_14 -> City_46 -> City_37 -> City_4 -> City_34 -> City_23 -> City_49 -> City_20 -> City_48 -> City_45 -> City_41 -> City_47
435,736.2653527619328,734.9966666019245,City_2 -> City_44 -> City_5 -> City_38 -> City_26 -> City_18 -> City_27 -> City_28 -> City_1 -> City_35 -> City_6 -> City_22 -> City_17 -> City_13 -> City_32 -> City_7 -> City_36 -> City_39 -> City_16 -> City_11 -> City_15 -> City_40 -> City_42 -> City_19 -> City_8 -> City_3 -> City_50 -> City_29 -> City_30 -> City_21 -> City_33 -> City_9 -> City_24 -> City_10 -> City_25 -> City_31 -> City_43 -> City_12 -> City_14 -> City_46 -> City_37 -> City_4 -> City_34 -> City_23 -> City_49 -> City_20 -> City_48 -> City_45 -> City_41 -> City_47
440,742.3487861439148,734.9966666019245,City_2 -> City_44 -> City_5 -> City_38 -> City_26 -> City_18 -> City_27 -> City_28 -> City_1 -> City_35 -> City_6 -> City_17 -> City_22 -> City_13 -> City_32 -> City_7 -> City_36 -> City_39 -> City_11 -> City_16 -> City_15 -> City_40 -> City_42 -> City_19 -> City_8 -> City_3 -> City_50 -> City_29 -> City_30 -> City_21 -> City_14 -> City_24 -> City_9 -> City_25 -> City_10 -> City_31 -> City_43 -> City_12 -> City_33 -> City_46 -> City_37 -> City_4 -> City_34 -> City_23 -> City_49 -> City_20 -> City_48 -> City_45 -> City_41 -> City_47
445,744.216732565818,734.9966666019245,City_2 -> City_44 -> City_5 -> City_38 -> City_26 -> City_18 -> City_27 -> City_28 -> City_1 -> City_17 -> City_22 -> City_6 -> City_35 -> City_13 -> City_32 -> City_7 -> City_36 -> City_39 -> City_11 -> City_16 -> City_15 -> City_40 -> City_42 -> City_19 -> City_8 -> City_3 -> City_50 -> City_29 -> City_30 -> City_21 -> City_14 -> City_33 -> City_24 -> City_25 -> City_10 -> City_31 -> City_43 -> City_12 -> City_9 -> City_46 -> City_37 -> City_4 -> City_34 -> City_23 -> City_49 -> City_20 -> City_48 -> City_45 -> City_41 -> City_47
450,739.5018338600422,734.9966666019245,City_2 -> City_44 -> City_5 -> City_38 -> City_26 -> City_18 -> City_27 -> City_28 -> City_1 -> City_17 -> City_35 -> City_6 -> City_22 -> City_13 -> City_32 -> City_7 -> City_36 -> City_39 -> City_15 -> City_11 -> City_16 -> City_40 -> City_42 -> City_19 -> City_8 -> City_3 -> City_50 -> City_29 -> City_30 -> City_21 -> City_33 -> City_9 -> City_24 -> City_25 -> City_10 -> City_31 -> City_43 -> City_12 -> City_14 -> City_46 -> City_37 -> City_4 -> City_34 -> City_23 -> City_49 -> City_20 -> City_48 -> City_45 -> City_41 -> City_47
455,739.8915418337709,734.9966666019245,City_2 -> City_44 -> City_5 -> City_38 -> City_26 -> City_18 -> City_27 -> City_28 -> City_1 -> City_17 -> City_35 -> City_6 -> City_22 -> City_13 -> City_32 -> City_7 -> City_36 -> City_39 -> City_15 -> City_11 -> City_16 -> City_25 -> City_42 -> City_19 -> City_8 -> City_3 -> City_50 -> City_29 -> City_30 -> City_14 -> City_33 -> City_24 -> City_9 -> City_10 -> City_31 -> City_40 -> City_43 -> City_12 -> City_21 -> City_46 -> City_37 -> City_4 -> City_34 -> City_23 -> City_49 -> City_20 -> City_48 -> City_45 -> City_41 -> City_47
460,743.3620667111036,734.9966666019245,City_2 -> City_44 -> City_5 -> City_38 -> City_26 -> City_18 -> City_27 -> City_28 -> City_1 -> City_35 -> City_6 -> City_22 -> City_17 -> City_13 -> City_32 -> City_7 -> City_36 -> City_39 -> City_15 -> City_11 -> City_16 -> City_25 -> City_42 -> City_19 -> City_3 -> City_8 -> City_29 -> City_50 -> City_30 -> City_14 -> City_33 -> City_24 -> City_9 -> City_10 -> City_31 -> City_40 -> City_43 -> City_12 -> City_21 -> City_46 -> City_37 -> City_4 -> City_34 -> City_23 -> City_49 -> City_20 -> City_48 -> City_45 -> City_41 -> City_47
465,750.3365081824676,734.9966666019245,City_2 -> City_44 -> City_5 -> City_38 -> City_26 -> City_18 -> City_27 -> City_28 -> City_1 -> City_17 -> City_6 -> City_35 -> City_22 -> City_13 -> City_32 -> City_7 -> City_36 -> City_39 -> City_15 -> City_11 -> City_16 -> City_25 -> City_42 -> City_19 -> City_3 -> City_8 -> City_29 -> City_50 -> City_30 -> City_14 -> City_33 -> City_24 -> City_9 -> City_10 -> City_40 -> City_31 -> City_43 -> City_12 -> City_21 -> City_46 -> City_37 -> City_4 -> City_34 -> City_23 -> City_49 -> City_20 -> City_48 -> City_45 -> City_41 -> City_47
470,740.8781214878004,734.9966666019245,City_2 -> City_44 -> City_5 -> City_38 -> City_26 -> City_18 -> City_27 -> City_28 -> City_1 -> City_35 -> City_17 -> City_6 -> City_22 -> City_13 -> City_32 -> City_7 -> City_36 -> City_39 -> City_15 -> City_11 -> City_16 -> City_40 -> City_42 -> City_19 -> City_3 -> City_8 -> City_29 -> City_50 -> City_30 -> City_21 -> City_33 -> City_9 -> City_24 -> City_10 -> City_25 -> City_31 -> City_43 -> City_12 -> City_14 -> City_46 -> City_37 -> City_4 -> City_34 -> City_23 -> City_49 -> City_20 -> City_48 -> City_45 -> City_41 -> City_47
475,738.4597550970482,734.9966666019245,City_2 -> City_44 -> City_5 -> City_38 -> City_26 -> City_18 -> City_27 -> City_28 -> City_1 -> City_35 -> City_17 -> City_6 -> City_22 -> City_13 -> City_32 -> City_7 -> City_36 -> City_39 -> City_11 -> City_16 -> City_15 -> City_40 -> City_42 -> City_19 -> City_8 -> City_3 -> City_50 -> City_29 -> City_30 -> City_21 -> City_14 -> City_9 -> City_24 -> City_10 -> City_25 -> City_31 -> City_43 -> City_12 -> City_33 -> City_46 -> City_37 -> City_4 -> City_34 -> City_23 -> City_49 -> City_20 -> City_48 -> City_45 -> City_41 -> City_47
480,743.1208459053537,734.9966666019245,City_2 -> City_44 -> City_5 -> City_38 -> City_26 -> City_18 -> City_27 -> City_28 -> City_1 -> City_35 -> City_6 -> City_22 -> City_17 -> City_13 -> City_32 -> City_7 -> City_36 -> City_39 -> City_11 -> City_16 -> City_15 -> City_40 -> City_42 -> City_19 -> City_8 -> City_3 -> City_50 -> City_29 -> City_30 -> City_21 -> City_14 -> City_33 -> City_9 -> City_25 -> City_10 -> City_31 -> City_43 -> City_12 -> City_24 -> City_46 -> City_37 -> City_4 -> City_34 -> City_23 -> City_49 -> City_20 -> City_48 -> City_45 -> City_41 -> City_47
485,745.5369553096621,734.9966666019245,City_2 -> City_44 -> City_5 -> City_38 -> City_26 -> City_18 -> City_27 -> City_28 -> City_1 -> City_35 -> City_6 -> City_22 -> City_17 -> City_13 -> City_32 -> City_7 -> City_36 -> City_39 -> City_15 -> City_11 -> City_16 -> City_40 -> City_42 -> City_19 -> City_8 -> City_3 -> City_29 -> City_50 -> City_30 -> City_21 -> City_14 -> City_33 -> City_9 -> City_31 -> City_25 -> City_10 -> City_43 -> City_12 -> City_24 -> City_46 -> City_37 -> City_4 -> City_34 -> City_23 -> City_49 -> City_20 -> City_48 -> City_45 -> City_41 -> City_47
490,739.3624075393719,734.9966666019245,City_2 -> City_44 -> City_5 -> City_38 -> City_26 -> City_18 -> City_27 -> City_28 -> City_1 -> City_35 -> City_6 -> City_22 -> City_17 -> City_13 -> City_32 -> City_7 -> City_36 -> City_39 -> City_15 -> City_11 -> City_16 -> City_25 -> City_42 -> City_19 -> City_8 -> City_3 -> City_29 -> City_50 -> City_30 -> City_21 -> City_14 -> City_33 -> City_12 -> City_43 -> City_40 -> City_31 -> City_10 -> City_24 -> City_9 -> City_46 -> City_37 -> City_4 -> City_34 -> City_23 -> City_49 -> City_20 -> City_48 -> City_45 -> City_41 -> City_47
495,737.3282028641763,734.9966666019245,City_2 -> City_44 -> City_5 -> City_38 -> City_26 -> City_18 -> City_27 -> City_28 -> City_1 -> City_35 -> City_17 -> City_6 -> City_22 -> City_13 -> City_32 -> City_7 -> City_36 -> City_39 -> City_15 -> City_11 -> City_16 -> City_25 -> City_42 -> City_19 -> City_8 -> City_3 -> City_50 -> City_29 -> City_30 -> City_21 -> City_14 -> City_24 -> City_12 -> City_43 -> City_40 -> City_31 -> City_10 -> City_9 -> City_33 -> City_46 -> City_37 -> City_4 -> City_34 -> City_23 -> City_49 -> City_20 -> City_48 -> City_45 -> City_41 -> City_47
500,742.0384009682898,734.9966666019245,City_2 -> City_44 -> City_5 -> City_38 -> City_26 -> City_18 -> City_27 -> City_28 -> City_1 -> City_35 -> City_22 -> City_6 -> City_17 -> City_13 -> City_32 -> City_7 -> City_36 -> City_39 -> City_15 -> City_11 -> City_16 -> City_40 -> City_42 -> City_19 -> City_8 -> City_3 -> City_50 -> City_29 -> City_30 -> City_21 -> City_14 -> City_24 -> City_12 -> City_43 -> City_31 -> City_25 -> City_10 -> City_9 -> City_33 -> City_46 -> City_37 -> City_4 -> City_34 -> City_23 -> City_49 -> City_20 -> City_48 -> City_45 -> City_41 -> City_47
505,744.3443248609301,734.9966666019245,City_2 -> City_44 -> City_5 -> City_38 -> City_26 -> City_18 -> City_27 -> City_28 -> City_1 -> City_35 -> City_22 -> City_6 -> City_17 -> City_13 -> City_32 -> City_7 -> City_36 -> City_39 -> City_11 -> City_16 -> City_15 -> City_40 -> City_42 -> City_19 -> City_8 -> City_3 -> City_50 -> City_29 -> City_30 -> City_21 -> City_14 -> City_33 -> City_12 -> City_43 -> City_31 -> City_25 -> City_10 -> City_9 -> City_24 -> City_46 -> City_37 -> City_4 -> City_34 -> City_23 -> City_49 -> City_20 -> City_48 -> City_45 -> City_41 -> City_47
510,748.1894529553987,734.9966666019245,City_2 -> City_44 -> City_5 -> City_38 -> City_26 -> City_18 -> City_27 -> City_28 -> City_1 -> City_35 -> City_6 -> City_17 -> City_22 -> City_13 -> City_32 -> City_7 -> City_36 -> City_39 -> City_11 -> City_16 -> City_15 -> City_40 -> City_42 -> City_19 -> City_3 -> City_8 -> City_29 -> City_50 -> City_30 -> City_21 -> City_14 -> City_33 -> City_12 -> City_43 -> City_31 -> City_10 -> City_25 -> City_9 -> City_24 -> City_46 -> City_37 -> City_4 -> City_34 -> City_23 -> City_49 -> City_20 -> City_48 -> City_45 -> City_41 -> City_47
515,746.9197739459313,734.9966666019245,City_2 -> City_44 -> City_5 -> City_38 -> City_26 -> City_18 -> City_27 -> City_28 -> City_1 -> City_17 -> City_22 -> City_6 -> City_35 -> City_13 -> City_32 -> City_7 -> City_36 -> City_39 -> City_16 -> City_11 -> City_15 -> City_40 -> City_42 -> City_19 -> City_3 -> City_8 -> City_29 -> City_50 -> City_30 -> City_21 -> City_14 -> City_24 -> City_12 -> City_43 -> City_31 -> City_10 -> City_25 -> City_9 -> City_33 -> City_46 -> City_37 -> City_4 -> City_34 -> City_23 -> City_49 -> City_20 -> City_48 -> City_45 -> City_41 -> City_47
520,744.4916858022713,734.9966666019245,City_2 -> City_44 -> City_5 -> City_38 -> City_26 -> City_18 -> City_27 -> City_28 -> City_1 -> City_17 -> City_35 -> City_6 -> City_22 -> City_13 -> City_32 -> City_7 -> City_36 -> City_39 -> City_15 -> City_11 -> City_16 -> City_40 -> City_42 -> City_19 -> City_3 -> City_8 -> City_50 -> City_29 -> City_30 -> City_21 -> City_14 -> City_9 -> City_12 -> City_43 -> City_31 -> City_25 -> City_10 -> City_24 -> City_33 -> City_46 -> City_37 -> City_4 -> City_34 -> City_23 -> City_49 -> City_20 -> City_48 -> City_45 -> City_41 -> City_47
525,737.6542279231502,734.9966666019245,City_2 -> City_44 -> City_5 -> City_38 -> City_26 -> City_18 -> City_27 -> City_28 -> City_1 -> City_35 -> City_6 -> City_17 -> City_22 -> City_13 -> City_32 -> City_7 -> City_36 -> City_39 -> City_15 -> City_11 -> City_16 -> City_25 -> City_42 -> City_19 -> City_8 -> City_3 -> City_50 -> City_29 -> City_30 -> City_21 -> City_14 -> City_9 -> City_12 -> City_43 -> City_40 -> City_31 -> City_10 -> City_24 -> City_33 -> City_46 -> City_37 -> City_4 -> City_34 -> City_23 -> City_49 -> City_20 -> City_48 -> City_45 -> City_41 -> City_47
530,743.5956950666101,734.9966666019245,City_2 -> City_44 -> City_5 -> City_38 -> City_26 -> City_18 -> City_27 -> City_28 -> City_1 -> City_17 -> City_6 -> City_35 -> City_22 -> City_13 -> City_32 -> City_7 -> City_36 -> City_39 -> City_15 -> City_11 -> City_16 -> City_25 -> City_42 -> City_19 -> City_8 -> City_3 -> City_50 -> City_29 -> City_30 -> City_21 -> City_14 -> City_33 -> City_12 -> City_43 -> City_40 -> City_31 -> City_10 -> City_9 -> City_24 -> City_46 -> City_37 -> City_4 -> City_34 -> City_23 -> City_49 -> City_20 -> City_48 -> City_45 -> City_41 -> City_47
535,753.6090453765778,734.9966666019245,City_2 -> City_44 -> City_5 -> City_38 -> City_26 -> City_18 -> City_27 -> City_28 -> City_1 -> City_17 -> City_6 -> City_35 -> City_22 -> City_13 -> City_32 -> City_7 -> City_36 -> City_39 -> City_15 -> City_11 -> City_16 -> City_25 -> City_42 -> City_19 -> City_3 -> City_8 -> City_29 -> City_50 -> City_30 -> City_21 -> City_14 -> City_33 -> City_9 -> City_31 -> City_40 -> City_10 -> City_43 -> City_12 -> City_24 -> City_46 -> City_37 -> City_4 -> City_34 -> City_23 -> City_49 -> City_20 -> City_48 -> City_45 -> City_41 -> City_47
540,742.1253151178125,734.9966666019245,City_2 -> City_44 -> City_5 -> City_38 -> City_26 -> City_18 -> City_27 -> City_28 -> City_1 -> City_35 -> City_17 -> City_6 -> City_22 -> City_13 -> City_32 -> City_7 -> City_36 -> City_39 -> City_15 -> City_11 -> City_16 -> City_25 -> City_42 -> City_19 -> City_3 -> City_8 -> City_29 -> City_50 -> City_30 -> City_21 -> City_14 -> City_24 -> City_9 -> City_10 -> City_31 -> City_40 -> City_43 -> City_12 -> City_33 -> City_46 -> City_37 -> City_4 -> City_34 -> City_23 -> City_49 -> City_20 -> City_48 -> City_45 -> City_41 -> City_47
545,736.7748485690954,734.736452216414,City_2 -> City_44 -> City_5 -> City_38 -> City_26 -> City_18 -> City_27 -> City_28 -> City_1 -> City_35 -> City_17 -> City_6 -> City_22 -> City_13 -> City_32 -> City_7 -> City_36 -> City_39 -> City_15 -> City_11 -> City_16 -> City_25 -> City_42 -> City_19 -> City_8 -> City_3 -> City_50 -> City_29 -> City_30 -> City_14 -> City_33 -> City_9 -> City_24 -> City_10 -> City_31 -> City_40 -> City_43 -> City_12 -> City_21 -> City_46 -> City_37 -> City_4 -> City_34 -> City_23 -> City_49 -> City_20 -> City_48 -> City_45 -> City_41 -> City_47
550,738.7660966848886,734.736452216414,City_2 -> City_44 -> City_5 -> City_38 -> City_26 -> City_18 -> City_27 -> City_28 -> City_1 -> City_35 -> City_6 -> City_17 -> City_22 -> City_13 -> City_32 -> City_7 -> City_36 -> City_39 -> City_15 -> City_11 -> City_16 -> City_40 -> City_42 -> City_19 -> City_8 -> City_3 -> City_50 -> City_29 -> City_30 -> City_14 -> City_33 -> City_9 -> City_24 -> City_10 -> City_25 -> City_31 -> City_43 -> City_12 -> City_21 -> City_46 -> City_37 -> City_4 -> City_34 -> City_23 -> City_49 -> City_20 -> City_48 -> City_45 -> City_41 -> City_47
555,745.4502661597827,734.736452216414,City_2 -> City_44 -> City_5 -> City_38 -> City_26 -> City_18 -> City_27 -> City_28 -> City_1 -> City_35 -> City_6 -> City_17 -> City_22 -> City_13 -> City_32 -> City_7 -> City_36 -> City_39 -> City_11 -> City_16 -> City_15 -> City_40 -> City_42 -> City_19 -> City_8 -> City_3 -> City_29 -> City_50 -> City_30 -> City_14 -> City_33 -> City_24 -> City_9 -> City_25 -> City_10 -> City_31 -> City_43 -> City_12 -> City_21 -> City_46 -> City_37 -> City_4 -> City_34 -> City_23 -> City_49 -> City_20 -> City_48 -> City_45 -> City_41 -> City_47
560,744.5828685349475,734.736452216414,City_2 -> City_44 -> City_5 -> City_38 -> City_26 -> City_18 -> City_27 -> City_28 -> City_1 -> City_35 -> City_17 -> City_6 -> City_22 -> City_13 -> City_32 -> City_7 -> City_36 -> City_39 -> City_11 -> City_16 -> City_15 -> City_40 -> City_42 -> City_19 -> City_8 -> City_3 -> City_29 -> City_50 -> City_30 -> City_21 -> City_14 -> City_33 -> City_24 -> City_25 -> City_10 -> City_31 -> City_43 -> City_12 -> City_9 -> City_46 -> City_37 -> City_4 -> City_34 -> City_23 -> City_49 -> City_20 -> City_48 -> City_45 -> City_41 -> City_47
565,743.4752470072954,734.736452216414,City_2 -> City_44 -> City_5 -> City_38 -> City_26 -> City_18 -> City_27 -> City_28 -> City_1 -> City_17 -> City_22 -> City_6 -> City_35 -> City_13 -> City_32 -> City_7 -> City_36 -> City_39 -> City_15 -> City_11 -> City_16 -> City_40 -> City_42 -> City_19 -> City_8 -> City_3 -> City_29 -> City_50 -> City_30 -> City_21 -> City_14 -> City_33 -> City_24 -> City_10 -> City_25 -> City_31 -> City_43 -> City_12 -> City_9 -> City_46 -> City_37 -> City_4 -> City_34 -> City_23 -> City_49 -> City_20 -> City_48 -> City_45 -> City_41 -> City_47
570,736.4952590553719,734.736452216414,City_2 -> City_44 -> City_5 -> City_38 -> City_26 -> City_18 -> City_27 -> City_28 -> City_1 -> City_17 -> City_22 -> City_6 -> City_35 -> City_13 -> City_32 -> City_7 -> City_36 -> City_39 -> City_15 -> City_11 -> City_16 -> City_25 -> City_42 -> City_19 -> City_8 -> City_3 -> City_50 -> City_29 -> City_30 -> City_21 -> City_33 -> City_9 -> City_24 -> City_10 -> City_31 -> City_40 -> City_43 -> City_12 -> City_14 -> City_46 -> City_37 -> City_4 -> City_34 -> City_23 -> City_49 -> City_20 -> City_48 -> City_45 -> City_41 -> City_47
575,738.9514311699998,734.736452216414,City_2 -> City_44 -> City_5 -> City_38 -> City_26 -> City_18 -> City_27 -> City_28 -> City_1 -> City_35 -> City_6 -> City_17 -> City_22 -> City_13 -> City_32 -> City_7 -> City_36 -> City_39 -> City_15 -> City_11 -> City_16 -> City_25 -> City_42 -> City_19 -> City_8 -> City_3 -> City_50 -> City_29 -> City_30 -> City_14 -> City_33 -> City_24 -> City_9 -> City_10 -> City_31 -> City_40 -> City_43 -> City_12 -> City_21 -> City_46 -> City_37 -> City_4 -> City_34 -> City_23 -> City_49 -> City_20 -> City_48 -> City_45 -> City_41 -> City_47
580,744.2270078833712,734.736452216414,City_2 -> City_44 -> City_5 -> City_38 -> City_26 -> City_18 -> City_27 -> City_28 -> City_1 -> City_35 -> City_6 -> City_17 -> City_22 -> City_13 -> City_32 -> City_7 -> City_36 -> City_39 -> City_16 -> City_11 -> City_15 -> City_40 -> City_42 -> City_19 -> City_8 -> City_3 -> City_29 -> City_50 -> City_30 -> City_14 -> City_33 -> City_24 -> City_9 -> City_25 -> City_10 -> City_31 -> City_43 -> City_12 -> City_21 -> City_46 -> City_37 -> City_4 -> City_34 -> City_23 -> City_49 -> City_20 -> City_48 -> City_45 -> City_41 -> City_47
585,747.2547660527827,734.736452216414,City_2 -> City_44 -> City_5 -> City_38 -> City_26 -> City_18 -> City_27 -> City_28 -> City_1 -> City_17 -> City_35 -> City_6 -> City_22 -> City_13 -> City_32 -> City_7 -> City_36 -> City_39 -> City_11 -> City_16 -> City_15 -> City_40 -> City_42 -> City_19 -> City_3 -> City_8 -> City_29 -> City_50 -> City_30 -> City_14 -> City_33 -> City_9 -> City_24 -> City_25 -> City_10 -> City_31 -> City_43 -> City_12 -> City_21 -> City_46 -> City_37 -> City_4 -> City_34 -> City_23 -> City_49 -> City_20 -> City_48 -> City_45 -> City_41 -> City_47
590,744.6563702174823,734.736452216414,City_2 -> City_44 -> City_5 -> City_38 -> City_26 -> City_18 -> City_27 -> City_28 -> City_1 -> City_17 -> City_22 -> City_6 -> City_35 -> City_13 -> City_32 -> City_7 -> City_36 -> City_39 -> City_11 -> City_16 -> City_15 -> City_40 -> City_42 -> City_19 -> City_3 -> City_8 -> City_50 -> City_29 -> City_30 -> City_21 -> City_14 -> City_9 -> City_24 -> City_10 -> City_25 -> City_31 -> City_43 -> City_12 -> City_33 -> City_46 -> City_37 -> City_4 -> City_34 -> City_23 -> City_49 -> City_20 -> City_48 -> City_45 -> City_41 -> City_47
595,737.6875639800126,734.736452216414,City_2 -> City_44 -> City_5 -> City_38 -> City_26 -> City_18 -> City_27 -> City_28 -> City_1 -> City_35 -> City_6 -> City_22 -> City_17 -> City_13 -> City_32 -> City_7 -> City_36 -> City_39 -> City_15 -> City_11 -> City_16 -> City_40 -> City_42 -> City_19 -> City_8 -> City_3 -> City_50 -> City_29 -> City_30 -> City_21 -> City_14 -> City_9 -> City_24 -> City_10 -> City_25 -> City_31 -> City_43 -> City_12 -> City_33 -> City_46 -> City_37 -> City_4 -> City_34 -> City_23 -> City_49 -> City_20 -> City_48 -> City_45 -> City_41 -> City_47
600,739.0184485200671,734.736452216414,City_2 -> City_44 -> City_5 -> City_38 -> City_26 -> City_18 -> City_27 -> City_28 -> City_1 -> City_35 -> City_6 -> City_17 -> City_22 -> City_13 -> City_32 -> City_7 -> City_36 -> City_39 -> City_15 -> City_11 -> City_16 -> City_25 -> City_42 -> City_19 -> City_8 -> City_3 -> City_50 -> City_29 -> City_30 -> City_21 -> City_14 -> City_33 -> City_9 -> City_10 -> City_31 -> City_40 -> City_43 -> City_12 -> City_24 -> City_46 -> City_37 -> City_4 -> City_34 -> City_23 -> City_49 -> City_20 -> City_48 -> City_45 -> City_41 -> City_47
605,736.7748485690954,734.736452216414,City_2 -> City_44 -> City_5 -> City_38 -> City_26 -> City_18 -> City_27 -> City_28 -> City_1 -> City_35 -> City_17 -> City_6 -> City_22 -> City_13 -> City_32 -> City_7 -> City_36 -> City_39 -> City_15 -> City_11 -> City_16 -> City_25 -> City_42 -> City_19 -> City_8 -> City_3 -> City_50 -> City_29 -> City_30 -> City_14 -> City_33 -> City_9 -> City_24 -> City_10 -> City_31 -> City_40 -> City_43 -> City_12 -> City_21 -> City_46 -> City_37 -> City_4 -> City_34 -> City_23 -> City_49 -> City_20 -> City_48 -> City_45 -> City_41 -> City_47
610,743.7953239664074,734.736452216414,City_2 -> City_44 -> City_5 -> City_38 -> City_26 -> City_18 -> City_27 -> City_28 -> City_1 -> City_35 -> City_22 -> City_6 -> City_17 -> City_13 -> City_32 -> City_7 -> City_36 -> City_39 -> City_15 -> City_11 -> City_16 -> City_25 -> City_42 -> City_19 -> City_8 -> City_3 -> City_29 -> City_50 -> City_30 -> City_14 -> City_33 -> City_24 -> City_9 -> City_10 -> City_31 -> City_40 -> City_43 -> City_12 -> City_21 -> City_46 -> City_37 -> City_4 -> City_34 -> City_23 -> City_49 -> City_20 -> City_48 -> City_45 -> City_41 -> City_47
615,744.2488720501456,734.736452216414,City_2 -> City_44 -> City_5 -> City_38 -> City_26 -> City_18 -> City_27 -> City_28 -> City_1 -> City_35 -> City_22 -> City_6 -> City_17 -> City_13 -> City_32 -> City_7 -> City_36 -> City_39 -> City_11 -> City_16 -> City_15 -> City_40 -> City_42 -> City_19 -> City_8 -> City_3 -> City_29 -> City_50 -> City_30 -> City_21 -> City_33 -> City_24 -> City_9 -> City_10 -> City_25 -> City_31 -> City_43 -> City_12 -> City_14 -> City_46 -> City_37 -> City_4 -> City_34 -> City_23 -> City_49 -> City_20 -> City_48 -> City_45 -> City_41 -> City_47
620,741.5103929564868,734.736452216414,City_2 -> City_44 -> City_5 -> City_38 -> City_26 -> City_18 -> City_27 -> City_28 -> City_1 -> City_35 -> City_6 -> City_17 -> City_22 -> City_13 -> City_32 -> City_7 -> City_36 -> City_39 -> City_11 -> City_16 -> City_15 -> City_40 -> City_42 -> City_19 -> City_8 -> City_3 -> City_50 -> City_29 -> City_30 -> City_21 -> City_14 -> City_33 -> City_9 -> City_10 -> City_25 -> City_31 -> City_43 -> City_12 -> City_24 -> City_46 -> City_37 -> City_4 -> City_34 -> City_23 -> City_49 -> City_20 -> City_48 -> City_45 -> City_41 -> City_47
625,744.216732565818,734.736452216414,City_2 -> City_44 -> City_5 -> City_38 -> City_26 -> City_18 -> City_27 -> City_28 -> City_1 -> City_17 -> City_22 -> City_6 -> City_35 -> City_13 -> City_32 -> City_7 -> City_36 -> City_39 -> City_11 -> City_16 -> City_15 -> City_40 -> City_42 -> City_19 -> City_8 -> City_3 -> City_50 -> City_29 -> City_30 -> City_21 -> City_14 -> City_33 -> City_24 -> City_25 -> City_10 -> City_31 -> City_43 -> City_12 -> City_9 -> City_46 -> City_37 -> City_4 -> City_34 -> City_23 -> City_49 -> City_20 -> City_48 -> City_45 -> City_41 -> City_47
630,739.5018338600422,734.736452216414,City_2 -> City_44 -> City_5 -> City_38 -> City_26 -> City_18 -> City_27 -> City_28 -> City_1 -> City_17 -> City_35 -> City_6 -> City_22 -> City_13 -> City_32 -> City_7 -> City_36 -> City_39 -> City_15 -> City_11 -> City_16 -> City_40 -> City_42 -> City_19 -> City_8 -> City_3 -> City_50 -> City_29 -> City_30 -> City_21 -> City_33 -> City_9 -> City_24 -> City_25 -> City_10 -> City_31 -> City_43 -> City_12 -> City_14 -> City_46 -> City_37 -> City_4 -> City_34 -> City_23 -> City_49 -> City_20 -> City_48 -> City_45 -> City_41 -> City_47
635,739.8915418337709,734.736452216414,City_2 -> City_44 -> City_5 -> City_38 -> City_26 -> City_18 -> City_27 -> City_28 -> City_1 -> City_17 -> City_35 -> City_6 -> City_22 -> City_13 -> City_32 -> City_7 -> City_36 -> City_39 -> City_15 -> City_11 -> City_16 -> City_25 -> City_42 -> City_19 -> City_8 -> City_3 -> City_50 -> City_29 -> City_30 -> City_14 -> City_33 -> City_24 -> City_9 -> City_10 -> City_31 -> City_40 -> City_43 -> City_12 -> City_21 -> City_46 -> City_37 -> City_4 -> City_34 -> City_23 -> City_49 -> City_20 -> City_48 -> City_45 -> City_41 -> City_47
640,743.3620667111036,734.736452216414,City_2 -> City_44 -> City_5 -> City_38 -> City_26 -> City_18 -> City_27 -> City_28 -> City_1 -> City_35 -> City_6 -> City_22 -> City_17 -> City_13 -> City_32 -> City_7 -> City_36 -> City_39 -> City_15 -> City_11 -> City_16 -> City_25 -> City_42 -> City_19 -> City_3 -> City_8 -> City_29 -> City_50 -> City_30 -> City_14 -> City_33 -> City_24 -> City_9 -> City_10 -> City_31 -> City_40 -> City_43 -> City_12 -> City_21 -> City_46 -> City_37 -> City_4 -> City_34 -> City_23 -> City_49 -> City_20 -> City_48 -> City_45 -> City_41 -> City_47
645,745.6439148104809,734.736452216414,City_2 -> City_44 -> City_5 -> City_38 -> City_26 -> City_18 -> City_27 -> City_28 -> City_1 -> City_17 -> City_6 -> City_35 -> City_22 -> City_13 -> City_32 -> City_7 -> City_36 -> City_39 -> City_15 -> City_11 -> City_16 -> City_25 -> City_42 -> City_19 -> City_3 -> City_8 -> City_29 -> City_50 -> City_30 -> City_21 -> City_14 -> City_9 -> City_24 -> City_10 -> City_31 -> City_40 -> City_43 -> City_12 -> City_33 -> City_46 -> City_37 -> City_4 -> City_34 -> City_23 -> City_49 -> City_20 -> City_48 -> City_45 -> City_41 -> City_47
650,742.9245476196238,734.736452216414,City_2 -> City_44 -> City_5 -> City_38 -> City_26 -> City_18 -> City_27 -> City_28 -> City_1 -> City_35 -> City_17 -> City_6 -> City_22 -> City_13 -> City_32 -> City_7 -> City_36 -> City_39 -> City_15 -> City_11 -> City_16 -> City_25 -> City_42 -> City_19 -> City_3 -> City_8 -> City_50 -> City_29 -> City_30 -> City_21 -> City_14 -> City_33 -> City_9 -> City_10 -> City_31 -> City_40 -> City_43 -> City_12 -> City_24 -> City_46 -> City_37 -> City_4 -> City_34 -> City_23 -> City_49 -> City_20 -> City_48 -> City_45 -> City_41 -> City_47
655,740.9786837745672,734.736452216414,City_2 -> City_44 -> City_5 -> City_38 -> City_26 -> City_18 -> City_27 -> City_28 -> City_1 -> City_35 -> City_17 -> City_6 -> City_22 -> City_13 -> City_32 -> City_7 -> City_36 -> City_39 -> City_11 -> City_16 -> City_15 -> City_40 -> City_42 -> City_19 -> City_8 -> City_3 -> City_50 -> City_29 -> City_30 -> City_21 -> City_14 -> City_33 -> City_9 -> City_10 -> City_25 -> City_31 -> City_43 -> City_12 -> City_24 -> City_46 -> City_37 -> City_4 -> City_34 -> City_23 -> City_49 -> City_20 -> City_48 -> City_45 -> City_41 -> City_47
660,739.5941286988171,734.736452216414,City_2 -> City_44 -> City_5 -> City_38 -> City_26 -> City_18 -> City_27 -> City_28 -> City_1 -> City_35 -> City_6 -> City_17 -> City_22 -> City_13 -> City_32 -> City_7 -> City_36 -> City_39 -> City_11 -> City_16 -> City_15 -> City_40 -> City_42 -> City_19 -> City_8 -> City_3 -> City_50 -> City_29 -> City_30 -> City_21 -> City_33 -> City_9 -> City_24 -> City_25 -> City_10 -> City_31 -> City_43 -> City_12 -> City_14 -> City_46 -> City_37 -> City_4 -> City_34 -> City_23 -> City_49 -> City_20 -> City_48 -> City_45 -> City_41 -> City_47
665,747.9529191507062,734.736452216414,City_2 -> City_44 -> City_5 -> City_38 -> City_26 -> City_18 -> City_27 -> City_28 -> City_1 -> City_35 -> City_6 -> City_22 -> City_17 -> City_13 -> City_32 -> City_7 -> City_36 -> City_39 -> City_15 -> City_16 -> City_11 -> City_40 -> City_42 -> City_19 -> City_3 -> City_8 -> City_29 -> City_50 -> City_30 -> City_14 -> City_33 -> City_9 -> City_24 -> City_25 -> City_10 -> City_31 -> City_43 -> City_12 -> City_21 -> City_46 -> City_37 -> City_4 -> City_34 -> City_23 -> City_49 -> City_20 -> City_48 -> City_45 -> City_41 -> City_47
670,743.3620667111036,734.736452216414,City_2 -> City_44 -> City_5 -> City_38 -> City_26 -> City_18 -> City_27 -> City_28 -> City_1 -> City_35 -> City_6 -> City_22 -> City_17 -> City_13 -> City_32 -> City_7 -> City_36 -> City_39 -> City_15 -> City_11 -> City_16 -> City_25 -> City_42 -> City_19 -> City_3 -> City_8 -> City_29 -> City_50 -> City_30 -> City_14 -> City_33 -> City_24 -> City_9 -> City_10 -> City_31 -> City_40 -> City_43 -> City_12 -> City_21 -> City_46 -> City_37 -> City_4 -> City_34 -> City_23 -> City_49 -> City_20 -> City_48 -> City_45 -> City_41 -> City_47
675,739.0379776254057,734.736452216414,City_2 -> City_44 -> City_5 -> City_38 -> City_26 -> City_18 -> City_27 -> City_28 -> City_1 -> City_35 -> City_6 -> City_17 -> City_22 -> City_13 -> City_32 -> City_7 -> City_36 -> City_39 -> City_15 -> City_11 -> City_16 -> City_25 -> City_42 -> City_19 -> City_8 -> City_3 -> City_29 -> City_50 -> City_30 -> City_21 -> City_33 -> City_24 -> City_9 -> City_10 -> City_31 -> City_40 -> City_43 -> City_12 -> City_14 -> City_46 -> City_37 -> City_4 -> City_34 -> City_23 -> City_49 -> City_20 -> City_48 -> City_45 -> City_41 -> City_47
680,738.1319584263765,734.736452216414,City_2 -> City_44 -> City_5 -> City_38 -> City_26 -> City_18 -> City_27 -> City_28 -> City_1 -> City_35 -> City_17 -> City_6 -> City_22 -> City_13 -> City_32 -> City_7 -> City_36 -> City_39 -> City_15 -> City_11 -> City_16 -> City_25 -> City_42 -> City_19 -> City_8 -> City_3 -> City_50 -> City_29 -> City_30 -> City_21 -> City_14 -> City_33 -> City_24 -> City_10 -> City_31 -> City_40 -> City_43 -> City_12 -> City_9 -> City_46 -> City_37 -> City_4 -> City_34 -> City_23 -> City_49 -> City_20 -> City_48 -> City_45 -> City_41 -> City_47
685,741.1594514253427,734.736452216414,City_2 -> City_44 -> City_5 -> City_38 -> City_26 -> City_18 -> City_27 -> City_28 -> City_1 -> City_17 -> City_22 -> City_6 -> City_35 -> City_13 -> City_32 -> City_7 -> City_36 -> City_39 -> City_16 -> City_11 -> City_15 -> City_40 -> City_42 -> City_19 -> City_8 -> City_3 -> City_50 -> City_29 -> City_30 -> City_21 -> City_14 -> City_33 -> City_24 -> City_10 -> City_25 -> City_31 -> City_43 -> City_12 -> City_9 -> City_46 -> City_37 -> City_4 -> City_34 -> City_23 -> City_49 -> City_20 -> City_48 -> City_45 -> City_41 -> City_47
690,738.9914642789677,734.736452216414,City_2 -> City_44 -> City_5 -> City_38 -> City_26 -> City_18 -> City_27 -> City_28 -> City_1 -> City_35 -> City_6 -> City_17 -> City_22 -> City_13 -> City_32 -> City_7 -> City_36 -> City_39 -> City_11 -> City_16 -> City_15 -> City_40 -> City_42 -> City_19 -> City_8 -> City_3 -> City_50 -> City_29 -> City_30 -> City_21 -> City_14 -> City_9 -> City_24 -> City_10 -> City_25 -> City_31 -> City_43 -> City_12 -> City_33 -> City_46 -> City_37 -> City_4 -> City_34 -> City_23 -> City_49 -> City_20 -> City_48 -> City_45 -> City_41 -> City_47
695,745.4502661597827,734.736452216414,City_2 -> City_44 -> City_5 -> City_38 -> City_26 -> City_18 -> City_27 -> City_28 -> City_1 -> City_35 -> City_6 -> City_17 -> City_22 -> City_13 -> City_32 -> City_7 -> City_36 -> City_39 -> City_11 -> City_16 -> City_15 -> City_40 -> City_42 -> City_19 -> City_8 -> City_3 -> City_29 -> City_50 -> City_30 -> City_14 -> City_33 -> City_24 -> City_9 -> City_25 -> City_10 -> City_31 -> City_43 -> City_12 -> City_21 -> City_46 -> City_37 -> City_4 -> City_34 -> City_23 -> City_49 -> City_20 -> City_48 -> City_45 -> City_41 -> City_47
700,743.8131735524171,734.736452216414,City_2 -> City_44 -> City_5 -> City_38 -> City_26 -> City_18 -> City_27 -> City_28 -> City_1 -> City_35 -> City_17 -> City_6 -> City_22 -> City_13 -> City_32 -> City_7 -> City_36 -> City_39 -> City_15 -> City_11 -> City_16 -> City_25 -> City_42 -> City_19 -> City_8 -> City_3 -> City_29 -> City_50 -> City_30 -> City_14 -> City_33 -> City_24 -> City_9 -> City_31 -> City_10 -> City_40 -> City_43 -> City_12 -> City_21 -> City_46 -> City_37 -> City_4 -> City_34 -> City_23 -> City_49 -> City_20 -> City_48 -> City_45 -> City_41 -> City_47
705,738.6202018634593,734.736452216414,City_2 -> City_44 -> City_5 -> City_38 -> City_26 -> City_18 -> City_27 -> City_28 -> City_1 -> City_17 -> City_22 -> City_6 -> City_35 -> City_13 -> City_32 -> City_7 -> City_36 -> City_39 -> City_15 -> City_11 -> City_16 -> City_25 -> City_42 -> City_19 -> City_8 -> City_3 -> City_29 -> City_50 -> City_30 -> City_21 -> City_33 -> City_9 -> City_24 -> City_10 -> City_31 -> City_40 -> City_43 -> City_12 -> City_14 -> City_46 -> City_37 -> City_4 -> City_34 -> City_23 -> City_49 -> City_20 -> City_48 -> City_45 -> City_41 -> City_47
710,741.7373985083873,734.736452216414,City_2 -> City_44 -> City_5 -> City_38 -> City_26 -> City_18 -> City_27 -> City_28 -> City_1 -> City_35 -> City_22 -> City_6 -> City_17 -> City_13 -> City_32 -> City_7 -> City_36 -> City_39 -> City_15 -> City_11 -> City_16 -> City_25 -> City_42 -> City_19 -> City_8 -> City_3 -> City_50 -> City_29 -> City_30 -> City_21 -> City_14 -> City_33 -> City_9 -> City_10 -> City_31 -> City_40 -> City_43 -> City_12 -> City_24 -> City_46 -> City_37 -> City_4 -> City_34 -> City_23 -> City_49 -> City_20 -> City_48 -> City_45 -> City_41 -> City_47
715,740.2871346800754,734.736452216414,City_2 -> City_44 -> City_5 -> City_38 -> City_26 -> City_18 -> City_27 -> City_28 -> City_1 -> City_35 -> City_6 -> City_17 -> City_22 -> City_13 -> City_32 -> City_7 -> City_36 -> City_39 -> City_16 -> City_11 -> City_15 -> City_40 -> City_42 -> City_19 -> City_8 -> City_3 -> City_50 -> City_29 -> City_30 -> City_21 -> City_14 -> City_33 -> City_9 -> City_10 -> City_25 -> City_31 -> City_43 -> City_12 -> City_24 -> City_46 -> City_37 -> City_4 -> City_34 -> City_23 -> City_49 -> City_20 -> City_48 -> City_45 -> City_41 -> City_47
720,743.4118698071013,734.736452216414,City_2 -> City_44 -> City_5 -> City_38 -> City_26 -> City_18 -> City_27 -> City_28 -> City_1 -> City_35 -> City_6 -> City_17 -> City_22 -> City_13 -> City_32 -> City_7 -> City_36 -> City_39 -> City_11 -> City_16 -> City_15 -> City_40 -> City_42 -> City_19 -> City_8 -> City_3 -> City_29 -> City_50 -> City_30 -> City_21 -> City_33 -> City_24 -> City_9 -> City_25 -> City_10 -> City_31 -> City_43 -> City_12 -> City_14 -> City_46 -> City_37 -> City_4 -> City_34 -> City_23 -> City_49 -> City_20 -> City_48 -> City_45 -> City_41 -> City_47
725,744.4380214952248,734.736452216414,City_2 -> City_44 -> City_5 -> City_38 -> City_26 -> City_18 -> City_27 -> City_28 -> City_1 -> City_35 -> City_22 -> City_6 -> City_17 -> City_13 -> City_32 -> City_7 -> City_36 -> City_39 -> City_11 -> City_16 -> City_15 -> City_40 -> City_42 -> City_19 -> City_8 -> City_3 -> City_29 -> City_50 -> City_30 -> City_21 -> City_33 -> City_9 -> City_24 -> City_25 -> City_10 -> City_31 -> City_43 -> City_12 -> City_14 -> City_46 -> City_37 -> City_4 -> City_34 -> City_23 -> City_49 -> City_20 -> City_48 -> City_45 -> City_41 -> City_47
730,740.2277934311887,734.736452216414,City_2 -> City_44 -> City_5 -> City_38 -> City_26 -> City_18 -> City_27 -> City_28 -> City_1 -> City_35 -> City_22 -> City_6 -> City_17 -> City_13 -> City_32 -> City_7 -> City_36 -> City_39 -> City_15 -> City_11 -> City_16 -> City_25 -> City_42 -> City_19 -> City_8 -> City_3 -> City_50 -> City_29 -> City_30 -> City_21 -> City_33 -> City_9 -> City_24 -> City_10 -> City_40 -> City_31 -> City_43 -> City_12 -> City_14 -> City_46 -> City_37 -> City_4 -> City_34 -> City_23 -> City_49 -> City_20 -> City_48 -> City_45 -> City_41 -> City_47
735,737.9748939622193,734.736452216414,City_2 -> City_44 -> City_5 -> City_38 -> City_26 -> City_18 -> City_27 -> City_28 -> City_1 -> City_35 -> City_6 -> City_17 -> City_22 -> City_13 -> City_32 -> City_7 -> City_36 -> City_39 -> City_15 -> City_11 -> City_16 -> City_25 -> City_42 -> City_19 -> City_8 -> City_3 -> City_50 -> City_29 -> City_30 -> City_21 -> City_14 -> City_24 -> City_9 -> City_10 -> City_31 -> City_40 -> City_43 -> City_12 -> City_33 -> City_46 -> City_37 -> City_4 -> City_34 -> City_23 -> City_49 -> City_20 -> City_48 -> City_45 -> City_41 -> City_47
740,739.8907652653344,734.736452216414,City_2 -> City_44 -> City_5 -> City_38 -> City_26 -> City_18 -> City_27 -> City_28 -> City_1 -> City_17 -> City_22 -> City_6 -> City_35 -> City_13 -> City_32 -> City_7 -> City_36 -> City_39 -> City_15 -> City_11 -> City_16 -> City_25 -> City_42 -> City_19 -> City_8 -> City_3 -> City_50 -> City_29 -> City_30 -> City_21 -> City_14 -> City_33 -> City_24 -> City_10 -> City_31 -> City_40 -> City_43 -> City_12 -> City_9 -> City_46 -> City_37 -> City_4 -> City_34 -> City_23 -> City_49 -> City_20 -> City_48 -> City_45 -> City_41 -> City_47
745,740.3716112228736,734.736452216414,City_2 -> City_44 -> City_5 -> City_38 -> City_26 -> City_18 -> City_27 -> City_28 -> City_1 -> City_17 -> City_35 -> City_6 -> City_22 -> City_13 -> City_32 -> City_7 -> City_36 -> City_39 -> City_15 -> City_11 -> City_16 -> City_25 -> City_42 -> City_19 -> City_8 -> City_3 -> City_29 -> City_50 -> City_30 -> City_14 -> City_33 -> City_9 -> City_24 -> City_10 -> City_31 -> City_40 -> City_43 -> City_12 -> City_21 -> City_46 -> City_37 -> City_4 -> City_34 -> City_23 -> City_49 -> City_20 -> City_48 -> City_45 -> City_41 -> City_47
750,741.8133509561759,734.736452216414,City_2 -> City_44 -> City_5 -> City_38 -> City_26 -> City_18 -> City_27 -> City_28 -> City_1 -> City_35 -> City_17 -> City_6 -> City_22 -> City_13 -> City_32 -> City_7 -> City_36 -> City_39 -> City_16 -> City_11 -> City_15 -> City_40 -> City_42 -> City_19 -> City_8 -> City_3 -> City_29 -> City_50 -> City_30 -> City_14 -> City_33 -> City_24 -> City_9 -> City_10 -> City_25 -> City_31 -> City_43 -> City_12 -> City_21 -> City_46 -> City_37 -> City_4 -> City_34 -> City_23 -> City_49 -> City_20 -> City_48 -> City_45 -> City_41 -> City_47
755,743.0538285552863,734.736452216414,City_2 -> City_44 -> City_5 -> City_38 -> City_26 -> City_18 -> City_27 -> City_28 -> City_1 -> City_35 -> City_6 -> City_22 -> City_17 -> City_13 -> City_32 -> City_7 -> City_36 -> City_39 -> City_11 -> City_16 -> City_15 -> City_40 -> City_42 -> City_19 -> City_8 -> City_3 -> City_50 -> City_29 -> City_30 -> City_14 -> City_33 -> City_24 -> City_9 -> City_25 -> City_10 -> City_31 -> City_43 -> City_12 -> City_21 -> City_46 -> City_37 -> City_4 -> City_34 -> City_23 -> City_49 -> City_20 -> City_48 -> City_45 -> City_41 -> City_47
760,743.1208459053537,734.736452216414,City_2 -> City_44 -> City_5 -> City_38 -> City_26 -> City_18 -> City_27 -> City_28 -> City_1 -> City_35 -> City_6 -> City_22 -> City_17 -> City_13 -> City_32 -> City_7 -> City_36 -> City_39 -> City_11 -> City_16 -> City_15 -> City_40 -> City_42 -> City_19 -> City_8 -> City_3 -> City_50 -> City_29 -> City_30 -> City_21 -> City_14 -> City_33 -> City_9 -> City_25 -> City_10 -> City_31 -> City_43 -> City_12 -> City_24 -> City_46 -> City_37 -> City_4 -> City_34 -> City_23 -> City_49 -> City_20 -> City_48 -> City_45 -> City_41 -> City_47
765,743.3000458629878,734.736452216414,City_2 -> City_44 -> City_5 -> City_38 -> City_26 -> City_18 -> City_27 -> City_28 -> City_1 -> City_17 -> City_35 -> City_6 -> City_22 -> City_13 -> City_32 -> City_7 -> City_36 -> City_39 -> City_15 -> City_11 -> City_16 -> City_40 -> City_42 -> City_19 -> City_8 -> City_3 -> City_50 -> City_29 -> City_30 -> City_21 -> City_14 -> City_33 -> City_9 -> City_25 -> City_10 -> City_31 -> City_43 -> City_12 -> City_24 -> City_46 -> City_37 -> City_4 -> City_34 -> City_23 -> City_49 -> City_20 -> City_48 -> City_45 -> City_41 -> City_47
770,739.2019916192577,734.736452216414,City_2 -> City_44 -> City_5 -> City_38 -> City_26 -> City_18 -> City_27 -> City_28 -> City_1 -> City_17 -> City_22 -> City_6 -> City_35 -> City_13 -> City_32 -> City_7 -> City_36 -> City_39 -> City_15 -> City_11 -> City_16 -> City_25 -> City_42 -> City_19 -> City_8 -> City_3 -> City_50 -> City_29 -> City_30 -> City_21 -> City_14 -> City_24 -> City_9 -> City_10 -> City_31 -> City_40 -> City_43 -> City_12 -> City_33 -> City_46 -> City_37 -> City_4 -> City_34 -> City_23 -> City_49 -> City_20 -> City_48 -> City_45 -> City_41 -> City_47
775,737.0350629546059,734.736452216414,City_2 -> City_44 -> City_5 -> City_38 -> City_26 -> City_18 -> City_27 -> City_28 -> City_1 -> City_35 -> City_6 -> City_22 -> City_17 -> City_13 -> City_32 -> City_7 -> City_36 -> City_39 -> City_15 -> City_11 -> City_16 -> City_25 -> City_42 -> City_19 -> City_8 -> City_3 -> City_50 -> City_29 -> City_30 -> City_14 -> City_33 -> City_9 -> City_24 -> City_10 -> City_31 -> City_40 -> City_43 -> City_12 -> City_21 -> City_46 -> City_37 -> City_4 -> City_34 -> City_23 -> City_49 -> City_20 -> City_48 -> City_45 -> City_41 -> City_47
780,747.5261405519066,734.736452216414,City_2 -> City_44 -> City_5 -> City_38 -> City_26 -> City_18 -> City_27 -> City_28 -> City_1 -> City_35 -> City_6 -> City_17 -> City_22 -> City_13 -> City_32 -> City_7 -> City_36 -> City_39 -> City_15 -> City_11 -> City_16 -> City_25 -> City_42 -> City_19 -> City_3 -> City_8 -> City_29 -> City_50 -> City_30 -> City_14 -> City_33 -> City_9 -> City_24 -> City_31 -> City_40 -> City_10 -> City_43 -> City_12 -> City_21 -> City_46 -> City_37 -> City_4 -> City_34 -> City_23 -> City_49 -> City_20 -> City_48 -> City_45 -> City_41 -> City_47
785,742.442236172266,734.736452216414,City_2 -> City_44 -> City_5 -> City_38 -> City_26 -> City_18 -> City_27 -> City_28 -> City_1 -> City_35 -> City_6 -> City_17 -> City_22 -> City_13 -> City_32 -> City_7 -> City_36 -> City_39 -> City_11 -> City_16 -> City_15 -> City_40 -> City_42 -> City_19 -> City_3 -> City_8 -> City_29 -> City_50 -> City_30 -> City_21 -> City_33 -> City_9 -> City_24 -> City_10 -> City_25 -> City_31 -> City_43 -> City_12 -> City_14 -> City_46 -> City_37 -> City_4 -> City_34 -> City_23 -> City_49 -> City_20 -> City_48 -> City_45 -> City_41 -> City_47
790,739.9315749427388,734.736452216414,City_2 -> City_44 -> City_5 -> City_38 -> City_26 -> City_18 -> City_27 -> City_28 -> City_1 -> City_17 -> City_35 -> City_6 -> City_22 -> City_13 -> City_32 -> City_7 -> City_36 -> City_39 -> City_11 -> City_16 -> City_15 -> City_40 -> City_42 -> City_19 -> City_8 -> City_3 -> City_50 -> City_29 -> City_30 -> City_21 -> City_14 -> City_9 -> City_24 -> City_10 -> City_25 -> City_31 -> City_43 -> City_12 -> City_33 -> City_46 -> City_37 -> City_4 -> City_34 -> City_23 -> City_49 -> City_20 -> City_48 -> City_45 -> City_41 -> City_47
795,741.1594514253427,734.736452216414,City_2 -> City_44 -> City_5 -> City_38 -> City_26 -> City_18 -> City_27 -> City_28 -> City_1 -> City_17 -> City_22 -> City_6 -> City_35 -> City_13 -> City_32 -> City_7 -> City_36 -> City_39 -> City_16 -> City_11 -> City_15 -> City_40 -> City_42 -> City_19 -> City_8 -> City_3 -> City_50 -> City_29 -> City_30 -> City_21 -> City_14 -> City_33 -> City_24 -> City_10 -> City_25 -> City_31 -> City_43 -> City_12 -> City_9 -> City_46 -> City_37 -> City_4 -> City_34 -> City_23 -> City_49 -> City_20 -> City_48 -> City_45 -> City_41 -> City_47
800,736.4952590553719,734.736452216414,City_2 -> City_44 -> City_5 -> City_38 -> City_26 -> City_18 -> City_27 -> City_28 -> City_1 -> City_17 -> City_22 -> City_6 -> City_35 -> City_13 -> City_32 -> City_7 -> City_36 -> City_39 -> City_15 -> City_11 -> City_16 -> City_25 -> City_42 -> City_19 -> City_8 -> City_3 -> City_50 -> City_29 -> City_30 -> City_21 -> City_33 -> City_9 -> City_24 -> City_10 -> City_31 -> City_40 -> City_43 -> City_12 -> City_14 -> City_46 -> City_37 -> City_4 -> City_34 -> City_23 -> City_49 -> City_20 -> City_48 -> City_45 -> City_41 -> City_47
805,736.6415400209092,734.736452216414,City_2 -> City_44 -> City_5 -> City_38 -> City_26 -> City_18 -> City_27 -> City_28 -> City_1 -> City_35 -> City_6 -> City_22 -> City_17 -> City_13 -> City_32 -> City_7 -> City_36 -> City_39 -> City_15 -> City_11 -> City_16 -> City_25 -> City_42 -> City_19 -> City_8 -> City_3 -> City_50 -> City_29 -> City_30 -> City_21 -> City_33 -> City_24 -> City_9 -> City_10 -> City_31 -> City_40 -> City_43 -> City_12 -> City_14 -> City_46 -> City_37 -> City_4 -> City_34 -> City_23 -> City_49 -> City_20 -> City_48 -> City_45 -> City_41 -> City_47
810,744.8216056449771,734.736452216414,City_2 -> City_44 -> City_5 -> City_38 -> City_26 -> City_18 -> City_27 -> City_28 -> City_1 -> City_35 -> City_6 -> City_22 -> City_17 -> City_13 -> City_32 -> City_7 -> City_36 -> City_39 -> City_15 -> City_11 -> City_16 -> City_40 -> City_42 -> City_19 -> City_3 -> City_8 -> City_29 -> City_50 -> City_30 -> City_14 -> City_33 -> City_24 -> City_9 -> City_10 -> City_25 -> City_31 -> City_43 -> City_12 -> City_21 -> City_46 -> City_37 -> City_4 -> City_34 -> City_23 -> City_49 -> City_20 -> City_48 -> City_45 -> City_41 -> City_47
815,750.9469322346562,734.736452216414,City_2 -> City_44 -> City_5 -> City_38 -> City_26 -> City_18 -> City_27 -> City_28 -> City_1 -> City_35 -> City_6 -> City_17 -> City_22 -> City_13 -> City_32 -> City_7 -> City_36 -> City_39 -> City_11 -> City_16 -> City_15 -> City_40 -> City_42 -> City_19 -> City_3 -> City_8 -> City_29 -> City_50 -> City_30 -> City_14 -> City_33 -> City_24 -> City_9 -> City_31 -> City_10 -> City_25 -> City_43 -> City_12 -> City_21 -> City_46 -> City_37 -> City_4 -> City_34 -> City_23 -> City_49 -> City_20 -> City_48 -> City_45 -> City_41 -> City_47
820,742.1410735183586,734.736452216414,City_2 -> City_44 -> City_5 -> City_38 -> City_26 -> City_18 -> City_27 -> City_28 -> City_1 -> City_35 -> City_17 -> City_6 -> City_22 -> City_13 -> City_32 -> City_7 -> City_36 -> City_39 -> City_11 -> City_16 -> City_15 -> City_40 -> City_42 -> City_19 -> City_8 -> City_3 -> City_50 -> City_29 -> City_30 -> City_21 -> City_33 -> City_9 -> City_24 -> City_31 -> City_10 -> City_25 -> City_43 -> City_12 -> City_14 -> City_46 -> City_37 -> City_4 -> City_34 -> City_23 -> City_49 -> City_20 -> City_48 -> City_45 -> City_41 -> City_47
825,737.4273495945021,734.736452216414,City_2 -> City_44 -> City_5 -> City_38 -> City_26 -> City_18 -> City_27 -> City_28 -> City_1 -> City_35 -> City_17 -> City_6 -> City_22 -> City_13 -> City_32 -> City_7 -> City_36 -> City_39 -> City_15 -> City_11 -> City_16 -> City_40 -> City_42 -> City_19 -> City_8 -> City_3 -> City_50 -> City_29 -> City_30 -> City_21 -> City_14 -> City_9 -> City_24 -> City_10 -> City_25 -> City_31 -> City_43 -> City_12 -> City_33 -> City_46 -> City_37 -> City_4 -> City_34 -> City_23 -> City_49 -> City_20 -> City_48 -> City_45 -> City_41 -> City_47
830,742.4862282216404,734.736452216414,City_2 -> City_44 -> City_5 -> City_38 -> City_26 -> City_18 -> City_27 -> City_28 -> City_1 -> City_17 -> City_22 -> City_6 -> City_35 -> City_13 -> City_32 -> City_7 -> City_36 -> City_39 -> City_15 -> City_11 -> City_16 -> City_25 -> City_42 -> City_19 -> City_8 -> City_3 -> City_50 -> City_29 -> City_30 -> City_21 -> City_14 -> City_33 -> City_9 -> City_10 -> City_40 -> City_31 -> City_43 -> City_12 -> City_24 -> City_46 -> City_37 -> City_4 -> City_34 -> City_23 -> City_49 -> City_20 -> City_48 -> City_45 -> City_41 -> City_47
835,737.9871113866537,734.736452216414,City_2 -> City_44 -> City_5 -> City_38 -> City_26 -> City_18 -> City_27 -> City_28 -> City_1 -> City_35 -> City_22 -> City_6 -> City_17 -> City_13 -> City_32 -> City_7 -> City_36 -> City_39 -> City_15 -> City_11 -> City_16 -> City_25 -> City_42 -> City_19 -> City_8 -> City_3 -> City_50 -> City_29 -> City_30 -> City_21 -> City_33 -> City_9 -> City_24 -> City_10 -> City_31 -> City_40 -> City_43 -> City_12 -> City_14 -> City_46 -> City_37 -> City_4 -> City_34 -> City_23 -> City_49 -> City_20 -> City_48 -> City_45 -> City_41 -> City_47
840,741.0763739780872,734.736452216414,City_2 -> City_44 -> City_5 -> City_38 -> City_26 -> City_18 -> City_27 -> City_28 -> City_1 -> City_35 -> City_6 -> City_17 -> City_22 -> City_13 -> City_32 -> City_7 -> City_36 -> City_39 -> City_15 -> City_11 -> City_16 -> City_25 -> City_42 -> City_19 -> City_8 -> City_3 -> City_29 -> City_50 -> City_30 -> City_14 -> City_33 -> City_24 -> City_9 -> City_10 -> City_31 -> City_40 -> City_43 -> City_12 -> City_21 -> City_46 -> City_37 -> City_4 -> City_34 -> City_23 -> City_49 -> City_20 -> City_48 -> City_45 -> City_41 -> City_47
845,745.0931004413861,734.736452216414,City_2 -> City_44 -> City_5 -> City_38 -> City_26 -> City_18 -> City_27 -> City_28 -> City_1 -> City_35 -> City_6 -> City_17 -> City_22 -> City_13 -> City_32 -> City_7 -> City_36 -> City_39 -> City_15 -> City_11 -> City_16 -> City_40 -> City_42 -> City_19 -> City_3 -> City_8 -> City_29 -> City_50 -> City_30 -> City_14 -> City_33 -> City_24 -> City_9 -> City_10 -> City_25 -> City_31 -> City_43 -> City_12 -> City_21 -> City_46 -> City_37 -> City_4 -> City_34 -> City_23 -> City_49 -> City_20 -> City_48 -> City_45 -> City_41 -> City_47
850,743.3110783532946,734.736452216414,City_2 -> City_44 -> City_5 -> City_38 -> City_26 -> City_18 -> City_27 -> City_28 -> City_1 -> City_35 -> City_17 -> City_6 -> City_22 -> City_13 -> City_32 -> City_7 -> City_36 -> City_39 -> City_11 -> City_16 -> City_15 -> City_40 -> City_42 -> City_19 -> City_3 -> City_8 -> City_50 -> City_29 -> City_30 -> City_21 -> City_33 -> City_24 -> City_9 -> City_10 -> City_25 -> City_31 -> City_43 -> City_12 -> City_14 -> City_46 -> City_37 -> City_4 -> City_34 -> City_23 -> City_49 -> City_20 -> City_48 -> City_45 -> City_41 -> City_47
855,740.218561936006,734.736452216414,City_2 -> City_44 -> City_5 -> City_38 -> City_26 -> City_18 -> City_27 -> City_28 -> City_1 -> City_17 -> City_22 -> City_6 -> City_35 -> City_13 -> City_32 -> City_7 -> City_36 -> City_39 -> City_11 -> City_16 -> City_15 -> City_40 -> City_42 -> City_19 -> City_8 -> City_3 -> City_50 -> City_29 -> City_30 -> City_21 -> City_14 -> City_9 -> City_24 -> City_10 -> City_25 -> City_31 -> City_43 -> City_12 -> City_33 -> City_46 -> City_37 -> City_4 -> City_34 -> City_23 -> City_49 -> City_20 -> City_48 -> City_45 -> City_41 -> City_47
860,739.5215868440764,734.736452216414,City_2 -> City_44 -> City_5 -> City_38 -> City_26 -> City_18 -> City_27 -> City_28 -> City_1 -> City_35 -> City_6 -> City_22 -> City_17 -> City_13 -> City_32 -> City_7 -> City_36 -> City_39 -> City_15 -> City_11 -> City_16 -> City_40 -> City_42 -> City_19 -> City_8 -> City_3 -> City_50 -> City_29 -> City_30 -> City_21 -> City_14 -> City_9 -> City_24 -> City_25 -> City_10 -> City_31 -> City_43 -> City_12 -> City_33 -> City_46 -> City_37 -> City_4 -> City_34 -> City_23 -> City_49 -> City_20 -> City_48 -> City_45 -> City_41 -> City_47
865,743.3738405493159,734.736452216414,City_2 -> City_44 -> City_5 -> City_38 -> City_26 -> City_18 -> City_27 -> City_28 -> City_1 -> City_35 -> City_6 -> City_17 -> City_22 -> City_13 -> City_32 -> City_7 -> City_36 -> City_39 -> City_15 -> City_11 -> City_16 -> City_40 -> City_42 -> City_19 -> City_8 -> City_3 -> City_50 -> City_29 -> City_30 -> City_21 -> City_9 -> City_33 -> City_24 -> City_25 -> City_10 -> City_31 -> City_43 -> City_12 -> City_14 -> City_46 -> City_37 -> City_4 -> City_34 -> City_23 -> City_49 -> City_20 -> City_48 -> City_45 -> City_41 -> City_47
870,739.0155306136304,734.736452216414,City_2 -> City_44 -> City_5 -> City_38 -> City_26 -> City_18 -> City_27 -> City_28 -> City_1 -> City_35 -> City_17 -> City_6 -> City_22 -> City_13 -> City_32 -> City_7 -> City_36 -> City_39 -> City_15 -> City_11 -> City_16 -> City_25 -> City_42 -> City_19 -> City_8 -> City_3 -> City_50 -> City_29 -> City_30 -> City_14 -> City_33 -> City_9 -> City_24 -> City_10 -> City_40 -> City_31 -> City_43 -> City_12 -> City_21 -> City_46 -> City_37 -> City_4 -> City_34 -> City_23 -> City_49 -> City_20 -> City_48 -> City_45 -> City_41 -> City_47
875,741.67038115832,734.736452216414,City_2 -> City_44 -> City_5 -> City_38 -> City_26 -> City_18 -> City_27 -> City_28 -> City_1 -> City_35 -> City_22 -> City_6 -> City_17 -> City_13 -> City_32 -> City_7 -> City_36 -> City_39 -> City_15 -> City_11 -> City_16 -> City_25 -> City_42 -> City_19 -> City_8 -> City_3 -> City_50 -> City_29 -> City_30 -> City_14 -> City_33 -> City_24 -> City_9 -> City_10 -> City_31 -> City_40 -> City_43 -> City_12 -> City_21 -> City_46 -> City_37 -> City_4 -> City_34 -> City_23 -> City_49 -> City_20 -> City_48 -> City_45 -> City_41 -> City_47
880,742.3855295033231,734.736452216414,City_2 -> City_44 -> City_5 -> City_38 -> City_26 -> City_18 -> City_27 -> City_28 -> City_1 -> City_35 -> City_6 -> City_22 -> City_17 -> City_13 -> City_32 -> City_7 -> City_36 -> City_39 -> City_15 -> City_11 -> City_16 -> City_25 -> City_42 -> City_19 -> City_3 -> City_8 -> City_29 -> City_50 -> City_30 -> City_21 -> City_14 -> City_24 -> City_9 -> City_10 -> City_31 -> City_40 -> City_43 -> City_12 -> City_33 -> City_46 -> City_37 -> City_4 -> City_34 -> City_23 -> City_49 -> City_20 -> City_48 -> City_45 -> City_41 -> City_47
885,744.8053368796824,734.736452216414,City_2 -> City_44 -> City_5 -> City_38 -> City_26 -> City_18 -> City_27 -> City_28 -> City_1 -> City_35 -> City_6 -> City_17 -> City_22 -> City_13 -> City_32 -> City_7 -> City_36 -> City_39 -> City_15 -> City_11 -> City_16 -> City_40 -> City_42 -> City_19 -> City_3 -> City_8 -> City_29 -> City_50 -> City_30 -> City_21 -> City_14 -> City_33 -> City_24 -> City_10 -> City_25 -> City_31 -> City_43 -> City_12 -> City_9 -> City_46 -> City_37 -> City_4 -> City_34 -> City_23 -> City_49 -> City_20 -> City_48 -> City_45 -> City_41 -> City_47
890,742.572223187798,734.736452216414,City_2 -> City_44 -> City_5 -> City_38 -> City_26 -> City_18 -> City_27 -> City_28 -> City_1 -> City_35 -> City_6 -> City_17 -> City_22 -> City_13 -> City_32 -> City_7 -> City_36 -> City_39 -> City_11 -> City_16 -> City_15 -> City_40 -> City_42 -> City_19 -> City_8 -> City_3 -> City_50 -> City_29 -> City_30 -> City_21 -> City_9 -> City_33 -> City_24 -> City_10 -> City_25 -> City_31 -> City_43 -> City_12 -> City_14 -> City_46 -> City_37 -> City_4 -> City_34 -> City_23 -> City_49 -> City_20 -> City_48 -> City_45 -> City_41 -> City_47
895,740.4790558230734,734.736452216414,City_2 -> City_44 -> City_5 -> City_38 -> City_26 -> City_18 -> City_27 -> City_28 -> City_1 -> City_35 -> City_22 -> City_6 -> City_17 -> City_13 -> City_32 -> City_7 -> City_36 -> City_39 -> City_11 -> City_16 -> City_15 -> City_40 -> City_42 -> City_19 -> City_8 -> City_3 -> City_50 -> City_29 -> City_30 -> City_21 -> City_33 -> City_9 -> City_24 -> City_10 -> City_25 -> City_31 -> City_43 -> City_12 -> City_14 -> City_46 -> City_37 -> City_4 -> City_34 -> City_23 -> City_49 -> City_20 -> City_48 -> City_45 -> City_41 -> City_47
900,745.0118678374694,734.736452216414,City_2 -> City_44 -> City_5 -> City_38 -> City_26 -> City_18 -> City_27 -> City_28 -> City_1 -> City_35 -> City_22 -> City_6 -> City_17 -> City_13 -> City_32 -> City_7 -> City_36 -> City_39 -> City_15 -> City_11 -> City_16 -> City_40 -> City_42 -> City_19 -> City_8 -> City_3 -> City_50 -> City_29 -> City_30 -> City_14 -> City_33 -> City_24 -> City_9 -> City_25 -> City_10 -> City_31 -> City_43 -> City_12 -> City_21 -> City_46 -> City_37 -> City_4 -> City_34 -> City_23 -> City_49 -> City_20 -> City_48 -> City_45 -> City_41 -> City_47
905,744.3448827343367,734.736452216414,City_2 -> City_44 -> City_5 -> City_38 -> City_26 -> City_18 -> City_27 -> City_28 -> City_1 -> City_35 -> City_6 -> City_17 -> City_22 -> City_13 -> City_32 -> City_7 -> City_36 -> City_39 -> City_15 -> City_11 -> City_16 -> City_25 -> City_42 -> City_19 -> City_8 -> City_3 -> City_29 -> City_50 -> City_30 -> City_14 -> City_33 -> City_24 -> City_9 -> City_31 -> City_10 -> City_40 -> City_43 -> City_12 -> City_21 -> City_46 -> City_37 -> City_4 -> City_34 -> City_23 -> City_49 -> City_20 -> City_48 -> City_45 -> City_41 -> City_47
910,745.220215414366,734.736452216414,City_2 -> City_44 -> City_5 -> City_38 -> City_26 -> City_18 -> City_27 -> City_28 -> City_1 -> City_35 -> City_6 -> City_17 -> City_22 -> City_13 -> City_32 -> City_7 -> City_36 -> City_39 -> City_11 -> City_16 -> City_15 -> City_40 -> City_42 -> City_19 -> City_8 -> City_3 -> City_29 -> City_50 -> City_30 -> City_14 -> City_33 -> City_9 -> City_24 -> City_31 -> City_25 -> City_10 -> City_43 -> City_12 -> City_21 -> City_46 -> City_37 -> City_4 -> City_34 -> City_23 -> City_49 -> City_20 -> City_48 -> City_45 -> City_41 -> City_47
915,738.4597550970482,734.736452216414,City_2 -> City_44 -> City_5 -> City_38 -> City_26 -> City_18 -> City_27 -> City_28 -> City_1 -> City_35 -> City_17 -> City_6 -> City_22 -> City_13 -> City_32 -> City_7 -> City_36 -> City_39 -> City_11 -> City_16 -> City_15 -> City_40 -> City_42 -> City_19 -> City_8 -> City_3 -> City_50 -> City_29 -> City_30 -> City_21 -> City_14 -> City_9 -> City_24 -> City_10 -> City_25 -> City_31 -> City_43 -> City_12 -> City_33 -> City_46 -> City_37 -> City_4 -> City_34 -> City_23 -> City_49 -> City_20 -> City_48 -> City_45 -> City_41 -> City_47
920,742.3827097017542,734.736452216414,City_2 -> City_44 -> City_5 -> City_38 -> City_26 -> City_18 -> City_27 -> City_28 -> City_1 -> City_17 -> City_22 -> City_6 -> City_35 -> City_13 -> City_32 -> City_7 -> City_36 -> City_39 -> City_11 -> City_16 -> City_15 -> City_40 -> City_42 -> City_19 -> City_8 -> City_3 -> City_50 -> City_29 -> City_30 -> City_21 -> City_14 -> City_33 -> City_24 -> City_10 -> City_25 -> City_31 -> City_43 -> City_12 -> City_9 -> City_46 -> City_37 -> City_4 -> City_34 -> City_23 -> City_49 -> City_20 -> City_48 -> City_45 -> City_41 -> City_47
925,741.3073764084168,734.736452216414,City_2 -> City_44 -> City_5 -> City_38 -> City_26 -> City_18 -> City_27 -> City_28 -> City_1 -> City_17 -> City_22 -> City_6 -> City_35 -> City_13 -> City_32 -> City_7 -> City_36 -> City_39 -> City_15 -> City_11 -> City_16 -> City_25 -> City_42 -> City_19 -> City_8 -> City_3 -> City_50 -> City_29 -> City_30 -> City_21 -> City_9 -> City_33 -> City_24 -> City_10 -> City_31 -> City_40 -> City_43 -> City_12 -> City_14 -> City_46 -> City_37 -> City_4 -> City_34 -> City_23 -> City_49 -> City_20 -> City_48 -> City_45 -> City_41 -> City_47
930,734.9966666019245,734.736452216414,City_2 -> City_44 -> City_5 -> City_38 -> City_26 -> City_18 -> City_27 -> City_28 -> City_1 -> City_35 -> City_6 -> City_22 -> City_17 -> City_13 -> City_32 -> City_7 -> City_36 -> City_39 -> City_15 -> City_11 -> City_16 -> City_25 -> City_42 -> City_19 -> City_8 -> City_3 -> City_50 -> City_29 -> City_30 -> City_21 -> City_33 -> City_9 -> City_24 -> City_10 -> City_31 -> City_40 -> City_43 -> City_12 -> City_14 -> City_46 -> City_37 -> City_4 -> City_34 -> City_23 -> City_49 -> City_20 -> City_48 -> City_45 -> City_41 -> City_47
935,745.6027487556386,734.736452216414,City_2 -> City_44 -> City_5 -> City_38 -> City_26 -> City_18 -> City_27 -> City_28 -> City_1 -> City_35 -> City_6 -> City_22 -> City_17 -> City_13 -> City_32 -> City_7 -> City_36 -> City_39 -> City_15 -> City_11 -> City_16 -> City_25 -> City_42 -> City_19 -> City_3 -> City_8 -> City_29 -> City_50 -> City_30 -> City_14 -> City_33 -> City_24 -> City_9 -> City_10 -> City_40 -> City_31 -> City_43 -> City_12 -> City_21 -> City_46 -> City_37 -> City_4 -> City_34 -> City_23 -> City_49 -> City_20 -> City_48 -> City_45 -> City_41 -> City_47
940,750.6754374382472,734.736452216414,City_2 -> City_44 -> City_5 -> City_38 -> City_26 -> City_18 -> City_27 -> City_28 -> City_1 -> City_35 -> City_6 -> City_22 -> City_17 -> City_13 -> City_32 -> City_7 -> City_36 -> City_39 -> City_11 -> City_16 -> City_15 -> City_40 -> City_42 -> City_19 -> City_3 -> City_8 -> City_29 -> City_50 -> City_30 -> City_14 -> City_33 -> City_24 -> City_9 -> City_31 -> City_10 -> City_25 -> City_43 -> City_12 -> City_21 -> City_46 -> City_37 -> City_4 -> City_34 -> City_23 -> City_49 -> City_20 -> City_48 -> City_45 -> City_41 -> City_47
945,744.266016326446,734.736452216414,City_2 -> City_44 -> City_5 -> City_38 -> City_26 -> City_18 -> City_27 -> City_28 -> City_1 -> City_35 -> City_17 -> City_6 -> City_22 -> City_13 -> City_32 -> City_7 -> City_36 -> City_39 -> City_11 -> City_16 -> City_15 -> City_40 -> City_42 -> City_19 -> City_8 -> City_3 -> City_29 -> City_50 -> City_30 -> City_21 -> City_33 -> City_9 -> City_24 -> City_31 -> City_10 -> City_25 -> City_43 -> City_12 -> City_14 -> City_46 -> City_37 -> City_4 -> City_34 -> City_23 -> City_49 -> City_20 -> City_48 -> City_45 -> City_41 -> City_47
950,740.7241200133459,734.736452216414,City_2 -> City_44 -> City_5 -> City_38 -> City_26 -> City_18 -> City_27 -> City_28 -> City_1 -> City_35 -> City_17 -> City_6 -> City_22 -> City_13 -> City_32 -> City_7 -> City_36 -> City_39 -> City_15 -> City_11 -> City_16 -> City_40 -> City_42 -> City_19 -> City_8 -> City_3 -> City_50 -> City_29 -> City_30 -> City_21 -> City_14 -> City_9 -> City_24 -> City_31 -> City_25 -> City_10 -> City_43 -> City_12 -> City_33 -> City_46 -> City_37 -> City_4 -> City_34 -> City_23 -> City_49 -> City_20 -> City_48 -> City_45 -> City_41 -> City_47
955,741.4426736637927,734.736452216414,City_2 -> City_44 -> City_5 -> City_38 -> City_26 -> City_18 -> City_27 -> City_28 -> City_1 -> City_17 -> City_22 -> City_6 -> City_35 -> City_13 -> City_32 -> City_7 -> City_36 -> City_39 -> City_15 -> City_11 -> City_16 -> City_25 -> City_42 -> City_19 -> City_8 -> City_3 -> City_50 -> City_29 -> City_30 -> City_21 -> City_14 -> City_24 -> City_9 -> City_10 -> City_40 -> City_31 -> City_43 -> City_12 -> City_33 -> City_46 -> City_37 -> City_4 -> City_34 -> City_23 -> City_49 -> City_20 -> City_48 -> City_45 -> City_41 -> City_47
960,736.4952590553719,734.736452216414,City_2 -> City_44 -> City_5 -> City_38 -> City_26 -> City_18 -> City_27 -> City_28 -> City_1 -> City_17 -> City_22 -> City_6 -> City_35 -> City_13 -> City_32 -> City_7 -> City_36 -> City_39 -> City_15 -> City_11 -> City_16 -> City_25 -> City_42 -> City_19 -> City_8 -> City_3 -> City_50 -> City_29 -> City_30 -> City_21 -> City_33 -> City_9 -> City_24 -> City_10 -> City_31 -> City_40 -> City_43 -> City_12 -> City_14 -> City_46 -> City_37 -> City_4 -> City_34 -> City_23 -> City_49 -> City_20 -> City_48 -> City_45 -> City_41 -> City_47
965,739.4315005591025,734.736452216414,City_2 -> City_44 -> City_5 -> City_38 -> City_26 -> City_18 -> City_27 -> City_28 -> City_1 -> City_35 -> City_6 -> City_17 -> City_22 -> City_13 -> City_32 -> City_7 -> City_36 -> City_39 -> City_15 -> City_11 -> City_16 -> City_25 -> City_42 -> City_19 -> City_8 -> City_3 -> City_29 -> City_50 -> City_30 -> City_14 -> City_33 -> City_9 -> City_24 -> City_10 -> City_31 -> City_40 -> City_43 -> City_12 -> City_21 -> City_46 -> City_37 -> City_4 -> City_34 -> City_23 -> City_49 -> City_20 -> City_48 -> City_45 -> City_41 -> City_47
970,745.8742435520476,734.736452216414,City_2 -> City_44 -> City_5 -> City_38 -> City_26 -> City_18 -> City_27 -> City_28 -> City_1 -> City_35 -> City_6 -> City_17 -> City_22 -> City_13 -> City_32 -> City_7 -> City_36 -> City_39 -> City_15 -> City_11 -> City_16 -> City_25 -> City_42 -> City_19 -> City_3 -> City_8 -> City_29 -> City_50 -> City_30 -> City_14 -> City_33 -> City_24 -> City_9 -> City_10 -> City_40 -> City_31 -> City_43 -> City_12 -> City_21 -> City_46 -> City_37 -> City_4 -> City_34 -> City_23 -> City_49 -> City_20 -> City_48 -> City_45 -> City_41 -> City_47
975,743.5554004093312,734.736452216414,City_2 -> City_44 -> City_5 -> City_38 -> City_26 -> City_18 -> City_27 -> City_28 -> City_1 -> City_35 -> City_17 -> City_6 -> City_22 -> City_13 -> City_32 -> City_7 -> City_36 -> City_39 -> City_11 -> City_16 -> City_15 -> City_40 -> City_42 -> City_19 -> City_3 -> City_8 -> City_29 -> City_50 -> City_30 -> City_21 -> City_33 -> City_24 -> City_9 -> City_10 -> City_25 -> City_31 -> City_43 -> City_12 -> City_14 -> City_46 -> City_37 -> City_4 -> City_34 -> City_23 -> City_49 -> City_20 -> City_48 -> City_45 -> City_41 -> City_47
980,739.9315749427388,734.736452216414,City_2 -> City_44 -> City_5 -> City_38 -> City_26 -> City_18 -> City_27 -> City_28 -> City_1 -> City_17 -> City_35 -> City_6 -> City_22 -> City_13 -> City_32 -> City_7 -> City_36 -> City_39 -> City_11 -> City_16 -> City_15 -> City_40 -> City_42 -> City_19 -> City_8 -> City_3 -> City_50 -> City_29 -> City_30 -> City_21 -> City_14 -> City_9 -> City_24 -> City_10 -> City_25 -> City_31 -> City_43 -> City_12 -> City_33 -> City_46 -> City_37 -> City_4 -> City_34 -> City_23 -> City_49 -> City_20 -> City_48 -> City_45 -> City_41 -> City_47
985,739.3307340702111,734.736452216414,City_2 -> City_44 -> City_5 -> City_38 -> City_26 -> City_18 -> City_27 -> City_28 -> City_1 -> City_35 -> City_6 -> City_22 -> City_17 -> City_13 -> City_32 -> City_7 -> City_36 -> City_39 -> City_16 -> City_11 -> City_15 -> City_40 -> City_42 -> City_19 -> City_8 -> City_3 -> City_50 -> City_29 -> City_30 -> City_21 -> City_14 -> City_9 -> City_24 -> City_25 -> City_10 -> City_31 -> City_43 -> City_12 -> City_33 -> City_46 -> City_37 -> City_4 -> City_34 -> City_23 -> City_49 -> City_20 -> City_48 -> City_45 -> City_41 -> City_47
990,741.9572294062335,734.736452216414,City_2 -> City_44 -> City_5 -> City_38 -> City_26 -> City_18 -> City_27 -> City_28 -> City_1 -> City_35 -> City_6 -> City_17 -> City_22 -> City_13 -> City_32 -> City_7 -> City_36 -> City_39 -> City_15 -> City_11 -> City_16 -> City_40 -> City_42 -> City_19 -> City_8 -> City_3 -> City_50 -> City_29 -> City_30 -> City_21 -> City_14 -> City_33 -> City_24 -> City_25 -> City_10 -> City_31 -> City_43 -> City_12 -> City_9 -> City_46 -> City_37 -> City_4 -> City_34 -> City_23 -> City_49 -> City_20 -> City_48 -> City_45 -> City_41 -> City_47
995,738.2343875029691,734.736452216414,City_2 -> City_44 -> City_5 -> City_38 -> City_26 -> City_18 -> City_27 -> City_28 -> City_1 -> City_35 -> City_17 -> City_6 -> City_22 -> City_13 -> City_32 -> City_7 -> City_36 -> City_39 -> City_15 -> City_11 -> City_16 -> City_40 -> City_42 -> City_19 -> City_8 -> City_3 -> City_50 -> City_29 -> City_30 -> City_14 -> City_33 -> City_9 -> City_24 -> City_10 -> City_25 -> City_31 -> City_43 -> City_12 -> City_21 -> City_46 -> City_37 -> City_4 -> City_34 -> City_23 -> City_49 -> City_20 -> City_48 -> City_45 -> City_41 -> City_47
1000,740.0255077393352,734.736452216414,City_2 -> City_44 -> City_5 -> City_38 -> City_26 -> City_18 -> City_27 -> City_28 -> City_1 -> City_35 -> City_22 -> City_6 -> City_17 -> City_13 -> City_32 -> City_7 -> City_36 -> City_39 -> City_15 -> City_11 -> City_16 -> City_25 -> City_42 -> City_19 -> City_8 -> City_3 -> City_50 -> City_29 -> City_30 -> City_14 -> City_33 -> City_9 -> City_24 -> City_10 -> City_31 -> City_40 -> City_43 -> City_12 -> City_21 -> City_46 -> City_37 -> City_4 -> City_34 -> City_23 -> City_49 -> City_20 -> City_48 -> City_45 -> City_41 -> City_47
1005,745.3759742880524,734.736452216414,City_2 -> City_44 -> City_5 -> City_38 -> City_26 -> City_18 -> City_27 -> City_28 -> City_1 -> City_35 -> City_22 -> City_6 -> City_17 -> City_13 -> City_32 -> City_7 -> City_36 -> City_39 -> City_15 -> City_11 -> City_16 -> City_25 -> City_42 -> City_19 -> City_3 -> City_8 -> City_29 -> City_50 -> City_30 -> City_21 -> City_14 -> City_24 -> City_9 -> City_10 -> City_31 -> City_40 -> City_43 -> City_12 -> City_33 -> City_46 -> City_37 -> City_4 -> City_34 -> City_23 -> City_49 -> City_20 -> City_48 -> City_45 -> City_41 -> City_47
1010,745.5864799903438,734.736452216414,City_2 -> City_44 -> City_5 -> City_38 -> City_26 -> City_18 -> City_27 -> City_28 -> City_1 -> City_35 -> City_6 -> City_17 -> City_22 -> City_13 -> City_32 -> City_7 -> City_36 -> City_39 -> City_15 -> City_11 -> City_16 -> City_25 -> City_42 -> City_19 -> City_3 -> City_8 -> City_29 -> City_50 -> City_30 -> City_21 -> City_14 -> City_33 -> City_24 -> City_10 -> City_40 -> City_31 -> City_43 -> City_12 -> City_9 -> City_46 -> City_37 -> City_4 -> City_34 -> City_23 -> City_49 -> City_20 -> City_48 -> City_45 -> City_41 -> City_47
1015,741.1556120447158,734.736452216414,City_2 -> City_44 -> City_5 -> City_38 -> City_26 -> City_18 -> City_27 -> City_28 -> City_1 -> City_35 -> City_6 -> City_17 -> City_22 -> City_13 -> City_32 -> City_7 -> City_36 -> City_39 -> City_11 -> City_16 -> City_15 -> City_40 -> City_42 -> City_19 -> City_8 -> City_3 -> City_50 -> City_29 -> City_30 -> City_21 -> City_14 -> City_33 -> City_24 -> City_10 -> City_25 -> City_31 -> City_43 -> City_12 -> City_9 -> City_46 -> City_37 -> City_4 -> City_34 -> City_23 -> City_49 -> City_20 -> City_48 -> City_45 -> City_41 -> City_47
1020,738.9872034917917,734.736452216414,City_2 -> City_44 -> City_5 -> City_38 -> City_26 -> City_18 -> City_27 -> City_28 -> City_1 -> City_17 -> City_22 -> City_6 -> City_35 -> City_13 -> City_32 -> City_7 -> City_36 -> City_39 -> City_11 -> City_16 -> City_15 -> City_40 -> City_42 -> City_19 -> City_8 -> City_3 -> City_50 -> City_29 -> City_30 -> City_21 -> City_33 -> City_9 -> City_24 -> City_10 -> City_25 -> City_31 -> City_43 -> City_12 -> City_14 -> City_46 -> City_37 -> City_4 -> City_34 -> City_23 -> City_49 -> City_20 -> City_48 -> City_45 -> City_41 -> City_47
1025,742.973471484788,734.736452216414,City_2 -> City_44 -> City_5 -> City_38 -> City_26 -> City_18 -> City_27 -> City_28 -> City_1 -> City_35 -> City_22 -> City_6 -> City_17 -> City_13 -> City_32 -> City_7 -> City_36 -> City_39 -> City_15 -> City_11 -> City_16 -> City_40 -> City_42 -> City_19 -> City_8 -> City_3 -> City_50 -> City_29 -> City_30 -> City_21 -> City_33 -> City_24 -> City_9 -> City_25 -> City_10 -> City_31 -> City_43 -> City_12 -> City_14 -> City_46 -> City_37 -> City_4 -> City_34 -> City_23 -> City_49 -> City_20 -> City_48 -> City_45 -> City_41 -> City_47
1030,744.0733879379277,734.736452216414,City_2 -> City_44 -> City_5 -> City_38 -> City_26 -> City_18 -> City_27 -> City_28 -> City_1 -> City_35 -> City_6 -> City_22 -> City_17 -> City_13 -> City_32 -> City_7 -> City_36 -> City_39 -> City_15 -> City_11 -> City_16 -> City_25 -> City_42 -> City_19 -> City_8 -> City_3 -> City_29 -> City_50 -> City_30 -> City_14 -> City_33 -> City_24 -> City_9 -> City_31 -> City_10 -> City_40 -> City_43 -> City_12 -> City_21 -> City_46 -> City_37 -> City_4 -> City_34 -> City_23 -> City_49 -> City_20 -> City_48 -> City_45 -> City_41 -> City_47
1035,743.9969571379545,734.736452216414,City_2 -> City_44 -> City_5 -> City_38 -> City_26 -> City_18 -> City_27 -> City_28 -> City_1 -> City_35 -> City_6 -> City_17 -> City_22 -> City_13 -> City_32 -> City_7 -> City_36 -> City_39 -> City_16 -> City_11 -> City_15 -> City_40 -> City_42 -> City_19 -> City_8 -> City_3 -> City_29 -> City_50 -> City_30 -> City_14 -> City_33 -> City_9 -> City_24 -> City_31 -> City_25 -> City_10 -> City_43 -> City_12 -> City_21 -> City_46 -> City_37 -> City_4 -> City_34 -> City_23 -> City_49 -> City_20 -> City_48 -> City_45 -> City_41 -> City_47
1040,741.756525515892,734.736452216414,City_2 -> City_44 -> City_5 -> City_38 -> City_26 -> City_18 -> City_27 -> City_28 -> City_1 -> City_35 -> City_17 -> City_6 -> City_22 -> City_13 -> City_32 -> City_7 -> City_36 -> City_39 -> City_11 -> City_16 -> City_15 -> City_40 -> City_42 -> City_19 -> City_8 -> City_3 -> City_50 -> City_29 -> City_30 -> City_21 -> City_14 -> City_9 -> City_24 -> City_31 -> City_25 -> City_10 -> City_43 -> City_12 -> City_33 -> City_46 -> City_37 -> City_4 -> City_34 -> City_23 -> City_49 -> City_20 -> City_48 -> City_45 -> City_41 -> City_47
1045,742.7374906135252,734.736452216414,City_2 -> City_44 -> City_5 -> City_38 -> City_26 -> City_18 -> City_27 -> City_28 -> City_1 -> City_17 -> City_22 -> City_6 -> City_35 -> City_13 -> City_32 -> City_7 -> City_36 -> City_39 -> City_11 -> City_16 -> City_15 -> City_40 -> City_42 -> City_19 -> City_8 -> City_3 -> City_50 -> City_29 -> City_30 -> City_21 -> City_14 -> City_33 -> City_9 -> City_10 -> City_25 -> City_31 -> City_43 -> City_12 -> City_24 -> City_46 -> City_37 -> City_4 -> City_34 -> City_23 -> City_49 -> City_20 -> City_48 -> City_45 -> City_41 -> City_47
1050,739.8907652653344,734.736452216414,City_2 -> City_44 -> City_5 -> City_38 -> City_26 -> City_18 -> City_27 -> City_28 -> City_1 -> City_17 -> City_22 -> City_6 -> City_35 -> City_13 -> City_32 -> City_7 -> City_36 -> City_39 -> City_15 -> City_11 -> City_16 -> City_25 -> City_42 -> City_19 -> City_8 -> City_3 -> City_50 -> City_29 -> City_30 -> City_21 -> City_14 -> City_33 -> City_24 -> City_10 -> City_31 -> City_40 -> City_43 -> City_12 -> City_9 -> City_46 -> City_37 -> City_4 -> City_34 -> City_23 -> City_49 -> City_20 -> City_48 -> City_45 -> City_41 -> City_47
1055,735.2681613983335,734.736452216414,City_2 -> City_44 -> City_5 -> City_38 -> City_26 -> City_18 -> City_27 -> City_28 -> City_1 -> City_35 -> City_6 -> City_17 -> City_22 -> City_13 -> City_32 -> City_7 -> City_36 -> City_39 -> City_15 -> City_11 -> City_16 -> City_25 -> City_42 -> City_19 -> City_8 -> City_3 -> City_50 -> City_29 -> City_30 -> City_21 -> City_33 -> City_9 -> City_24 -> City_10 -> City_31 -> City_40 -> City_43 -> City_12 -> City_14 -> City_46 -> City_37 -> City_4 -> City_34 -> City_23 -> City_49 -> City_20 -> City_48 -> City_45 -> City_41 -> City_47
1060,743.3620667111036,734.736452216414,City_2 -> City_44 -> City_5 -> City_38 -> City_26 -> City_18 -> City_27 -> City_28 -> City_1 -> City_35 -> City_6 -> City_22 -> City_17 -> City_13 -> City_32 -> City_7 -> City_36 -> City_39 -> City_15 -> City_11 -> City_16 -> City_25 -> City_42 -> City_19 -> City_3 -> City_8 -> City_29 -> City_50 -> City_30 -> City_14 -> City_33 -> City_24 -> City_9 -> City_10 -> City_31 -> City_40 -> City_43 -> City_12 -> City_21 -> City_46 -> City_37 -> City_4 -> City_34 -> City_23 -> City_49 -> City_20 -> City_48 -> City_45 -> City_41 -> City_47
1065,747.7359588927991,734.736452216414,City_2 -> City_44 -> City_5 -> City_38 -> City_26 -> City_18 -> City_27 -> City_28 -> City_1 -> City_35 -> City_6 -> City_22 -> City_17 -> City_13 -> City_32 -> City_7 -> City_36 -> City_39 -> City_11 -> City_16 -> City_15 -> City_40 -> City_42 -> City_19 -> City_3 -> City_8 -> City_29 -> City_50 -> City_30 -> City_14 -> City_33 -> City_24 -> City_9 -> City_25 -> City_10 -> City_31 -> City_43 -> City_12 -> City_21 -> City_46 -> City_37 -> City_4 -> City_34 -> City_23 -> City_49 -> City_20 -> City_48 -> City_45 -> City_41 -> City_47
1070,746.8232038558714,734.736452216414,City_2 -> City_44 -> City_5 -> City_38 -> City_26 -> City_18 -> City_27 -> City_28 -> City_1 -> City_35 -> City_17 -> City_6 -> City_22 -> City_13 -> City_32 -> City_7 -> City_36 -> City_39 -> City_11 -> City_16 -> City_15 -> City_40 -> City_42 -> City_19 -> City_3 -> City_8 -> City_29 -> City_50 -> City_30 -> City_21 -> City_33 -> City_9 -> City_24 -> City_31 -> City_10 -> City_25 -> City_43 -> City_12 -> City_14 -> City_46 -> City_37 -> City_4 -> City_34 -> City_23 -> City_49 -> City_20 -> City_48 -> City_45 -> City_41 -> City_47
1075,740.5332672394806,734.736452216414,City_2 -> City_44 -> City_5 -> City_38 -> City_26 -> City_18 -> City_27 -> City_28 -> City_1 -> City_35 -> City_17 -> City_6 -> City_22 -> City_13 -> City_32 -> City_7 -> City_36 -> City_39 -> City_16 -> City_11 -> City_15 -> City_40 -> City_42 -> City_19 -> City_8 -> City_3 -> City_50 -> City_29 -> City_30 -> City_21 -> City_14 -> City_9 -> City_24 -> City_31 -> City_25 -> City_10 -> City_43 -> City_12 -> City_33 -> City_46 -> City_37 -> City_4 -> City_34 -> City_23 -> City_49 -> City_20 -> City_48 -> City_45 -> City_41 -> City_47
1080,739.9672995441214,734.736452216414,City_2 -> City_44 -> City_5 -> City_38 -> City_26 -> City_18 -> City_27 -> City_28 -> City_1 -> City_17 -> City_22 -> City_6 -> City_35 -> City_13 -> City_32 -> City_7 -> City_36 -> City_39 -> City_15 -> City_11 -> City_16 -> City_25 -> City_42 -> City_19 -> City_8 -> City_3 -> City_50 -> City_29 -> City_30 -> City_21 -> City_14 -> City_9 -> City_24 -> City_10 -> City_40 -> City_31 -> City_43 -> City_12 -> City_33 -> City_46 -> City_37 -> City_4 -> City_34 -> City_23 -> City_49 -> City_20 -> City_48 -> City_45 -> City_41 -> City_47
1085,741.3073764084168,734.736452216414,City_2 -> City_44 -> City_5 -> City_38 -> City_26 -> City_18 -> City_27 -> City_28 -> City_1 -> City_17 -> City_22 -> City_6 -> City_35 -> City_13 -> City_32 -> City_7 -> City_36 -> City_39 -> City_15 -> City_11 -> City_16 -> City_25 -> City_42 -> City_19 -> City_8 -> City_3 -> City_50 -> City_29 -> City_30 -> City_21 -> City_9 -> City_33 -> City_24 -> City_10 -> City_31 -> City_40 -> City_43 -> City_12 -> City_14 -> City_46 -> City_37 -> City_4 -> City_34 -> City_23 -> City_49 -> City_20 -> City_48 -> City_45 -> City_41 -> City_47
1090,737.3065577510149,734.736452216414,City_2 -> City_44 -> City_5 -> City_38 -> City_26 -> City_18 -> City_27 -> City_28 -> City_1 -> City_35 -> City_6 -> City_17 -> City_22 -> City_13 -> City_32 -> City_7 -> City_36 -> City_39 -> City_15 -> City_11 -> City_16 -> City_25 -> City_42 -> City_19 -> City_8 -> City_3 -> City_50 -> City_29 -> City_30 -> City_14 -> City_33 -> City_9 -> City_24 -> City_10 -> City_31 -> City_40 -> City_43 -> City_12 -> City_21 -> City_46 -> City_37 -> City_4 -> City_34 -> City_23 -> City_49 -> City_20 -> City_48 -> City_45 -> City_41 -> City_47
1095,749.0797633960905,734.736452216414,City_2 -> City_44 -> City_5 -> City_38 -> City_26 -> City_18 -> City_27 -> City_28 -> City_1 -> City_35 -> City_6 -> City_17 -> City_22 -> City_13 -> City_32 -> City_7 -> City_36 -> City_39 -> City_15 -> City_11 -> City_16 -> City_25 -> City_42 -> City_19 -> City_3 -> City_8 -> City_29 -> City_50 -> City_30 -> City_14 -> City_33 -> City_24 -> City_9 -> City_31 -> City_40 -> City_10 -> City_43 -> City_12 -> City_21 -> City_46 -> City_37 -> City_4 -> City_34 -> City_23 -> City_49 -> City_20 -> City_48 -> City_45 -> City_41 -> City_47
1100,745.5937967620126,734.736452216414,City_2 -> City_44 -> City_5 -> City_38 -> City_26 -> City_18 -> City_27 -> City_28 -> City_1 -> City_35 -> City_17 -> City_6 -> City_22 -> City_13 -> City_32 -> City_7 -> City_36 -> City_39 -> City_11 -> City_16 -> City_15 -> City_40 -> City_42 -> City_19 -> City_3 -> City_8 -> City_29 -> City_50 -> City_30 -> City_14 -> City_33 -> City_24 -> City_9 -> City_10 -> City_25 -> City_31 -> City_43 -> City_12 -> City_21 -> City_46 -> City_37 -> City_4 -> City_34 -> City_23 -> City_49 -> City_20 -> City_48 -> City_45 -> City_41 -> City_47
1105,738.4597550970482,734.736452216414,City_2 -> City_44 -> City_5 -> City_38 -> City_26 -> City_18 -> City_27 -> City_28 -> City_1 -> City_35 -> City_17 -> City_6 -> City_22 -> City_13 -> City_32 -> City_7 -> City_36 -> City_39 -> City_11 -> City_16 -> City_15 -> City_40 -> City_42 -> City_19 -> City_8 -> City_3 -> City_50 -> City_29 -> City_30 -> City_21 -> City_14 -> City_9 -> City_24 -> City_10 -> City_25 -> City_31 -> City_43 -> City_12 -> City_33 -> City_46 -> City_37 -> City_4 -> City_34 -> City_23 -> City_49 -> City_20 -> City_48 -> City_45 -> City_41 -> City_47
1110,740.5539923466225,734.736452216414,City_2 -> City_44 -> City_5 -> City_38 -> City_26 -> City_18 -> City_27 -> City_28 -> City_1 -> City_35 -> City_6 -> City_22 -> City_17 -> City_13 -> City_32 -> City_7 -> City_36 -> City_39 -> City_11 -> City_16 -> City_15 -> City_40 -> City_42 -> City_19 -> City_8 -> City_3 -> City_50 -> City_29 -> City_30 -> City_21 -> City_14 -> City_9 -> City_24 -> City_25 -> City_10 -> City_31 -> City_43 -> City_12 -> City_33 -> City_46 -> City_37 -> City_4 -> City_34 -> City_23 -> City_49 -> City_20 -> City_48 -> City_45 -> City_41 -> City_47
1115,742.3599351992166,734.736452216414,City_2 -> City_44 -> City_5 -> City_38 -> City_26 -> City_18 -> City_27 -> City_28 -> City_1 -> City_35 -> City_6 -> City_17 -> City_22 -> City_13 -> City_32 -> City_7 -> City_36 -> City_39 -> City_15 -> City_11 -> City_16 -> City_40 -> City_42 -> City_19 -> City_8 -> City_3 -> City_50 -> City_29 -> City_30 -> City_21 -> City_14 -> City_33 -> City_9 -> City_25 -> City_10 -> City_31 -> City_43 -> City_12 -> City_24 -> City_46 -> City_37 -> City_4 -> City_34 -> City_23 -> City_49 -> City_20 -> City_48 -> City_45 -> City_41 -> City_47
1120,738.7660966848886,734.736452216414,City_2 -> City_44 -> City_5 -> City_38 -> City_26 -> City_18 -> City_27 -> City_28 -> City_1 -> City_35 -> City_6 -> City_17 -> City_22 -> City_13 -> City_32 -> City_7 -> City_36 -> City_39 -> City_15 -> City_11 -> City_16 -> City_40 -> City_42 -> City_19 -> City_8 -> City_3 -> City_50 -> City_29 -> City_30 -> City_14 -> City_33 -> City_9 -> City_24 -> City_10 -> City_25 -> City_31 -> City_43 -> City_12 -> City_21 -> City_46 -> City_37 -> City_4 -> City_34 -> City_23 -> City_49 -> City_20 -> City_48 -> City_45 -> City_41 -> City_47
1125,738.5336554080534,734.736452216414,City_2 -> City_44 -> City_5 -> City_38 -> City_26 -> City_18 -> City_27 -> City_28 -> City_1 -> City_17 -> City_22 -> City_6 -> City_35 -> City_13 -> City_32 -> City_7 -> City_36 -> City_39 -> City_15 -> City_11 -> City_16 -> City_25 -> City_42 -> City_19 -> City_8 -> City_3 -> City_50 -> City_29 -> City_30 -> City_14 -> City_33 -> City_9 -> City_24 -> City_10 -> City_31 -> City_40 -> City_43 -> City_12 -> City_21 -> City_46 -> City_37 -> City_4 -> City_34 -> City_23 -> City_49 -> City_20 -> City_48 -> City_45 -> City_41 -> City_47
1130,744.3141151431513,734.736452216414,City_2 -> City_44 -> City_5 -> City_38 -> City_26 -> City_18 -> City_27 -> City_28 -> City_1 -> City_35 -> City_22 -> City_6 -> City_17 -> City_13 -> City_32 -> City_7 -> City_36 -> City_39 -> City_15 -> City_11 -> City_16 -> City_25 -> City_42 -> City_19 -> City_3 -> City_8 -> City_29 -> City_50 -> City_30 -> City_21 -> City_33 -> City_24 -> City_9 -> City_10 -> City_31 -> City_40 -> City_43 -> City_12 -> City_14 -> City_46 -> City_37 -> City_4 -> City_34 -> City_23 -> City_49 -> City_20 -> City_48 -> City_45 -> City_41 -> City_47
1135,743.3457979458088,734.736452216414,City_2 -> City_44 -> City_5 -> City_38 -> City_26 -> City_18 -> City_27 -> City_28 -> City_1 -> City_35 -> City_6 -> City_17 -> City_22 -> City_13 -> City_32 -> City_7 -> City_36 -> City_39 -> City_15 -> City_11 -> City_16 -> City_25 -> City_42 -> City_19 -> City_3 -> City_8 -> City_29 -> City_50 -> City_30 -> City_21 -> City_14 -> City_33 -> City_24 -> City_10 -> City_31 -> City_40 -> City_43 -> City_12 -> City_9 -> City_46 -> City_37 -> City_4 -> City_34 -> City_23 -> City_49 -> City_20 -> City_48 -> City_45 -> City_41 -> City_47
1140,739.9323537683043,734.736452216414,City_2 -> City_44 -> City_5 -> City_38 -> City_26 -> City_18 -> City_27 -> City_28 -> City_1 -> City_35 -> City_6 -> City_17 -> City_22 -> City_13 -> City_32 -> City_7 -> City_36 -> City_39 -> City_16 -> City_11 -> City_15 -> City_40 -> City_42 -> City_19 -> City_8 -> City_3 -> City_50 -> City_29 -> City_30 -> City_21 -> City_14 -> City_33 -> City_24 -> City_10 -> City_25 -> City_31 -> City_43 -> City_12 -> City_9 -> City_46 -> City_37 -> City_4 -> City_34 -> City_23 -> City_49 -> City_20 -> City_48 -> City_45 -> City_41 -> City_47
1145,738.7002164985245,734.736452216414,City_2 -> City_44 -> City_5 -> City_38 -> City_26 -> City_18 -> City_27 -> City_28 -> City_1 -> City_17 -> City_35 -> City_6 -> City_22 -> City_13 -> City_32 -> City_7 -> City_36 -> City_39 -> City_11 -> City_16 -> City_15 -> City_40 -> City_42 -> City_19 -> City_8 -> City_3 -> City_50 -> City_29 -> City_30 -> City_21 -> City_33 -> City_9 -> City_24 -> City_10 -> City_25 -> City_31 -> City_43 -> City_12 -> City_14 -> City_46 -> City_37 -> City_4 -> City_34 -> City_23 -> City_49 -> City_20 -> City_48 -> City_45 -> City_41 -> City_47
1150,745.9156355454379,734.736452216414,City_2 -> City_44 -> City_5 -> City_38 -> City_26 -> City_18 -> City_27 -> City_28 -> City_1 -> City_35 -> City_22 -> City_6 -> City_17 -> City_13 -> City_32 -> City_7 -> City_36 -> City_39 -> City_15 -> City_16 -> City_11 -> City_40 -> City_42 -> City_19 -> City_8 -> City_3 -> City_50 -> City_29 -> City_30 -> City_21 -> City_33 -> City_24 -> City_9 -> City_25 -> City_10 -> City_31 -> City_43 -> City_12 -> City_14 -> City_46 -> City_37 -> City_4 -> City_34 -> City_23 -> City_49 -> City_20 -> City_48 -> City_45 -> City_41 -> City_47
1155,746.5987517861081,734.736452216414,City_2 -> City_44 -> City_5 -> City_38 -> City_26 -> City_18 -> City_27 -> City_28 -> City_1 -> City_35 -> City_6 -> City_22 -> City_17 -> City_13 -> City_32 -> City_7 -> City_36 -> City_39 -> City_15 -> City_11 -> City_16 -> City_25 -> City_42 -> City_19 -> City_8 -> City_3 -> City_29 -> City_50 -> City_30 -> City_14 -> City_33 -> City_24 -> City_9 -> City_40 -> City_10 -> City_31 -> City_43 -> City_12 -> City_21 -> City_46 -> City_37 -> City_4 -> City_34 -> City_23 -> City_49 -> City_20 -> City_48 -> City_45 -> City_41 -> City_47
1160,744.1878099118198,734.736452216414,City_2 -> City_44 -> City_5 -> City_38 -> City_26 -> City_18 -> City_27 -> City_28 -> City_1 -> City_35 -> City_6 -> City_17 -> City_22 -> City_13 -> City_32 -> City_7 -> City_36 -> City_39 -> City_15 -> City_11 -> City_16 -> City_40 -> City_42 -> City_19 -> City_8 -> City_3 -> City_29 -> City_50 -> City_30 -> City_14 -> City_33 -> City_9 -> City_24 -> City_31 -> City_25 -> City_10 -> City_43 -> City_12 -> City_21 -> City_46 -> City_37 -> City_4 -> City_34 -> City_23 -> City_49 -> City_20 -> City_48 -> City_45 -> City_41 -> City_47
1165,742.2882346978115,734.736452216414,City_2 -> City_44 -> City_5 -> City_38 -> City_26 -> City_18 -> City_27 -> City_28 -> City_1 -> City_35 -> City_6 -> City_17 -> City_22 -> City_13 -> City_32 -> City_7 -> City_36 -> City_39 -> City_11 -> City_16 -> City_15 -> City_40 -> City_42 -> City_19 -> City_8 -> City_3 -> City_50 -> City_29 -> City_30 -> City_21 -> City_14 -> City_9 -> City_24 -> City_31 -> City_25 -> City_10 -> City_43 -> City_12 -> City_33 -> City_46 -> City_37 -> City_4 -> City_34 -> City_23 -> City_49 -> City_20 -> City_48 -> City_45 -> City_41 -> City_47
1170,741.6939360556773,734.736452216414,City_2 -> City_44 -> City_5 -> City_38 -> City_26 -> City_18 -> City_27 -> City_28 -> City_1 -> City_17 -> City_22 -> City_6 -> City_35 -> City_13 -> City_32 -> City_7 -> City_36 -> City_39 -> City_11 -> City_16 -> City_15 -> City_40 -> City_42 -> City_19 -> City_8 -> City_3 -> City_50 -> City_29 -> City_30 -> City_21 -> City_14 -> City_24 -> City_9 -> City_10 -> City_25 -> City_31 -> City_43 -> City_12 -> City_33 -> City_46 -> City_37 -> City_4 -> City_34 -> City_23 -> City_49 -> City_20 -> City_48 -> City_45 -> City_41 -> City_47
1175,742.1314473098694,734.736452216414,City_2 -> City_44 -> City_5 -> City_38 -> City_26 -> City_18 -> City_27 -> City_28 -> City_1 -> City_17 -> City_22 -> City_6 -> City_35 -> City_13 -> City_32 -> City_7 -> City_36 -> City_39 -> City_15 -> City_11 -> City_16 -> City_25 -> City_42 -> City_19 -> City_8 -> City_3 -> City_50 -> City_29 -> City_30 -> City_21 -> City_14 -> City_33 -> City_24 -> City_10 -> City_40 -> City_31 -> City_43 -> City_12 -> City_9 -> City_46 -> City_37 -> City_4 -> City_34 -> City_23 -> City_49 -> City_20 -> City_48 -> City_45 -> City_41 -> City_47
1180,734.736452216414,734.736452216414,City_2 -> City_44 -> City_5 -> City_38 -> City_26 -> City_18 -> City_27 -> City_28 -> City_1 -> City_35 -> City_17 -> City_6 -> City_22 -> City_13 -> City_32 -> City_7 -> City_36 -> City_39 -> City_15 -> City_11 -> City_16 -> City_25 -> City_42 -> City_19 -> City_8 -> City_3 -> City_50 -> City_29 -> City_30 -> City_21 -> City_33 -> City_9 -> City_24 -> City_10 -> City_31 -> City_40 -> City_43 -> City_12 -> City_14 -> City_46 -> City_37 -> City_4 -> City_34 -> City_23 -> City_49 -> City_20 -> City_48 -> City_45 -> City_41 -> City_47
1185,740.8048791816782,734.736452216414,City_2 -> City_44 -> City_5 -> City_38 -> City_26 -> City_18 -> City_27 -> City_28 -> City_1 -> City_35 -> City_6 -> City_22 -> City_17 -> City_13 -> City_32 -> City_7 -> City_36 -> City_39 -> City_15 -> City_11 -> City_16 -> City_25 -> City_42 -> City_19 -> City_8 -> City_3 -> City_29 -> City_50 -> City_30 -> City_14 -> City_33 -> City_24 -> City_9 -> City_10 -> City_31 -> City_40 -> City_43 -> City_12 -> City_21 -> City_46 -> City_37 -> City_4 -> City_34 -> City_23 -> City_49 -> City_20 -> City_48 -> City_45 -> City_41 -> City_47
1190,745.8540111475232,734.736452216414,City_2 -> City_44 -> City_5 -> City_38 -> City_26 -> City_18 -> City_27 -> City_28 -> City_1 -> City_35 -> City_6 -> City_22 -> City_17 -> City_13 -> City_32 -> City_7 -> City_36 -> City_39 -> City_11 -> City_16 -> City_15 -> City_40 -> City_42 -> City_19 -> City_3 -> City_8 -> City_29 -> City_50 -> City_30 -> City_14 -> City_33 -> City_24 -> City_9 -> City_10 -> City_25 -> City_31 -> City_43 -> City_12 -> City_21 -> City_46 -> City_37 -> City_4 -> City_34 -> City_23 -> City_49 -> City_20 -> City_48 -> City_45 -> City_41 -> City_47
1195,747.3549130377909,734.736452216414,City_2 -> City_44 -> City_5 -> City_38 -> City_26 -> City_18 -> City_27 -> City_28 -> City_1 -> City_35 -> City_6 -> City_17 -> City_22 -> City_13 -> City_32 -> City_7 -> City_36 -> City_39 -> City_11 -> City_16 -> City_15 -> City_40 -> City_42 -> City_19 -> City_3 -> City_8 -> City_29 -> City_50 -> City_30 -> City_21 -> City_33 -> City_9 -> City_24 -> City_31 -> City_10 -> City_25 -> City_43 -> City_12 -> City_14 -> City_46 -> City_37 -> City_4 -> City_34 -> City_23 -> City_49 -> City_20 -> City_48 -> City_45 -> City_41 -> City_47
1200,741.756525515892,734.736452216414,City_2 -> City_44 -> City_5 -> City_38 -> City_26 -> City_18 -> City_27 -> City_28 -> City_1 -> City_35 -> City_17 -> City_6 -> City_22 -> City_13 -> City_32 -> City_7 -> City_36 -> City_39 -> City_11 -> City_16 -> City_15 -> City_40 -> City_42 -> City_19 -> City_8 -> City_3 -> City_50 -> City_29 -> City_30 -> City_21 -> City_14 -> City_9 -> City_24 -> City_31 -> City_25 -> City_10 -> City_43 -> City_12 -> City_33 -> City_46 -> City_37 -> City_4 -> City_34 -> City_23 -> City_49 -> City_20 -> City_48 -> City_45 -> City_41 -> City_47
1205,739.6803125508541,734.736452216414,City_2 -> City_44 -> City_5 -> City_38 -> City_26 -> City_18 -> City_27 -> City_28 -> City_1 -> City_17 -> City_35 -> City_6 -> City_22 -> City_13 -> City_32 -> City_7 -> City_36 -> City_39 -> City_15 -> City_11 -> City_16 -> City_25 -> City_42 -> City_19 -> City_8 -> City_3 -> City_50 -> City_29 -> City_30 -> City_21 -> City_14 -> City_9 -> City_24 -> City_10 -> City_40 -> City_31 -> City_43 -> City_12 -> City_33 -> City_46 -> City_37 -> City_4 -> City_34 -> City_23 -> City_49 -> City_20 -> City_48 -> City_45 -> City_41 -> City_47
1210,739.8907652653344,734.736452216414,City_2 -> City_44 -> City_5 -> City_38 -> City_26 -> City_18 -> City_27 -> City_28 -> City_1 -> City_17 -> City_22 -> City_6 -> City_35 -> City_13 -> City_32 -> City_7 -> City_36 -> City_39 -> City_15 -> City_11 -> City_16 -> City_25 -> City_42 -> City_19 -> City_8 -> City_3 -> City_50 -> City_29 -> City_30 -> City_21 -> City_14 -> City_33 -> City_24 -> City_10 -> City_31 -> City_40 -> City_43 -> City_12 -> City_9 -> City_46 -> City_37 -> City_4 -> City_34 -> City_23 -> City_49 -> City_20 -> City_48 -> City_45 -> City_41 -> City_47
1215,735.2681613983335,734.736452216414,City_2 -> City_44 -> City_5 -> City_38 -> City_26 -> City_18 -> City_27 -> City_28 -> City_1 -> City_35 -> City_6 -> City_17 -> City_22 -> City_13 -> City_32 -> City_7 -> City_36 -> City_39 -> City_15 -> City_11 -> City_16 -> City_25 -> City_42 -> City_19 -> City_8 -> City_3 -> City_50 -> City_29 -> City_30 -> City_21 -> City_33 -> City_9 -> City_24 -> City_10 -> City_31 -> City_40 -> City_43 -> City_12 -> City_14 -> City_46 -> City_37 -> City_4 -> City_34 -> City_23 -> City_49 -> City_20 -> City_48 -> City_45 -> City_41 -> City_47
1220,746.9020702637621,734.736452216414,City_2 -> City_44 -> City_5 -> City_38 -> City_26 -> City_18 -> City_27 -> City_28 -> City_1 -> City_35 -> City_6 -> City_17 -> City_22 -> City_13 -> City_32 -> City_7 -> City_36 -> City_39 -> City_15 -> City_11 -> City_16 -> City_25 -> City_42 -> City_19 -> City_3 -> City_8 -> City_29 -> City_50 -> City_30 -> City_14 -> City_33 -> City_24 -> City_9 -> City_31 -> City_10 -> City_40 -> City_43 -> City_12 -> City_21 -> City_46 -> City_37 -> City_4 -> City_34 -> City_23 -> City_49 -> City_20 -> City_48 -> City_45 -> City_41 -> City_47
1225,744.3705384856012,734.736452216414,City_2 -> City_44 -> City_5 -> City_38 -> City_26 -> City_18 -> City_27 -> City_28 -> City_1 -> City_35 -> City_17 -> City_6 -> City_22 -> City_13 -> City_32 -> City_7 -> City_36 -> City_39 -> City_16 -> City_11 -> City_15 -> City_40 -> City_42 -> City_19 -> City_3 -> City_8 -> City_29 -> City_50 -> City_30 -> City_14 -> City_33 -> City_24 -> City_9 -> City_10 -> City_25 -> City_31 -> City_43 -> City_12 -> City_21 -> City_46 -> City_37 -> City_4 -> City_34 -> City_23 -> City_49 -> City_20 -> City_48 -> City_45 -> City_41 -> City_47
1230,737.2283966528337,734.736452216414,City_2 -> City_44 -> City_5 -> City_38 -> City_26 -> City_18 -> City_27 -> City_28 -> City_1 -> City_35 -> City_17 -> City_6 -> City_22 -> City_13 -> City_32 -> City_7 -> City_36 -> City_39 -> City_11 -> City_16 -> City_15 -> City_40 -> City_42 -> City_19 -> City_8 -> City_3 -> City_50 -> City_29 -> City_30 -> City_21 -> City_33 -> City_9 -> City_24 -> City_10 -> City_25 -> City_31 -> City_43 -> City_12 -> City_14 -> City_46 -> City_37 -> City_4 -> City_34 -> City_23 -> City_49 -> City_20 -> City_48 -> City_45 -> City_41 -> City_47
1235,743.5444371313517,734.736452216414,City_2 -> City_44 -> City_5 -> City_38 -> City_26 -> City_18 -> City_27 -> City_28 -> City_1 -> City_35 -> City_22 -> City_6 -> City_17 -> City_13 -> City_32 -> City_7 -> City_36 -> City_39 -> City_11 -> City_16 -> City_15 -> City_40 -> City_42 -> City_19 -> City_8 -> City_3 -> City_50 -> City_29 -> City_30 -> City_21 -> City_14 -> City_9 -> City_24 -> City_25 -> City_10 -> City_31 -> City_43 -> City_12 -> City_33 -> City_46 -> City_37 -> City_4 -> City_34 -> City_23 -> City_49 -> City_20 -> City_48 -> City_45 -> City_41 -> City_47
1240,741.3163806413687,734.736452216414,City_2 -> City_44 -> City_5 -> City_38 -> City_26 -> City_18 -> City_27 -> City_28 -> City_1 -> City_35 -> City_6 -> City_17 -> City_22 -> City_13 -> City_32 -> City_7 -> City_36 -> City_39 -> City_15 -> City_11 -> City_16 -> City_40 -> City_42 -> City_19 -> City_8 -> City_3 -> City_50 -> City_29 -> City_30 -> City_21 -> City_14 -> City_24 -> City_9 -> City_25 -> City_10 -> City_31 -> City_43 -> City_12 -> City_33 -> City_46 -> City_37 -> City_4 -> City_34 -> City_23 -> City_49 -> City_20 -> City_48 -> City_45 -> City_41 -> City_47
1245,740.6001195489524,734.736452216414,City_2 -> City_44 -> City_5 -> City_38 -> City_26 -> City_18 -> City_27 -> City_28 -> City_1 -> City_35 -> City_6 -> City_17 -> City_22 -> City_13 -> City_32 -> City_7 -> City_36 -> City_39 -> City_15 -> City_11 -> City_16 -> City_40 -> City_42 -> City_19 -> City_8 -> City_3 -> City_50 -> City_29 -> City_30 -> City_14 -> City_33 -> City_9 -> City_24 -> City_25 -> City_10 -> City_31 -> City_43 -> City_12 -> City_21 -> City_46 -> City_37 -> City_4 -> City_34 -> City_23 -> City_49 -> City_20 -> City_48 -> City_45 -> City_41 -> City_47
1250,738.2466684147862,734.736452216414,City_2 -> City_44 -> City_5 -> City_38 -> City_26 -> City_18 -> City_27 -> City_28 -> City_1 -> City_17 -> City_35 -> City_6 -> City_22 -> City_13 -> City_32 -> City_7 -> City_36 -> City_39 -> City_15 -> City_11 -> City_16 -> City_25 -> City_42 -> City_19 -> City_8 -> City_3 -> City_50 -> City_29 -> City_30 -> City_14 -> City_33 -> City_9 -> City_24 -> City_10 -> City_31 -> City_40 -> City_43 -> City_12 -> City_21 -> City_46 -> City_37 -> City_4 -> City_34 -> City_23 -> City_49 -> City_20 -> City_48 -> City_45 -> City_41 -> City_47
1255,746.3525114958328,734.736452216414,City_2 -> City_44 -> City_5 -> City_38 -> City_26 -> City_18 -> City_27 -> City_28 -> City_1 -> City_35 -> City_22 -> City_6 -> City_17 -> City_13 -> City_32 -> City_7 -> City_36 -> City_39 -> City_15 -> City_11 -> City_16 -> City_25 -> City_42 -> City_19 -> City_3 -> City_8 -> City_29 -> City_50 -> City_30 -> City_14 -> City_33 -> City_24 -> City_9 -> City_10 -> City_31 -> City_40 -> City_43 -> City_12 -> City_21 -> City_46 -> City_37 -> City_4 -> City_34 -> City_23 -> City_49 -> City_20 -> City_48 -> City_45 -> City_41 -> City_47
1260,743.7005788575799,734.736452216414,City_2 -> City_44 -> City_5 -> City_38 -> City_26 -> City_18 -> City_27 -> City_28 -> City_1 -> City_35 -> City_6 -> City_17 -> City_22 -> City_13 -> City_32 -> City_7 -> City_36 -> City_39 -> City_15 -> City_11 -> City_16 -> City_25 -> City_42 -> City_19 -> City_3 -> City_8 -> City_29 -> City_50 -> City_30 -> City_21 -> City_14 -> City_33 -> City_9 -> City_10 -> City_31 -> City_40 -> City_43 -> City_12 -> City_24 -> City_46 -> City_37 -> City_4 -> City_34 -> City_23 -> City_49 -> City_20 -> City_48 -> City_45 -> City_41 -> City_47
1265,744.3701620497804,734.736452216414,City_2 -> City_44 -> City_5 -> City_38 -> City_26 -> City_18 -> City_27 -> City_28 -> City_1 -> City_35 -> City_6 -> City_17 -> City_22 -> City_13 -> City_32 -> City_7 -> City_36 -> City_39 -> City_16 -> City_11 -> City_15 -> City_40 -> City_42 -> City_19 -> City_3 -> City_8 -> City_50 -> City_29 -> City_30 -> City_21 -> City_14 -> City_33 -> City_24 -> City_10 -> City_25 -> City_31 -> City_43 -> City_12 -> City_9 -> City_46 -> City_37 -> City_4 -> City_34 -> City_23 -> City_49 -> City_20 -> City_48 -> City_45 -> City_41 -> City_47
1270,737.2283966528337,734.736452216414,City_2 -> City_44 -> City_5 -> City_38 -> City_26 -> City_18 -> City_27 -> City_28 -> City_1 -> City_35 -> City_17 -> City_6 -> City_22 -> City_13 -> City_32 -> City_7 -> City_36 -> City_39 -> City_11 -> City_16 -> City_15 -> City_40 -> City_42 -> City_19 -> City_8 -> City_3 -> City_50 -> City_29 -> City_30 -> City_21 -> City_33 -> City_9 -> City_24 -> City_10 -> City_25 -> City_31 -> City_43 -> City_12 -> City_14 -> City_46 -> City_37 -> City_4 -> City_34 -> City_23 -> City_49 -> City_20 -> City_48 -> City_45 -> City_41 -> City_47
1275,744.0058769873341,734.736452216414,City_2 -> City_44 -> City_5 -> City_38 -> City_26 -> City_18 -> City_27 -> City_28 -> City_1 -> City_35 -> City_22 -> City_6 -> City_17 -> City_13 -> City_32 -> City_7 -> City_36 -> City_39 -> City_11 -> City_16 -> City_15 -> City_40 -> City_42 -> City_19 -> City_8 -> City_3 -> City_50 -> City_29 -> City_30 -> City_21 -> City_33 -> City_24 -> City_9 -> City_25 -> City_10 -> City_31 -> City_43 -> City_12 -> City_14 -> City_46 -> City_37 -> City_4 -> City_34 -> City_23 -> City_49 -> City_20 -> City_48 -> City_45 -> City_41 -> City_47
1280,749.5891965708373,734.736452216414,City_2 -> City_44 -> City_5 -> City_38 -> City_26 -> City_18 -> City_27 -> City_28 -> City_1 -> City_35 -> City_22 -> City_6 -> City_17 -> City_13 -> City_32 -> City_7 -> City_36 -> City_39 -> City_15 -> City_11 -> City_16 -> City_25 -> City_42 -> City_19 -> City_8 -> City_3 -> City_29 -> City_50 -> City_30 -> City_14 -> City_33 -> City_24 -> City_9 -> City_40 -> City_10 -> City_31 -> City_43 -> City_12 -> City_21 -> City_46 -> City_37 -> City_4 -> City_34 -> City_23 -> City_49 -> City_20 -> City_48 -> City_45 -> City_41 -> City_47
1285,744.9689530224812,734.736452216414,City_2 -> City_44 -> City_5 -> City_38 -> City_26 -> City_18 -> City_27 -> City_28 -> City_1 -> City_35 -> City_6 -> City_17 -> City_22 -> City_13 -> City_32 -> City_7 -> City_36 -> City_39 -> City_15 -> City_11 -> City_16 -> City_25 -> City_42 -> City_19 -> City_8 -> City_3 -> City_29 -> City_50 -> City_30 -> City_14 -> City_33 -> City_9 -> City_24 -> City_31 -> City_40 -> City_10 -> City_43 -> City_12 -> City_21 -> City_46 -> City_37 -> City_4 -> City_34 -> City_23 -> City_49 -> City_20 -> City_48 -> City_45 -> City_41 -> City_47
1290,741.0568762535971,734.736452216414,City_2 -> City_44 -> City_5 -> City_38 -> City_26 -> City_18 -> City_27 -> City_28 -> City_1 -> City_35 -> City_6 -> City_17 -> City_22 -> City_13 -> City_32 -> City_7 -> City_36 -> City_39 -> City_11 -> City_16 -> City_15 -> City_40 -> City_42 -> City_19 -> City_8 -> City_3 -> City_50 -> City_29 -> City_30 -> City_21 -> City_33 -> City_9 -> City_24 -> City_31 -> City_25 -> City_10 -> City_43 -> City_12 -> City_14 -> City_46 -> City_37 -> City_4 -> City_34 -> City_23 -> City_49 -> City_20 -> City_48 -> City_45 -> City_41 -> City_47
1295,740.218561936006,734.736452216414,City_2 -> City_44 -> City_5 -> City_38 -> City_26 -> City_18 -> City_27 -> City_28 -> City_1 -> City_17 -> City_22 -> City_6 -> City_35 -> City_13 -> City_32 -> City_7 -> City_36 -> City_39 -> City_11 -> City_16 -> City_15 -> City_40 -> City_42 -> City_19 -> City_8 -> City_3 -> City_50 -> City_29 -> City_30 -> City_21 -> City_14 -> City_9 -> City_24 -> City_10 -> City_25 -> City_31 -> City_43 -> City_12 -> City_33 -> City_46 -> City_37 -> City_4 -> City_34 -> City_23 -> City_49 -> City_20 -> City_48 -> City_45 -> City_41 -> City_47
1300,741.350304199208,734.736452216414,City_2 -> City_44 -> City_5 -> City_38 -> City_26 -> City_18 -> City_27 -> City_28 -> City_1 -> City_17 -> City_22 -> City_6 -> City_35 -> City_13 -> City_32 -> City_7 -> City_36 -> City_39 -> City_15 -> City_11 -> City_16 -> City_40 -> City_42 -> City_19 -> City_8 -> City_3 -> City_50 -> City_29 -> City_30 -> City_21 -> City_14 -> City_33 -> City_24 -> City_10 -> City_25 -> City_31 -> City_43 -> City_12 -> City_9 -> City_46 -> City_37 -> City_4 -> City_34 -> City_23 -> City_49 -> City_20 -> City_48 -> City_45 -> City_41 -> City_47
1305,737.9871113866537,734.736452216414,City_2 -> City_44 -> City_5 -> City_38 -> City_26 -> City_18 -> City_27 -> City_28 -> City_1 -> City_35 -> City_22 -> City_6 -> City_17 -> City_13 -> City_32 -> City_7 -> City_36 -> City_39 -> City_15 -> City_11 -> City_16 -> City_25 -> City_42 -> City_19 -> City_8 -> City_3 -> City_50 -> City_29 -> City_30 -> City_21 -> City_33 -> City_9 -> City_24 -> City_10 -> City_31 -> City_40 -> City_43 -> City_12 -> City_14 -> City_46 -> City_37 -> City_4 -> City_34 -> City_23 -> City_49 -> City_20 -> City_48 -> City_45 -> City_41 -> City_47
1310,738.6799363735907,734.736452216414,City_2 -> City_44 -> City_5 -> City_38 -> City_26 -> City_18 -> City_27 -> City_28 -> City_1 -> City_35 -> City_6 -> City_22 -> City_17 -> City_13 -> City_32 -> City_7 -> City_36 -> City_39 -> City_15 -> City_11 -> City_16 -> City_25 -> City_42 -> City_19 -> City_8 -> City_3 -> City_50 -> City_29 -> City_30 -> City_14 -> City_33 -> City_24 -> City_9 -> City_10 -> City_31 -> City_40 -> City_43 -> City_12 -> City_21 -> City_46 -> City_37 -> City_4 -> City_34 -> City_23 -> City_49 -> City_20 -> City_48 -> City_45 -> City_41 -> City_47
1315,744.6307528711118,734.736452216414,City_2 -> City_44 -> City_5 -> City_38 -> City_26 -> City_18 -> City_27 -> City_28 -> City_1 -> City_35 -> City_6 -> City_22 -> City_17 -> City_13 -> City_32 -> City_7 -> City_36 -> City_39 -> City_16 -> City_11 -> City_15 -> City_40 -> City_42 -> City_19 -> City_3 -> City_8 -> City_29 -> City_50 -> City_30 -> City_14 -> City_33 -> City_24 -> City_9 -> City_10 -> City_25 -> City_31 -> City_43 -> City_12 -> City_21 -> City_46 -> City_37 -> City_4 -> City_34 -> City_23 -> City_49 -> City_20 -> City_48 -> City_45 -> City_41 -> City_47
1320,749.3933093904724,734.736452216414,City_2 -> City_44 -> City_5 -> City_38 -> City_26 -> City_18 -> City_27 -> City_28 -> City_1 -> City_35 -> City_6 -> City_17 -> City_22 -> City_13 -> City_32 -> City_7 -> City_36 -> City_39 -> City_11 -> City_16 -> City_15 -> City_40 -> City_42 -> City_19 -> City_3 -> City_8 -> City_29 -> City_50 -> City_30 -> City_14 -> City_33 -> City_9 -> City_24 -> City_31 -> City_10 -> City_25 -> City_43 -> City_12 -> City_21 -> City_46 -> City_37 -> City_4 -> City_34 -> City_23 -> City_49 -> City_20 -> City_48 -> City_45 -> City_41 -> City_47
1325,740.5251670716775,734.736452216414,City_2 -> City_44 -> City_5 -> City_38 -> City_26 -> City_18 -> City_27 -> City_28 -> City_1 -> City_35 -> City_17 -> City_6 -> City_22 -> City_13 -> City_32 -> City_7 -> City_36 -> City_39 -> City_11 -> City_16 -> City_15 -> City_40 -> City_42 -> City_19 -> City_8 -> City_3 -> City_50 -> City_29 -> City_30 -> City_21 -> City_33 -> City_9 -> City_24 -> City_31 -> City_25 -> City_10 -> City_43 -> City_12 -> City_14 -> City_46 -> City_37 -> City_4 -> City_34 -> City_23 -> City_49 -> City_20 -> City_48 -> City_45 -> City_41 -> City_47
1330,738.2084927051634,734.736452216414,City_2 -> City_44 -> City_5 -> City_38 -> City_26 -> City_18 -> City_27 -> City_28 -> City_1 -> City_35 -> City_17 -> City_6 -> City_22 -> City_13 -> City_32 -> City_7 -> City_36 -> City_39 -> City_15 -> City_11 -> City_16 -> City_25 -> City_42 -> City_19 -> City_8 -> City_3 -> City_50 -> City_29 -> City_30 -> City_21 -> City_14 -> City_9 -> City_24 -> City_10 -> City_40 -> City_31 -> City_43 -> City_12 -> City_33 -> City_46 -> City_37 -> City_4 -> City_34 -> City_23 -> City_49 -> City_20 -> City_48 -> City_45 -> City_41 -> City_47
1335,742.1314473098694,734.736452216414,City_2 -> City_44 -> City_5 -> City_38 -> City_26 -> City_18 -> City_27 -> City_28 -> City_1 -> City_17 -> City_22 -> City_6 -> City_35 -> City_13 -> City_32 -> City_7 -> City_36 -> City_39 -> City_15 -> City_11 -> City_16 -> City_25 -> City_42 -> City_19 -> City_8 -> City_3 -> City_50 -> City_29 -> City_30 -> City_21 -> City_14 -> City_33 -> City_24 -> City_10 -> City_40 -> City_31 -> City_43 -> City_12 -> City_9 -> City_46 -> City_37 -> City_4 -> City_34 -> City_23 -> City_49 -> City_20 -> City_48 -> City_45 -> City_41 -> City_47
1340,734.9966666019245,734.736452216414,City_2 -> City_44 -> City_5 -> City_38 -> City_26 -> City_18 -> City_27 -> City_28 -> City_1 -> City_35 -> City_6 -> City_22 -> City_17 -> City_13 -> City_32 -> City_7 -> City_36 -> City_39 -> City_15 -> City_11 -> City_16 -> City_25 -> City_42 -> City_19 -> City_8 -> City_3 -> City_50 -> City_29 -> City_30 -> City_21 -> City_33 -> City_9 -> City_24 -> City_10 -> City_31 -> City_40 -> City_43 -> City_12 -> City_14 -> City_46 -> City_37 -> City_4 -> City_34 -> City_23 -> City_49 -> City_20 -> City_48 -> City_45 -> City_41 -> City_47
1345,743.6335615075126,734.736452216414,City_2 -> City_44 -> City_5 -> City_38 -> City_26 -> City_18 -> City_27 -> City_28 -> City_1 -> City_35 -> City_6 -> City_17 -> City_22 -> City_13 -> City_32 -> City_7 -> City_36 -> City_39 -> City_15 -> City_11 -> City_16 -> City_25 -> City_42 -> City_19 -> City_3 -> City_8 -> City_29 -> City_50 -> City_30 -> City_14 -> City_33 -> City_24 -> City_9 -> City_10 -> City_31 -> City_40 -> City_43 -> City_12 -> City_21 -> City_46 -> City_37 -> City_4 -> City_34 -> City_23 -> City_49 -> City_20 -> City_48 -> City_45 -> City_41 -> City_47
1350,744.9022476675208,734.736452216414,City_2 -> City_44 -> City_5 -> City_38 -> City_26 -> City_18 -> City_27 -> City_28 -> City_1 -> City_35 -> City_6 -> City_17 -> City_22 -> City_13 -> City_32 -> City_7 -> City_36 -> City_39 -> City_16 -> City_11 -> City_15 -> City_40 -> City_42 -> City_19 -> City_3 -> City_8 -> City_29 -> City_50 -> City_30 -> City_14 -> City_33 -> City_24 -> City_9 -> City_10 -> City_25 -> City_31 -> City_43 -> City_12 -> City_21 -> City_46 -> City_37 -> City_4 -> City_34 -> City_23 -> City_49 -> City_20 -> City_48 -> City_45 -> City_41 -> City_47
1355,741.6662049343099,734.736452216414,City_2 -> City_44 -> City_5 -> City_38 -> City_26 -> City_18 -> City_27 -> City_28 -> City_1 -> City_35 -> City_17 -> City_6 -> City_22 -> City_13 -> City_32 -> City_7 -> City_36 -> City_39 -> City_11 -> City_16 -> City_15 -> City_40 -> City_42 -> City_19 -> City_3 -> City_8 -> City_50 -> City_29 -> City_30 -> City_21 -> City_33 -> City_9 -> City_24 -> City_10 -> City_25 -> City_31 -> City_43 -> City_12 -> City_14 -> City_46 -> City_37 -> City_4 -> City_34 -> City_23 -> City_49 -> City_20 -> City_48 -> City_45 -> City_41 -> City_47
1360,741.7104142672879,734.736452216414,City_2 -> City_44 -> City_5 -> City_38 -> City_26 -> City_18 -> City_27 -> City_28 -> City_1 -> City_35 -> City_22 -> City_6 -> City_17 -> City_13 -> City_32 -> City_7 -> City_36 -> City_39 -> City_11 -> City_16 -> City_15 -> City_40 -> City_42 -> City_19 -> City_8 -> City_3 -> City_50 -> City_29 -> City_30 -> City_21 -> City_14 -> City_9 -> City_24 -> City_10 -> City_25 -> City_31 -> City_43 -> City_12 -> City_33 -> City_46 -> City_37 -> City_4 -> City_34 -> City_23 -> City_49 -> City_20 -> City_48 -> City_45 -> City_41 -> City_47
1365,739.7930816404854,734.736452216414,City_2 -> City_44 -> City_5 -> City_38 -> City_26 -> City_18 -> City_27 -> City_28 -> City_1 -> City_35 -> City_6 -> City_17 -> City_22 -> City_13 -> City_32 -> City_7 -> City_36 -> City_39 -> City_15 -> City_11 -> City_16 -> City_40 -> City_42 -> City_19 -> City_8 -> City_3 -> City_50 -> City_29 -> City_30 -> City_21 -> City_14 -> City_9 -> City_24 -> City_25 -> City_10 -> City_31 -> City_43 -> City_12 -> City_33 -> City_46 -> City_37 -> City_4 -> City_34 -> City_23 -> City_49 -> City_20 -> City_48 -> City_45 -> City_41 -> City_47
1370,738.561723196271,734.736452216414,City_2 -> City_44 -> City_5 -> City_38 -> City_26 -> City_18 -> City_27 -> City_28 -> City_1 -> City_35 -> City_6 -> City_17 -> City_22 -> City_13 -> City_32 -> City_7 -> City_36 -> City_39 -> City_15 -> City_11 -> City_16 -> City_40 -> City_42 -> City_19 -> City_8 -> City_3 -> City_50 -> City_29 -> City_30 -> City_21 -> City_33 -> City_9 -> City_24 -> City_25 -> City_10 -> City_31 -> City_43 -> City_12 -> City_14 -> City_46 -> City_37 -> City_4 -> City_34 -> City_23 -> City_49 -> City_20 -> City_48 -> City_45 -> City_41 -> City_47
1375,736.7748485690954,734.736452216414,City_2 -> City_44 -> City_5 -> City_38 -> City_26 -> City_18 -> City_27 -> City_28 -> City_1 -> City_35 -> City_17 -> City_6 -> City_22 -> City_13 -> City_32 -> City_7 -> City_36 -> City_39 -> City_15 -> City_11 -> City_16 -> City_25 -> City_42 -> City_19 -> City_8 -> City_3 -> City_50 -> City_29 -> City_30 -> City_14 -> City_33 -> City_9 -> City_24 -> City_10 -> City_31 -> City_40 -> City_43 -> City_12 -> City_21 -> City_46 -> City_37 -> City_4 -> City_34 -> City_23 -> City_49 -> City_20 -> City_48 -> City_45 -> City_41 -> City_47
1380,743.7953239664074,734.736452216414,City_2 -> City_44 -> City_5 -> City_38 -> City_26 -> City_18 -> City_27 -> City_28 -> City_1 -> City_35 -> City_22 -> City_6 -> City_17 -> City_13 -> City_32 -> City_7 -> City_36 -> City_39 -> City_15 -> City_11 -> City_16 -> City_25 -> City_42 -> City_19 -> City_8 -> City_3 -> City_29 -> City_50 -> City_30 -> City_14 -> City_33 -> City_24 -> City_9 -> City_10 -> City_31 -> City_40 -> City_43 -> City_12 -> City_21 -> City_46 -> City_37 -> City_4 -> City_34 -> City_23 -> City_49 -> City_20 -> City_48 -> City_45 -> City_41 -> City_47
1385,742.6570242997321,734.736452216414,City_2 -> City_44 -> City_5 -> City_38 -> City_26 -> City_18 -> City_27 -> City_28 -> City_1 -> City_35 -> City_6 -> City_17 -> City_22 -> City_13 -> City_32 -> City_7 -> City_36 -> City_39 -> City_15 -> City_11 -> City_16 -> City_25 -> City_42 -> City_19 -> City_3 -> City_8 -> City_29 -> City_50 -> City_30 -> City_21 -> City_14 -> City_24 -> City_9 -> City_10 -> City_31 -> City_40 -> City_43 -> City_12 -> City_33 -> City_46 -> City_37 -> City_4 -> City_34 -> City_23 -> City_49 -> City_20 -> City_48 -> City_45 -> City_41 -> City_47
1390,744.614484105817,734.736452216414,City_2 -> City_44 -> City_5 -> City_38 -> City_26 -> City_18 -> City_27 -> City_28 -> City_1 -> City_35 -> City_6 -> City_17 -> City_22 -> City_13 -> City_32 -> City_7 -> City_36 -> City_39 -> City_16 -> City_11 -> City_15 -> City_40 -> City_42 -> City_19 -> City_3 -> City_8 -> City_29 -> City_50 -> City_30 -> City_21 -> City_14 -> City_33 -> City_24 -> City_10 -> City_25 -> City_31 -> City_43 -> City_12 -> City_9 -> City_46 -> City_37 -> City_4 -> City_34 -> City_23 -> City_49 -> City_20 -> City_48 -> City_45 -> City_41 -> City_47
1395,737.7601058347533,734.736452216414,City_2 -> City_44 -> City_5 -> City_38 -> City_26 -> City_18 -> City_27 -> City_28 -> City_1 -> City_35 -> City_6 -> City_17 -> City_22 -> City_13 -> City_32 -> City_7 -> City_36 -> City_39 -> City_11 -> City_16 -> City_15 -> City_40 -> City_42 -> City_19 -> City_8 -> City_3 -> City_50 -> City_29 -> City_30 -> City_21 -> City_33 -> City_9 -> City_24 -> City_10 -> City_25 -> City_31 -> City_43 -> City_12 -> City_14 -> City_46 -> City_37 -> City_4 -> City_34 -> City_23 -> City_49 -> City_20 -> City_48 -> City_45 -> City_41 -> City_47
1400,742.1239292420581,734.736452216414,City_2 -> City_44 -> City_5 -> City_38 -> City_26 -> City_18 -> City_27 -> City_28 -> City_1 -> City_35 -> City_22 -> City_6 -> City_17 -> City_13 -> City_32 -> City_7 -> City_36 -> City_39 -> City_11 -> City_16 -> City_15 -> City_40 -> City_42 -> City_19 -> City_8 -> City_3 -> City_50 -> City_29 -> City_30 -> City_21 -> City_33 -> City_24 -> City_9 -> City_10 -> City_25 -> City_31 -> City_43 -> City_12 -> City_14 -> City_46 -> City_37 -> City_4 -> City_34 -> City_23 -> City_49 -> City_20 -> City_48 -> City_45 -> City_41 -> City_47
1405,747.1368106455568,734.736452216414,City_2 -> City_44 -> City_5 -> City_38 -> City_26 -> City_18 -> City_27 -> City_28 -> City_1 -> City_35 -> City_22 -> City_6 -> City_17 -> City_13 -> City_32 -> City_7 -> City_36 -> City_39 -> City_15 -> City_11 -> City_16 -> City_40 -> City_42 -> City_19 -> City_8 -> City_3 -> City_29 -> City_50 -> City_30 -> City_14 -> City_33 -> City_24 -> City_9 -> City_25 -> City_10 -> City_31 -> City_43 -> City_12 -> City_21 -> City_46 -> City_37 -> City_4 -> City_34 -> City_23 -> City_49 -> City_20 -> City_48 -> City_45 -> City_41 -> City_47
1410,746.522575866665,734.736452216414,City_2 -> City_44 -> City_5 -> City_38 -> City_26 -> City_18 -> City_27 -> City_28 -> City_1 -> City_35 -> City_6 -> City_17 -> City_22 -> City_13 -> City_32 -> City_7 -> City_36 -> City_39 -> City_15 -> City_11 -> City_16 -> City_25 -> City_42 -> City_19 -> City_8 -> City_3 -> City_29 -> City_50 -> City_30 -> City_14 -> City_33 -> City_24 -> City_9 -> City_31 -> City_40 -> City_10 -> City_43 -> City_12 -> City_21 -> City_46 -> City_37 -> City_4 -> City_34 -> City_23 -> City_49 -> City_20 -> City_48 -> City_45 -> City_41 -> City_47
1415,743.1818190616846,734.736452216414,City_2 -> City_44 -> City_5 -> City_38 -> City_26 -> City_18 -> City_27 -> City_28 -> City_1 -> City_35 -> City_6 -> City_17 -> City_22 -> City_13 -> City_32 -> City_7 -> City_36 -> City_39 -> City_11 -> City_16 -> City_15 -> City_40 -> City_42 -> City_19 -> City_8 -> City_3 -> City_29 -> City_50 -> City_30 -> City_21 -> City_33 -> City_9 -> City_24 -> City_31 -> City_25 -> City_10 -> City_43 -> City_12 -> City_14 -> City_46 -> City_37 -> City_4 -> City_34 -> City_23 -> City_49 -> City_20 -> City_48 -> City_45 -> City_41 -> City_47
1420,739.9315749427388,734.736452216414,City_2 -> City_44 -> City_5 -> City_38 -> City_26 -> City_18 -> City_27 -> City_28 -> City_1 -> City_17 -> City_35 -> City_6 -> City_22 -> City_13 -> City_32 -> City_7 -> City_36 -> City_39 -> City_11 -> City_16 -> City_15 -> City_40 -> City_42 -> City_19 -> City_8 -> City_3 -> City_50 -> City_29 -> City_30 -> City_21 -> City_14 -> City_9 -> City_24 -> City_10 -> City_25 -> City_31 -> City_43 -> City_12 -> City_33 -> City_46 -> City_37 -> City_4 -> City_34 -> City_23 -> City_49 -> City_20 -> City_48 -> City_45 -> City_41 -> City_47
1425,741.1594514253427,734.736452216414,City_2 -> City_44 -> City_5 -> City_38 -> City_26 -> City_18 -> City_27 -> City_28 -> City_1 -> City_17 -> City_22 -> City_6 -> City_35 -> City_13 -> City_32 -> City_7 -> City_36 -> City_39 -> City_16 -> City_11 -> City_15 -> City_40 -> City_42 -> City_19 -> City_8 -> City_3 -> City_50 -> City_29 -> City_30 -> City_21 -> City_14 -> City_33 -> City_24 -> City_10 -> City_25 -> City_31 -> City_43 -> City_12 -> City_9 -> City_46 -> City_37 -> City_4 -> City_34 -> City_23 -> City_49 -> City_20 -> City_48 -> City_45 -> City_41 -> City_47
1430,736.4952590553719,734.736452216414,City_2 -> City_44 -> City_5 -> City_38 -> City_26 -> City_18 -> City_27 -> City_28 -> City_1 -> City_17 -> City_22 -> City_6 -> City_35 -> City_13 -> City_32 -> City_7 -> City_36 -> City_39 -> City_15 -> City_11 -> City_16 -> City_25 -> City_42 -> City_19 -> City_8 -> City_3 -> City_50 -> City_29 -> City_30 -> City_21 -> City_33 -> City_9 -> City_24 -> City_10 -> City_31 -> City_40 -> City_43 -> City_12 -> City_14 -> City_46 -> City_37 -> City_4 -> City_34 -> City_23 -> City_49 -> City_20 -> City_48 -> City_45 -> City_41 -> City_47
1435,736.6415400209092,734.736452216414,City_2 -> City_44 -> City_5 -> City_38 -> City_26 -> City_18 -> City_27 -> City_28 -> City_1 -> City_35 -> City_6 -> City_22 -> City_17 -> City_13 -> City_32 -> City_7 -> City_36 -> City_39 -> City_15 -> City_11 -> City_16 -> City_25 -> City_42 -> City_19 -> City_8 -> City_3 -> City_50 -> City_29 -> City_30 -> City_21 -> City_33 -> City_24 -> City_9 -> City_10 -> City_31 -> City_40 -> City_43 -> City_12 -> City_14 -> City_46 -> City_37 -> City_4 -> City_34 -> City_23 -> City_49 -> City_20 -> City_48 -> City_45 -> City_41 -> City_47
1440,744.8216056449771,734.736452216414,City_2 -> City_44 -> City_5 -> City_38 -> City_26 -> City_18 -> City_27 -> City_28 -> City_1 -> City_35 -> City_6 -> City_22 -> City_17 -> City_13 -> City_32 -> City_7 -> City_36 -> City_39 -> City_15 -> City_11 -> City_16 -> City_40 -> City_42 -> City_19 -> City_3 -> City_8 -> City_29 -> City_50 -> City_30 -> City_14 -> City_33 -> City_24 -> City_9 -> City_10 -> City_25 -> City_31 -> City_43 -> City_12 -> City_21 -> City_46 -> City_37 -> City_4 -> City_34 -> City_23 -> City_49 -> City_20 -> City_48 -> City_45 -> City_41 -> City_47
1445,750.9469322346562,734.736452216414,City_2 -> City_44 -> City_5 -> City_38 -> City_26 -> City_18 -> City_27 -> City_28 -> City_1 -> City_35 -> City_6 -> City_17 -> City_22 -> City_13 -> City_32 -> City_7 -> City_36 -> City_39 -> City_11 -> City_16 -> City_15 -> City_40 -> City_42 -> City_19 -> City_3 -> City_8 -> City_29 -> City_50 -> City_30 -> City_14 -> City_33 -> City_24 -> City_9 -> City_31 -> City_10 -> City_25 -> City_43 -> City_12 -> City_21 -> City_46 -> City_37 -> City_4 -> City_34 -> City_23 -> City_49 -> City_20 -> City_48 -> City_45 -> City_41 -> City_47
1450,742.1410735183586,734.736452216414,City_2 -> City_44 -> City_5 -> City_38 -> City_26 -> City_18 -> City_27 -> City_28 -> City_1 -> City_35 -> City_17 -> City_6 -> City_22 -> City_13 -> City_32 -> City_7 -> City_36 -> City_39 -> City_11 -> City_16 -> City_15 -> City_40 -> City_42 -> City_19 -> City_8 -> City_3 -> City_50 -> City_29 -> City_30 -> City_21 -> City_33 -> City_9 -> City_24 -> City_31 -> City_10 -> City_25 -> City_43 -> City_12 -> City_14 -> City_46 -> City_37 -> City_4 -> City_34 -> City_23 -> City_49 -> City_20 -> City_48 -> City_45 -> City_41 -> City_47
1455,737.4273495945021,734.736452216414,City_2 -> City_44 -> City_5 -> City_38 -> City_26 -> City_18 -> City_27 -> City_28 -> City_1 -> City_35 -> City_17 -> City_6 -> City_22 -> City_13 -> City_32 -> City_7 -> City_36 -> City_39 -> City_15 -> City_11 -> City_16 -> City_40 -> City_42 -> City_19 -> City_8 -> City_3 -> City_50 -> City_29 -> City_30 -> City_21 -> City_14 -> City_9 -> City_24 -> City_10 -> City_25 -> City_31 -> City_43 -> City_12 -> City_33 -> City_46 -> City_37 -> City_4 -> City_34 -> City_23 -> City_49 -> City_20 -> City_48 -> City_45 -> City_41 -> City_47
1460,742.4862282216404,734.736452216414,City_2 -> City_44 -> City_5 -> City_38 -> City_26 -> City_18 -> City_27 -> City_28 -> City_1 -> City_17 -> City_22 -> City_6 -> City_35 -> City_13 -> City_32 -> City_7 -> City_36 -> City_39 -> City_15 -> City_11 -> City_16 -> City_25 -> City_42 -> City_19 -> City_8 -> City_3 -> City_50 -> City_29 -> City_30 -> City_21 -> City_14 -> City_33 -> City_9 -> City_10 -> City_40 -> City_31 -> City_43 -> City_12 -> City_24 -> City_46 -> City_37 -> City_4 -> City_34 -> City_23 -> City_49 -> City_20 -> City_48 -> City_45 -> City_41 -> City_47
1465,737.9871113866537,734.736452216414,City_2 -> City_44 -> City_5 -> City_38 -> City_26 -> City_18 -> City_27 -> City_28 -> City_1 -> City_35 -> City_22 -> City_6 -> City_17 -> City_13 -> City_32 -> City_7 -> City_36 -> City_39 -> City_15 -> City_11 -> City_16 -> City_25 -> City_42 -> City_19 -> City_8 -> City_3 -> City_50 -> City_29 -> City_30 -> City_21 -> City_33 -> City_9 -> City_24 -> City_10 -> City_31 -> City_40 -> City_43 -> City_12 -> City_14 -> City_46 -> City_37 -> City_4 -> City_34 -> City_23 -> City_49 -> City_20 -> City_48 -> City_45 -> City_41 -> City_47
1470,741.0763739780872,734.736452216414,City_2 -> City_44 -> City_5 -> City_38 -> City_26 -> City_18 -> City_27 -> City_28 -> City_1 -> City_35 -> City_6 -> City_17 -> City_22 -> City_13 -> City_32 -> City_7 -> City_36 -> City_39 -> City_15 -> City_11 -> City_16 -> City_25 -> City_42 -> City_19 -> City_8 -> City_3 -> City_29 -> City_50 -> City_30 -> City_14 -> City_33 -> City_24 -> City_9 -> City_10 -> City_31 -> City_40 -> City_43 -> City_12 -> City_21 -> City_46 -> City_37 -> City_4 -> City_34 -> City_23 -> City_49 -> City_20 -> City_48 -> City_45 -> City_41 -> City_47
1475,745.0931004413861,734.736452216414,City_2 -> City_44 -> City_5 -> City_38 -> City_26 -> City_18 -> City_27 -> City_28 -> City_1 -> City_35 -> City_6 -> City_17 -> City_22 -> City_13 -> City_32 -> City_7 -> City_36 -> City_39 -> City_15 -> City_11 -> City_16 -> City_40 -> City_42 -> City_19 -> City_3 -> City_8 -> City_29 -> City_50 -> City_30 -> City_14 -> City_33 -> City_24 -> City_9 -> City_10 -> City_25 -> City_31 -> City_43 -> City_12 -> City_21 -> City_46 -> City_37 -> City_4 -> City_34 -> City_23 -> City_49 -> City_20 -> City_48 -> City_45 -> City_41 -> City_47
1480,743.3110783532946,734.736452216414,City_2 -> City_44 -> City_5 -> City_38 -> City_26 -> City_18 -> City_27 -> City_28 -> City_1 -> City_35 -> City_17 -> City_6 -> City_22 -> City_13 -> City_32 -> City_7 -> City_36 -> City_39 -> City_11 -> City_16 -> City_15 -> City_40 -> City_42 -> City_19 -> City_3 -> City_8 -> City_50 -> City_29 -> City_30 -> City_21 -> City_33 -> City_24 -> City_9 -> City_10 -> City_25 -> City_31 -> City_43 -> City_12 -> City_14 -> City_46 -> City_37 -> City_4 -> City_34 -> City_23 -> City_49 -> City_20 -> City_48 -> City_45 -> City_41 -> City_47
1485,740.218561936006,734.736452216414,City_2 -> City_44 -> City_5 -> City_38 -> City_26 -> City_18 -> City_27 -> City_28 -> City_1 -> City_17 -> City_22 -> City_6 -> City_35 -> City_13 -> City_32 -> City_7 -> City_36 -> City_39 -> City_11 -> City_16 -> City_15 -> City_40 -> City_42 -> City_19 -> City_8 -> City_3 -> City_50 -> City_29 -> City_30 -> City_21 -> City_14 -> City_9 -> City_24 -> City_10 -> City_25 -> City_31 -> City_43 -> City_12 -> City_33 -> City_46 -> City_37 -> City_4 -> City_34 -> City_23 -> City_49 -> City_20 -> City_48 -> City_45 -> City_41 -> City_47
1490,739.5215868440764,734.736452216414,City_2 -> City_44 -> City_5 -> City_38 -> City_26 -> City_18 -> City_27 -> City_28 -> City_1 -> City_35 -> City_6 -> City_22 -> City_17 -> City_13 -> City_32 -> City_7 -> City_36 -> City_39 -> City_15 -> City_11 -> City_16 -> City_40 -> City_42 -> City_19 -> City_8 -> City_3 -> City_50 -> City_29 -> City_30 -> City_21 -> City_14 -> City_9 -> City_24 -> City_25 -> City_10 -> City_31 -> City_43 -> City_12 -> City_33 -> City_46 -> City_37 -> City_4 -> City_34 -> City_23 -> City_49 -> City_20 -> City_48 -> City_45 -> City_41 -> City_47
1495,743.3738405493159,734.736452216414,City_2 -> City_44 -> City_5 -> City_38 -> City_26 -> City_18 -> City_27 -> City_28 -> City_1 -> City_35 -> City_6 -> City_17 -> City_22 -> City_13 -> City_32 -> City_7 -> City_36 -> City_39 -> City_15 -> City_11 -> City_16 -> City_40 -> City_42 -> City_19 -> City_8 -> City_3 -> City_50 -> City_29 -> City_30 -> City_21 -> City_9 -> City_33 -> City_24 -> City_25 -> City_10 -> City_31 -> City_43 -> City_12 -> City_14 -> City_46 -> City_37 -> City_4 -> City_34 -> City_23 -> City_49 -> City_20 -> City_48 -> City_45 -> City_41 -> City_47
1500,739.0155306136304,734.736452216414,City_2 -> City_44 -> City_5 -> City_38 -> City_26 -> City_18 -> City_27 -> City_28 -> City_1 -> City_35 -> City_17 -> City_6 -> City_22 -> City_13 -> City_32 -> City_7 -> City_36 -> City_39 -> City_15 -> City_11 -> City_16 -> City_25 -> City_42 -> City_19 -> City_8 -> City_3 -> City_50 -> City_29 -> City_30 -> City_14 -> City_33 -> City_9 -> City_24 -> City_10 -> City_40 -> City_31 -> City_43 -> City_12 -> City_21 -> City_46 -> City_37 -> City_4 -> City_34 -> City_23 -> City_49 -> City_20 -> City_48 -> City_45 -> City_41 -> City_47
1505,741.67038115832,734.736452216414,City_2 -> City_44 -> City_5 -> City_38 -> City_26 -> City_18 -> City_27 -> City_28 -> City_1 -> City_35 -> City_22 -> City_6 -> City_17 -> City_13 -> City_32 -> City_7 -> City_36 -> City_39 -> City_15 -> City_11 -> City_16 -> City_25 -> City_42 -> City_19 -> City_8 -> City_3 -> City_50 -> City_29 -> City_30 -> City_14 -> City_33 -> City_24 -> City_9 -> City_10 -> City_31 -> City_40 -> City_43 -> City_12 -> City_21 -> City_46 -> City_37 -> City_4 -> City_34 -> City_23 -> City_49 -> City_20 -> City_48 -> City_45 -> City_41 -> City_47
1510,742.3855295033231,734.736452216414,City_2 -> City_44 -> City_5 -> City_38 -> City_26 -> City_18 -> City_27 -> City_28 -> City_1 -> City_35 -> City_6 -> City_22 -> City_17 -> City_13 -> City_32 -> City_7 -> City_36 -> City_39 -> City_15 -> City_11 -> City_16 -> City_25 -> City_42 -> City_19 -> City_3 -> City_8 -> City_29 -> City_50 -> City_30 -> City_21 -> City_14 -> City_24 -> City_9 -> City_10 -> City_31 -> City_40 -> City_43 -> City_12 -> City_33 -> City_46 -> City_37 -> City_4 -> City_34 -> City_23 -> City_49 -> City_20 -> City_48 -> City_45 -> City_41 -> City_47
1515,744.8053368796824,734.736452216414,City_2 -> City_44 -> City_5 -> City_38 -> City_26 -> City_18 -> City_27 -> City_28 -> City_1 -> City_35 -> City_6 -> City_17 -> City_22 -> City_13 -> City_32 -> City_7 -> City_36 -> City_39 -> City_15 -> City_11 -> City_16 -> City_40 -> City_42 -> City_19 -> City_3 -> City_8 -> City_29 -> City_50 -> City_30 -> City_21 -> City_14 -> City_33 -> City_24 -> City_10 -> City_25 -> City_31 -> City_43 -> City_12 -> City_9 -> City_46 -> City_37 -> City_4 -> City_34 -> City_23 -> City_49 -> City_20 -> City_48 -> City_45 -> City_41 -> City_47
1520,742.572223187798,734.736452216414,City_2 -> City_44 -> City_5 -> City_38 -> City_26 -> City_18 -> City_27 -> City_28 -> City_1 -> City_35 -> City_6 -> City_17 -> City_22 -> City_13 -> City_32 -> City_7 -> City_36 -> City_39 -> City_11 -> City_16 -> City_15 -> City_40 -> City_42 -> City_19 -> City_8 -> City_3 -> City_50 -> City_29 -> City_30 -> City_21 -> City_9 -> City_33 -> City_24 -> City_10 -> City_25 -> City_31 -> City_43 -> City_12 -> City_14 -> City_46 -> City_37 -> City_4 -> City_34 -> City_23 -> City_49 -> City_20 -> City_48 -> City_45 -> City_41 -> City_47
1525,740.4790558230734,734.736452216414,City_2 -> City_44 -> City_5 -> City_38 -> City_26 -> City_18 -> City_27 -> City_28 -> City_1 -> City_35 -> City_22 -> City_6 -> City_17 -> City_13 -> City_32 -> City_7 -> City_36 -> City_39 -> City_11 -> City_16 -> City_15 -> City_40 -> City_42 -> City_19 -> City_8 -> City_3 -> City_50 -> City_29 -> City_30 -> City_21 -> City_33 -> City_9 -> City_24 -> City_10 -> City_25 -> City_31 -> City_43 -> City_12 -> City_14 -> City_46 -> City_37 -> City_4 -> City_34 -> City_23 -> City_49 -> City_20 -> City_48 -> City_45 -> City_41 -> City_47
1530,745.0118678374694,734.736452216414,City_2 -> City_44 -> City_5 -> City_38 -> City_26 -> City_18 -> City_27 -> City_28 -> City_1 -> City_35 -> City_22 -> City_6 -> City_17 -> City_13 -> City_32 -> City_7 -> City_36 -> City_39 -> City_15 -> City_11 -> City_16 -> City_40 -> City_42 -> City_19 -> City_8 -> City_3 -> City_50 -> City_29 -> City_30 -> City_14 -> City_33 -> City_24 -> City_9 -> City_25 -> City_10 -> City_31 -> City_43 -> City_12 -> City_21 -> City_46 -> City_37 -> City_4 -> City_34 -> City_23 -> City_49 -> City_20 -> City_48 -> City_45 -> City_41 -> City_47
1535,744.3448827343367,734.736452216414,City_2 -> City_44 -> City_5 -> City_38 -> City_26 -> City_18 -> City_27 -> City_28 -> City_1 -> City_35 -> City_6 -> City_17 -> City_22 -> City_13 -> City_32 -> City_7 -> City_36 -> City_39 -> City_15 -> City_11 -> City_16 -> City_25 -> City_42 -> City_19 -> City_8 -> City_3 -> City_29 -> City_50 -> City_30 -> City_14 -> City_33 -> City_24 -> City_9 -> City_31 -> City_10 -> City_40 -> City_43 -> City_12 -> City_21 -> City_46 -> City_37 -> City_4 -> City_34 -> City_23 -> City_49 -> City_20 -> City_48 -> City_45 -> City_41 -> City_47
1540,745.220215414366,734.736452216414,City_2 -> City_44 -> City_5 -> City_38 -> City_26 -> City_18 -> City_27 -> City_28 -> City_1 -> City_35 -> City_6 -> City_17 -> City_22 -> City_13 -> City_32 -> City_7 -> City_36 -> City_39 -> City_11 -> City_16 -> City_15 -> City_40 -> City_42 -> City_19 -> City_8 -> City_3 -> City_29 -> City_50 -> City_30 -> City_14 -> City_33 -> City_9 -> City_24 -> City_31 -> City_25 -> City_10 -> City_43 -> City_12 -> City_21 -> City_46 -> City_37 -> City_4 -> City_34 -> City_23 -> City_49 -> City_20 -> City_48 -> City_45 -> City_41 -> City_47
1545,738.4597550970482,734.736452216414,City_2 -> City_44 -> City_5 -> City_38 -> City_26 -> City_18 -> City_27 -> City_28 -> City_1 -> City_35 -> City_17 -> City_6 -> City_22 -> City_13 -> City_32 -> City_7 -> City_36 -> City_39 -> City_11 -> City_16 -> City_15 -> City_40 -> City_42 -> City_19 -> City_8 -> City_3 -> City_50 -> City_29 -> City_30 -> City_21 -> City_14 -> City_9 -> City_24 -> City_10 -> City_25 -> City_31 -> City_43 -> City_12 -> City_33 -> City_46 -> City_37 -> City_4 -> City_34 -> City_23 -> City_49 -> City_20 -> City_48 -> City_45 -> City_41 -> City_47
1550,742.3827097017542,734.736452216414,City_2 -> City_44 -> City_5 -> City_38 -> City_26 -> City_18 -> City_27 -> City_28 -> City_1 -> City_17 -> City_22 -> City_6 -> City_35 -> City_13 -> City_32 -> City_7 -> City_36 -> City_39 -> City_11 -> City_16 -> City_15 -> City_40 -> City_42 -> City_19 -> City_8 -> City_3 -> City_50 -> City_29 -> City_30 -> City_21 -> City_14 -> City_33 -> City_24 -> City_10 -> City_25 -> City_31 -> City_43 -> City_12 -> City_9 -> City_46 -> City_37 -> City_4 -> City_34 -> City_23 -> City_49 -> City_20 -> City_48 -> City_45 -> City_41 -> City_47
1555,741.3073764084168,734.736452216414,City_2 -> City_44 -> City_5 -> City_38 -> City_26 -> City_18 -> City_27 -> City_28 -> City_1 -> City_17 -> City_22 -> City_6 -> City_35 -> City_13 -> City_32 -> City_7 -> City_36 -> City_39 -> City_15 -> City_11 -> City_16 -> City_25 -> City_42 -> City_19 -> City_8 -> City_3 -> City_50 -> City_29 -> City_30 -> City_21 -> City_9 -> City_33 -> City_24 -> City_10 -> City_31 -> City_40 -> City_43 -> City_12 -> City_14 -> City_46 -> City_37 -> City_4 -> City_34 -> City_23 -> City_49 -> City_20 -> City_48 -> City_45 -> City_41 -> City_47
1560,734.9966666019245,734.736452216414,City_2 -> City_44 -> City_5 -> City_38 -> City_26 -> City_18 -> City_27 -> City_28 -> City_1 -> City_35 -> City_6 -> City_22 -> City_17 -> City_13 -> City_32 -> City_7 -> City_36 -> City_39 -> City_15 -> City_11 -> City_16 -> City_25 -> City_42 -> City_19 -> City_8 -> City_3 -> City_50 -> City_29 -> City_30 -> City_21 -> City_33 -> City_9 -> City_24 -> City_10 -> City_31 -> City_40 -> City_43 -> City_12 -> City_14 -> City_46 -> City_37 -> City_4 -> City_34 -> City_23 -> City_49 -> City_20 -> City_48 -> City_45 -> City_41 -> City_47
1565,745.6027487556386,734.736452216414,City_2 -> City_44 -> City_5 -> City_38 -> City_26 -> City_18 -> City_27 -> City_28 -> City_1 -> City_35 -> City_6 -> City_22 -> City_17 -> City_13 -> City_32 -> City_7 -> City_36 -> City_39 -> City_15 -> City_11 -> City_16 -> City_25 -> City_42 -> City_19 -> City_3 -> City_8 -> City_29 -> City_50 -> City_30 -> City_14 -> City_33 -> City_24 -> City_9 -> City_10 -> City_40 -> City_31 -> City_43 -> City_12 -> City_21 -> City_46 -> City_37 -> City_4 -> City_34 -> City_23 -> City_49 -> City_20 -> City_48 -> City_45 -> City_41 -> City_47
1570,750.6754374382472,734.736452216414,City_2 -> City_44 -> City_5 -> City_38 -> City_26 -> City_18 -> City_27 -> City_28 -> City_1 -> City_35 -> City_6 -> City_22 -> City_17 -> City_13 -> City_32 -> City_7 -> City_36 -> City_39 -> City_11 -> City_16 -> City_15 -> City_40 -> City_42 -> City_19 -> City_3 -> City_8 -> City_29 -> City_50 -> City_30 -> City_14 -> City_33 -> City_24 -> City_9 -> City_31 -> City_10 -> City_25 -> City_43 -> City_12 -> City_21 -> City_46 -> City_37 -> City_4 -> City_34 -> City_23 -> City_49 -> City_20 -> City_48 -> City_45 -> City_41 -> City_47
1575,744.266016326446,734.736452216414,City_2 -> City_44 -> City_5 -> City_38 -> City_26 -> City_18 -> City_27 -> City_28 -> City_1 -> City_35 -> City_17 -> City_6 -> City_22 -> City_13 -> City_32 -> City_7 -> City_36 -> City_39 -> City_11 -> City_16 -> City_15 -> City_40 -> City_42 -> City_19 -> City_8 -> City_3 -> City_29 -> City_50 -> City_30 -> City_21 -> City_33 -> City_9 -> City_24 -> City_31 -> City_10 -> City_25 -> City_43 -> City_12 -> City_14 -> City_46 -> City_37 -> City_4 -> City_34 -> City_23 -> City_49 -> City_20 -> City_48 -> City_45 -> City_41 -> City_47
1580,740.7241200133459,734.736452216414,City_2 -> City_44 -> City_5 -> City_38 -> City_26 -> City_18 -> City_27 -> City_28 -> City_1 -> City_35 -> City_17 -> City_6 -> City_22 -> City_13 -> City_32 -> City_7 -> City_36 -> City_39 -> City_15 -> City_11 -> City_16 -> City_40 -> City_42 -> City_19 -> City_8 -> City_3 -> City_50 -> City_29 -> City_30 -> City_21 -> City_14 -> City_9 -> City_24 -> City_31 -> City_25 -> City_10 -> City_43 -> City_12 -> City_33 -> City_46 -> City_37 -> City_4 -> City_34 -> City_23 -> City_49 -> City_20 -> City_48 -> City_45 -> City_41 -> City_47
1585,741.4426736637927,734.736452216414,City_2 -> City_44 -> City_5 -> City_38 -> City_26 -> City_18 -> City_27 -> City_28 -> City_1 -> City_17 -> City_22 -> City_6 -> City_35 -> City_13 -> City_32 -> City_7 -> City_36 -> City_39 -> City_15 -> City_11 -> City_16 -> City_25 -> City_42 -> City_19 -> City_8 -> City_3 -> City_50 -> City_29 -> City_30 -> City_21 -> City_14 -> City_24 -> City_9 -> City_10 -> City_40 -> City_31 -> City_43 -> City_12 -> City_33 -> City_46 -> City_37 -> City_4 -> City_34 -> City_23 -> City_49 -> City_20 -> City_48 -> City_45 -> City_41 -> City_47
1590,736.4952590553719,734.736452216414,City_2 -> City_44 -> City_5 -> City_38 -> City_26 -> City_18 -> City_27 -> City_28 -> City_1 -> City_17 -> City_22 -> City_6 -> City_35 -> City_13 -> City_32 -> City_7 -> City_36 -> City_39 -> City_15 -> City_11 -> City_16 -> City_25 -> City_42 -> City_19 -> City_8 -> City_3 -> City_50 -> City_29 -> City_30 -> City_21 -> City_33 -> City_9 -> City_24 -> City_10 -> City_31 -> City_40 -> City_43 -> City_12 -> City_14 -> City_46 -> City_37 -> City_4 -> City_34 -> City_23 -> City_49 -> City_20 -> City_48 -> City_45 -> City_41 -> City_47
1595,739.4315005591025,734.736452216414,City_2 -> City_44 -> City_5 -> City_38 -> City_26 -> City_18 -> City_27 -> City_28 -> City_1 -> City_35 -> City_6 -> City_17 -> City_22 -> City_13 -> City_32 -> City_7 -> City_36 -> City_39 -> City_15 -> City_11 -> City_16 -> City_25 -> City_42 -> City_19 -> City_8 -> City_3 -> City_29 -> City_50 -> City_30 -> City_14 -> City_33 -> City_9 -> City_24 -> City_10 -> City_31 -> City_40 -> City_43 -> City_12 -> City_21 -> City_46 -> City_37 -> City_4 -> City_34 -> City_23 -> City_49 -> City_20 -> City_48 -> City_45 -> City_41 -> City_47
1600,745.8742435520476,734.736452216414,City_2 -> City_44 -> City_5 -> City_38 -> City_26 -> City_18 -> City_27 -> City_28 -> City_1 -> City_35 -> City_6 -> City_17 -> City_22 -> City_13 -> City_32 -> City_7 -> City_36 -> City_39 -> City_15 -> City_11 -> City_16 -> City_25 -> City_42 -> City_19 -> City_3 -> City_8 -> City_29 -> City_50 -> City_30 -> City_14 -> City_33 -> City_24 -> City_9 -> City_10 -> City_40 -> City_31 -> City_43 -> City_12 -> City_21 -> City_46 -> City_37 -> City_4 -> City_34 -> City_23 -> City_49 -> City_20 -> City_48 -> City_45 -> City_41 -> City_47
1605,743.5554004093312,734.736452216414,City_2 -> City_44 -> City_5 -> City_38 -> City_26 -> City_18 -> City_27 -> City_28 -> City_1 -> City_35 -> City_17 -> City_6 -> City_22 -> City_13 -> City_32 -> City_7 -> City_36 -> City_39 -> City_11 -> City_16 -> City_15 -> City_40 -> City_42 -> City_19 -> City_3 -> City_8 -> City_29 -> City_50 -> City_30 -> City_21 -> City_33 -> City_24 -> City_9 -> City_10 -> City_25 -> City_31 -> City_43 -> City_12 -> City_14 -> City_46 -> City_37 -> City_4 -> City_34 -> City_23 -> City_49 -> City_20 -> City_48 -> City_45 -> City_41 -> City_47
1610,739.9315749427388,734.736452216414,City_2 -> City_44 -> City_5 -> City_38 -> City_26 -> City_18 -> City_27 -> City_28 -> City_1 -> City_17 -> City_35 -> City_6 -> City_22 -> City_13 -> City_32 -> City_7 -> City_36 -> City_39 -> City_11 -> City_16 -> City_15 -> City_40 -> City_42 -> City_19 -> City_8 -> City_3 -> City_50 -> City_29 -> City_30 -> City_21 -> City_14 -> City_9 -> City_24 -> City_10 -> City_25 -> City_31 -> City_43 -> City_12 -> City_33 -> City_46 -> City_37 -> City_4 -> City_34 -> City_23 -> City_49 -> City_20 -> City_48 -> City_45 -> City_41 -> City_47
1615,739.3307340702111,734.736452216414,City_2 -> City_44 -> City_5 -> City_38 -> City_26 -> City_18 -> City_27 -> City_28 -> City_1 -> City_35 -> City_6 -> City_22 -> City_17 -> City_13 -> City_32 -> City_7 -> City_36 -> City_39 -> City_16 -> City_11 -> City_15 -> City_40 -> City_42 -> City_19 -> City_8 -> City_3 -> City_50 -> City_29 -> City_30 -> City_21 -> City_14 -> City_9 -> City_24 -> City_25 -> City_10 -> City_31 -> City_43 -> City_12 -> City_33 -> City_46 -> City_37 -> City_4 -> City_34 -> City_23 -> City_49 -> City_20 -> City_48 -> City_45 -> City_41 -> City_47
1620,741.9572294062335,734.736452216414,City_2 -> City_44 -> City_5 -> City_38 -> City_26 -> City_18 -> City_27 -> City_28 -> City_1 -> City_35 -> City_6 -> City_17 -> City_22 -> City_13 -> City_32 -> City_7 -> City_36 -> City_39 -> City_15 -> City_11 -> City_16 -> City_40 -> City_42 -> City_19 -> City_8 -> City_3 -> City_50 -> City_29 -> City_30 -> City_21 -> City_14 -> City_33 -> City_24 -> City_25 -> City_10 -> City_31 -> City_43 -> City_12 -> City_9 -> City_46 -> City_37 -> City_4 -> City_34 -> City_23 -> City_49 -> City_20 -> City_48 -> City_45 -> City_41 -> City_47
1625,738.2343875029691,734.736452216414,City_2 -> City_44 -> City_5 -> City_38 -> City_26 -> City_18 -> City_27 -> City_28 -> City_1 -> City_35 -> City_17 -> City_6 -> City_22 -> City_13 -> City_32 -> City_7 -> City_36 -> City_39 -> City_15 -> City_11 -> City_16 -> City_40 -> City_42 -> City_19 -> City_8 -> City_3 -> City_50 -> City_29 -> City_30 -> City_14 -> City_33 -> City_9 -> City_24 -> City_10 -> City_25 -> City_31 -> City_43 -> City_12 -> City_21 -> City_46 -> City_37 -> City_4 -> City_34 -> City_23 -> City_49 -> City_20 -> City_48 -> City_45 -> City_41 -> City_47
1630,740.0255077393352,734.736452216414,City_2 -> City_44 -> City_5 -> City_38 -> City_26 -> City_18 -> City_27 -> City_28 -> City_1 -> City_35 -> City_22 -> City_6 -> City_17 -> City_13 -> City_32 -> City_7 -> City_36 -> City_39 -> City_15 -> City_11 -> City_16 -> City_25 -> City_42 -> City_19 -> City_8 -> City_3 -> City_50 -> City_29 -> City_30 -> City_14 -> City_33 -> City_9 -> City_24 -> City_10 -> City_31 -> City_40 -> City_43 -> City_12 -> City_21 -> City_46 -> City_37 -> City_4 -> City_34 -> City_23 -> City_49 -> City_20 -> City_48 -> City_45 -> City_41 -> City_47
1635,745.3759742880524,734.736452216414,City_2 -> City_44 -> City_5 -> City_38 -> City_26 -> City_18 -> City_27 -> City_28 -> City_1 -> City_35 -> City_22 -> City_6 -> City_17 -> City_13 -> City_32 -> City_7 -> City_36 -> City_39 -> City_15 -> City_11 -> City_16 -> City_25 -> City_42 -> City_19 -> City_3 -> City_8 -> City_29 -> City_50 -> City_30 -> City_21 -> City_14 -> City_24 -> City_9 -> City_10 -> City_31 -> City_40 -> City_43 -> City_12 -> City_33 -> City_46 -> City_37 -> City_4 -> City_34 -> City_23 -> City_49 -> City_20 -> City_48 -> City_45 -> City_41 -> City_47
1640,745.5864799903438,734.736452216414,City_2 -> City_44 -> City_5 -> City_38 -> City_26 -> City_18 -> City_27 -> City_28 -> City_1 -> City_35 -> City_6 -> City_17 -> City_22 -> City_13 -> City_32 -> City_7 -> City_36 -> City_39 -> City_15 -> City_11 -> City_16 -> City_25 -> City_42 -> City_19 -> City_3 -> City_8 -> City_29 -> City_50 -> City_30 -> City_21 -> City_14 -> City_33 -> City_24 -> City_10 -> City_40 -> City_31 -> City_43 -> City_12 -> City_9 -> City_46 -> City_37 -> City_4 -> City_34 -> City_23 -> City_49 -> City_20 -> City_48 -> City_45 -> City_41 -> City_47
1645,741.1556120447158,734.736452216414,City_2 -> City_44 -> City_5 -> City_38 -> City_26 -> City_18 -> City_27 -> City_28 -> City_1 -> City_35 -> City_6 -> City_17 -> City_22 -> City_13 -> City_32 -> City_7 -> City_36 -> City_39 -> City_11 -> City_16 -> City_15 -> City_40 -> City_42 -> City_19 -> City_8 -> City_3 -> City_50 -> City_29 -> City_30 -> City_21 -> City_14 -> City_33 -> City_24 -> City_10 -> City_25 -> City_31 -> City_43 -> City_12 -> City_9 -> City_46 -> City_37 -> City_4 -> City_34 -> City_23 -> City_49 -> City_20 -> City_48 -> City_45 -> City_41 -> City_47
1650,738.9872034917917,734.736452216414,City_2 -> City_44 -> City_5 -> City_38 -> City_26 -> City_18 -> City_27 -> City_28 -> City_1 -> City_17 -> City_22 -> City_6 -> City_35 -> City_13 -> City_32 -> City_7 -> City_36 -> City_39 -> City_11 -> City_16 -> City_15 -> City_40 -> City_42 -> City_19 -> City_8 -> City_3 -> City_50 -> City_29 -> City_30 -> City_21 -> City_33 -> City_9 -> City_24 -> City_10 -> City_25 -> City_31 -> City_43 -> City_12 -> City_14 -> City_46 -> City_37 -> City_4 -> City_34 -> City_23 -> City_49 -> City_20 -> City_48 -> City_45 -> City_41 -> City_47
1655,742.973471484788,734.736452216414,City_2 -> City_44 -> City_5 -> City_38 -> City_26 -> City_18 -> City_27 -> City_28 -> City_1 -> City_35 -> City_22 -> City_6 -> City_17 -> City_13 -> City_32 -> City_7 -> City_36 -> City_39 -> City_15 -> City_11 -> City_16 -> City_40 -> City_42 -> City_19 -> City_8 -> City_3 -> City_50 -> City_29 -> City_30 -> City_21 -> City_33 -> City_24 -> City_9 -> City_25 -> City_10 -> City_31 -> City_43 -> City_12 -> City_14 -> City_46 -> City_37 -> City_4 -> City_34 -> City_23 -> City_49 -> City_20 -> City_48 -> City_45 -> City_41 -> City_47
1660,744.0733879379277,734.736452216414,City_2 -> City_44 -> City_5 -> City_38 -> City_26 -> City_18 -> City_27 -> City_28 -> City_1 -> City_35 -> City_6 -> City_22 -> City_17 -> City_13 -> City_32 -> City_7 -> City_36 -> City_39 -> City_15 -> City_11 -> City_16 -> City_25 -> City_42 -> City_19 -> City_8 -> City_3 -> City_29 -> City_50 -> City_30 -> City_14 -> City_33 -> City_24 -> City_9 -> City_31 -> City_10 -> City_40 -> City_43 -> City_12 -> City_21 -> City_46 -> City_37 -> City_4 -> City_34 -> City_23 -> City_49 -> City_20 -> City_48 -> City_45 -> City_41 -> City_47
1665,743.9969571379545,734.736452216414,City_2 -> City_44 -> City_5 -> City_38 -> City_26 -> City_18 -> City_27 -> City_28 -> City_1 -> City_35 -> City_6 -> City_17 -> City_22 -> City_13 -> City_32 -> City_7 -> City_36 -> City_39 -> City_16 -> City_11 -> City_15 -> City_40 -> City_42 -> City_19 -> City_8 -> City_3 -> City_29 -> City_50 -> City_30 -> City_14 -> City_33 -> City_9 -> City_24 -> City_31 -> City_25 -> City_10 -> City_43 -> City_12 -> City_21 -> City_46 -> City_37 -> City_4 -> City_34 -> City_23 -> City_49 -> City_20 -> City_48 -> City_45 -> City_41 -> City_47
1670,741.756525515892,734.736452216414,City_2 -> City_44 -> City_5 -> City_38 -> City_26 -> City_18 -> City_27 -> City_28 -> City_1 -> City_35 -> City_17 -> City_6 -> City_22 -> City_13 -> City_32 -> City_7 -> City_36 -> City_39 -> City_11 -> City_16 -> City_15 -> City_40 -> City_42 -> City_19 -> City_8 -> City_3 -> City_50 -> City_29 -> City_30 -> City_21 -> City_14 -> City_9 -> City_24 -> City_31 -> City_25 -> City_10 -> City_43 -> City_12 -> City_33 -> City_46 -> City_37 -> City_4 -> City_34 -> City_23 -> City_49 -> City_20 -> City_48 -> City_45 -> City_41 -> City_47
1675,742.7374906135252,734.736452216414,City_2 -> City_44 -> City_5 -> City_38 -> City_26 -> City_18 -> City_27 -> City_28 -> City_1 -> City_17 -> City_22 -> City_6 -> City_35 -> City_13 -> City_32 -> City_7 -> City_36 -> City_39 -> City_11 -> City_16 -> City_15 -> City_40 -> City_42 -> City_19 -> City_8 -> City_3 -> City_50 -> City_29 -> City_30 -> City_21 -> City_14 -> City_33 -> City_9 -> City_10 -> City_25 -> City_31 -> City_43 -> City_12 -> City_24 -> City_46 -> City_37 -> City_4 -> City_34 -> City_23 -> City_49 -> City_20 -> City_48 -> City_45 -> City_41 -> City_47
1680,739.8907652653344,734.736452216414,City_2 -> City_44 -> City_5 -> City_38 -> City_26 -> City_18 -> City_27 -> City_28 -> City_1 -> City_17 -> City_22 -> City_6 -> City_35 -> City_13 -> City_32 -> City_7 -> City_36 -> City_39 -> City_15 -> City_11 -> City_16 -> City_25 -> City_42 -> City_19 -> City_8 -> City_3 -> City_50 -> City_29 -> City_30 -> City_21 -> City_14 -> City_33 -> City_24 -> City_10 -> City_31 -> City_40 -> City_43 -> City_12 -> City_9 -> City_46 -> City_37 -> City_4 -> City_34 -> City_23 -> City_49 -> City_20 -> City_48 -> City_45 -> City_41 -> City_47
1685,735.2681613983335,734.736452216414,City_2 -> City_44 -> City_5 -> City_38 -> City_26 -> City_18 -> City_27 -> City_28 -> City_1 -> City_35 -> City_6 -> City_17 -> City_22 -> City_13 -> City_32 -> City_7 -> City_36 -> City_39 -> City_15 -> City_11 -> City_16 -> City_25 -> City_42 -> City_19 -> City_8 -> City_3 -> City_50 -> City_29 -> City_30 -> City_21 -> City_33 -> City_9 -> City_24 -> City_10 -> City_31 -> City_40 -> City_43 -> City_12 -> City_14 -> City_46 -> City_37 -> City_4 -> City_34 -> City_23 -> City_49 -> City_20 -> City_48 -> City_45 -> City_41 -> City_47
1690,743.3620667111036,734.736452216414,City_2 -> City_44 -> City_5 -> City_38 -> City_26 -> City_18 -> City_27 -> City_28 -> City_1 -> City_35 -> City_6 -> City_22 -> City_17 -> City_13 -> City_32 -> City_7 -> City_36 -> City_39 -> City_15 -> City_11 -> City_16 -> City_25 -> City_42 -> City_19 -> City_3 -> City_8 -> City_29 -> City_50 -> City_30 -> City_14 -> City_33 -> City_24 -> City_9 -> City_10 -> City_31 -> City_40 -> City_43 -> City_12 -> City_21 -> City_46 -> City_37 -> City_4 -> City_34 -> City_23 -> City_49 -> City_20 -> City_48 -> City_45 -> City_41 -> City_47
1695,747.7359588927991,734.736452216414,City_2 -> City_44 -> City_5 -> City_38 -> City_26 -> City_18 -> City_27 -> City_28 -> City_1 -> City_35 -> City_6 -> City_22 -> City_17 -> City_13 -> City_32 -> City_7 -> City_36 -> City_39 -> City_11 -> City_16 -> City_15 -> City_40 -> City_42 -> City_19 -> City_3 -> City_8 -> City_29 -> City_50 -> City_30 -> City_14 -> City_33 -> City_24 -> City_9 -> City_25 -> City_10 -> City_31 -> City_43 -> City_12 -> City_21 -> City_46 -> City_37 -> City_4 -> City_34 -> City_23 -> City_49 -> City_20 -> City_48 -> City_45 -> City_41 -> City_47
1700,746.8232038558714,734.736452216414,City_2 -> City_44 -> City_5 -> City_38 -> City_26 -> City_18 -> City_27 -> City_28 -> City_1 -> City_35 -> City_17 -> City_6 -> City_22 -> City_13 -> City_32 -> City_7 -> City_36 -> City_39 -> City_11 -> City_16 -> City_15 -> City_40 -> City_42 -> City_19 -> City_3 -> City_8 -> City_29 -> City_50 -> City_30 -> City_21 -> City_33 -> City_9 -> City_24 -> City_31 -> City_10 -> City_25 -> City_43 -> City_12 -> City_14 -> City_46 -> City_37 -> City_4 -> City_34 -> City_23 -> City_49 -> City_20 -> City_48 -> City_45 -> City_41 -> City_47
1705,740.5332672394806,734.736452216414,City_2 -> City_44 -> City_5 -> City_38 -> City_26 -> City_18 -> City_27 -> City_28 -> City_1 -> City_35 -> City_17 -> City_6 -> City_22 -> City_13 -> City_32 -> City_7 -> City_36 -> City_39 -> City_16 -> City_11 -> City_15 -> City_40 -> City_42 -> City_19 -> City_8 -> City_3 -> City_50 -> City_29 -> City_30 -> City_21 -> City_14 -> City_9 -> City_24 -> City_31 -> City_25 -> City_10 -> City_43 -> City_12 -> City_33 -> City_46 -> City_37 -> City_4 -> City_34 -> City_23 -> City_49 -> City_20 -> City_48 -> City_45 -> City_41 -> City_47
1710,739.9672995441214,734.736452216414,City_2 -> City_44 -> City_5 -> City_38 -> City_26 -> City_18 -> City_27 -> City_28 -> City_1 -> City_17 -> City_22 -> City_6 -> City_35 -> City_13 -> City_32 -> City_7 -> City_36 -> City_39 -> City_15 -> City_11 -> City_16 -> City_25 -> City_42 -> City_19 -> City_8 -> City_3 -> City_50 -> City_29 -> City_30 -> City_21 -> City_14 -> City_9 -> City_24 -> City_10 -> City_40 -> City_31 -> City_43 -> City_12 -> City_33 -> City_46 -> City_37 -> City_4 -> City_34 -> City_23 -> City_49 -> City_20 -> City_48 -> City_45 -> City_41 -> City_47
1715,741.3073764084168,734.736452216414,City_2 -> City_44 -> City_5 -> City_38 -> City_26 -> City_18 -> City_27 -> City_28 -> City_1 -> City_17 -> City_22 -> City_6 -> City_35 -> City_13 -> City_32 -> City_7 -> City_36 -> City_39 -> City_15 -> City_11 -> City_16 -> City_25 -> City_42 -> City_19 -> City_8 -> City_3 -> City_50 -> City_29 -> City_30 -> City_21 -> City_9 -> City_33 -> City_24 -> City_10 -> City_31 -> City_40 -> City_43 -> City_12 -> City_14 -> City_46 -> City_37 -> City_4 -> City_34 -> City_23 -> City_49 -> City_20 -> City_48 -> City_45 -> City_41 -> City_47
1720,737.3065577510149,734.736452216414,City_2 -> City_44 -> City_5 -> City_38 -> City_26 -> City_18 -> City_27 -> City_28 -> City_1 -> City_35 -> City_6 -> City_17 -> City_22 -> City_13 -> City_32 -> City_7 -> City_36 -> City_39 -> City_15 -> City_11 -> City_16 -> City_25 -> City_42 -> City_19 -> City_8 -> City_3 -> City_50 -> City_29 -> City_30 -> City_14 -> City_33 -> City_9 -> City_24 -> City_10 -> City_31 -> City_40 -> City_43 -> City_12 -> City_21 -> City_46 -> City_37 -> City_4 -> City_34 -> City_23 -> City_49 -> City_20 -> City_48 -> City_45 -> City_41 -> City_47
1725,749.0797633960905,734.736452216414,City_2 -> City_44 -> City_5 -> City_38 -> City_26 -> City_18 -> City_27 -> City_28 -> City_1 -> City_35 -> City_6 -> City_17 -> City_22 -> City_13 -> City_32 -> City_7 -> City_36 -> City_39 -> City_15 -> City_11 -> City_16 -> City_25 -> City_42 -> City_19 -> City_3 -> City_8 -> City_29 -> City_50 -> City_30 -> City_14 -> City_33 -> City_24 -> City_9 -> City_31 -> City_40 -> City_10 -> City_43 -> City_12 -> City_21 -> City_46 -> City_37 -> City_4 -> City_34 -> City_23 -> City_49 -> City_20 -> City_48 -> City_45 -> City_41 -> City_47
1730,745.5937967620126,734.736452216414,City_2 -> City_44 -> City_5 -> City_38 -> City_26 -> City_18 -> City_27 -> City_28 -> City_1 -> City_35 -> City_17 -> City_6 -> City_22 -> City_13 -> City_32 -> City_7 -> City_36 -> City_39 -> City_11 -> City_16 -> City_15 -> City_40 -> City_42 -> City_19 -> City_3 -> City_8 -> City_29 -> City_50 -> City_30 -> City_14 -> City_33 -> City_24 -> City_9 -> City_10 -> City_25 -> City_31 -> City_43 -> City_12 -> City_21 -> City_46 -> City_37 -> City_4 -> City_34 -> City_23 -> City_49 -> City_20 -> City_48 -> City_45 -> City_41 -> City_47
1735,738.4597550970482,734.736452216414,City_2 -> City_44 -> City_5 -> City_38 -> City_26 -> City_18 -> City_27 -> City_28 -> City_1 -> City_35 -> City_17 -> City_6 -> City_22 -> City_13 -> City_32 -> City_7 -> City_36 -> City_39 -> City_11 -> City_16 -> City_15 -> City_40 -> City_42 -> City_19 -> City_8 -> City_3 -> City_50 -> City_29 -> City_30 -> City_21 -> City_14 -> City_9 -> City_24 -> City_10 -> City_25 -> City_31 -> City_43 -> City_12 -> City_33 -> City_46 -> City_37 -> City_4 -> City_34 -> City_23 -> City_49 -> City_20 -> City_48 -> City_45 -> City_41 -> City_47
1740,740.5539923466225,734.736452216414,City_2 -> City_44 -> City_5 -> City_38 -> City_26 -> City_18 -> City_27 -> City_28 -> City_1 -> City_35 -> City_6 -> City_22 -> City_17 -> City_13 -> City_32 -> City_7 -> City_36 -> City_39 -> City_11 -> City_16 -> City_15 -> City_40 -> City_42 -> City_19 -> City_8 -> City_3 -> City_50 -> City_29 -> City_30 -> City_21 -> City_14 -> City_9 -> City_24 -> City_25 -> City_10 -> City_31 -> City_43 -> City_12 -> City_33 -> City_46 -> City_37 -> City_4 -> City_34 -> City_23 -> City_49 -> City_20 -> City_48 -> City_45 -> City_41 -> City_47
1745,742.3599351992166,734.736452216414,City_2 -> City_44 -> City_5 -> City_38 -> City_26 -> City_18 -> City_27 -> City_28 -> City_1 -> City_35 -> City_6 -> City_17 -> City_22 -> City_13 -> City_32 -> City_7 -> City_36 -> City_39 -> City_15 -> City_11 -> City_16 -> City_40 -> City_42 -> City_19 -> City_8 -> City_3 -> City_50 -> City_29 -> City_30 -> City_21 -> City_14 -> City_33 -> City_9 -> City_25 -> City_10 -> City_31 -> City_43 -> City_12 -> City_24 -> City_46 -> City_37 -> City_4 -> City_34 -> City_23 -> City_49 -> City_20 -> City_48 -> City_45 -> City_41 -> City_47
1750,738.7660966848886,734.736452216414,City_2 -> City_44 -> City_5 -> City_38 -> City_26 -> City_18 -> City_27 -> City_28 -> City_1 -> City_35 -> City_6 -> City_17 -> City_22 -> City_13 -> City_32 -> City_7 -> City_36 -> City_39 -> City_15 -> City_11 -> City_16 -> City_40 -> City_42 -> City_19 -> City_8 -> City_3 -> City_50 -> City_29 -> City_30 -> City_14 -> City_33 -> City_9 -> City_24 -> City_10 -> City_25 -> City_31 -> City_43 -> City_12 -> City_21 -> City_46 -> City_37 -> City_4 -> City_34 -> City_23 -> City_49 -> City_20 -> City_48 -> City_45 -> City_41 -> City_47
1755,738.5336554080534,734.736452216414,City_2 -> City_44 -> City_5 -> City_38 -> City_26 -> City_18 -> City_27 -> City_28 -> City_1 -> City_17 -> City_22 -> City_6 -> City_35 -> City_13 -> City_32 -> City_7 -> City_36 -> City_39 -> City_15 -> City_11 -> City_16 -> City_25 -> City_42 -> City_19 -> City_8 -> City_3 -> City_50 -> City_29 -> City_30 -> City_14 -> City_33 -> City_9 -> City_24 -> City_10 -> City_31 -> City_40 -> City_43 -> City_12 -> City_21 -> City_46 -> City_37 -> City_4 -> City_34 -> City_23 -> City_49 -> City_20 -> City_48 -> City_45 -> City_41 -> City_47
1760,744.3141151431513,734.736452216414,City_2 -> City_44 -> City_5 -> City_38 -> City_26 -> City_18 -> City_27 -> City_28 -> City_1 -> City_35 -> City_22 -> City_6 -> City_17 -> City_13 -> City_32 -> City_7 -> City_36 -> City_39 -> City_15 -> City_11 -> City_16 -> City_25 -> City_42 -> City_19 -> City_3 -> City_8 -> City_29 -> City_50 -> City_30 -> City_21 -> City_33 -> City_24 -> City_9 -> City_10 -> City_31 -> City_40 -> City_43 -> City_12 -> City_14 -> City_46 -> City_37 -> City_4 -> City_34 -> City_23 -> City_49 -> City_20 -> City_48 -> City_45 -> City_41 -> City_47
1765,743.3457979458088,734.736452216414,City_2 -> City_44 -> City_5 -> City_38 -> City_26 -> City_18 -> City_27 -> City_28 -> City_1 -> City_35 -> City_6 -> City_17 -> City_22 -> City_13 -> City_32 -> City_7 -> City_36 -> City_39 -> City_15 -> City_11 -> City_16 -> City_25 -> City_42 -> City_19 -> City_3 -> City_8 -> City_29 -> City_50 -> City_30 -> City_21 -> City_14 -> City_33 -> City_24 -> City_10 -> City_31 -> City_40 -> City_43 -> City_12 -> City_9 -> City_46 -> City_37 -> City_4 -> City_34 -> City_23 -> City_49 -> City_20 -> City_48 -> City_45 -> City_41 -> City_47
1770,739.9323537683043,734.736452216414,City_2 -> City_44 -> City_5 -> City_38 -> City_26 -> City_18 -> City_27 -> City_28 -> City_1 -> City_35 -> City_6 -> City_17 -> City_22 -> City_13 -> City_32 -> City_7 -> City_36 -> City_39 -> City_16 -> City_11 -> City_15 -> City_40 -> City_42 -> City_19 -> City_8 -> City_3 -> City_50 -> City_29 -> City_30 -> City_21 -> City_14 -> City_33 -> City_24 -> City_10 -> City_25 -> City_31 -> City_43 -> City_12 -> City_9 -> City_46 -> City_37 -> City_4 -> City_34 -> City_23 -> City_49 -> City_20 -> City_48 -> City_45 -> City_41 -> City_47
1775,738.7002164985245,734.736452216414,City_2 -> City_44 -> City_5 -> City_38 -> City_26 -> City_18 -> City_27 -> City_28 -> City_1 -> City_17 -> City_35 -> City_6 -> City_22 -> City_13 -> City_32 -> City_7 -> City_36 -> City_39 -> City_11 -> City_16 -> City_15 -> City_40 -> City_42 -> City_19 -> City_8 -> City_3 -> City_50 -> City_29 -> City_30 -> City_21 -> City_33 -> City_9 -> City_24 -> City_10 -> City_25 -> City_31 -> City_43 -> City_12 -> City_14 -> City_46 -> City_37 -> City_4 -> City_34 -> City_23 -> City_49 -> City_20 -> City_48 -> City_45 -> City_41 -> City_47
1780,745.9156355454379,734.736452216414,City_2 -> City_44 -> City_5 -> City_38 -> City_26 -> City_18 -> City_27 -> City_28 -> City_1 -> City_35 -> City_22 -> City_6 -> City_17 -> City_13 -> City_32 -> City_7 -> City_36 -> City_39 -> City_15 -> City_16 -> City_11 -> City_40 -> City_42 -> City_19 -> City_8 -> City_3 -> City_50 -> City_29 -> City_30 -> City_21 -> City_33 -> City_24 -> City_9 -> City_25 -> City_10 -> City_31 -> City_43 -> City_12 -> City_14 -> City_46 -> City_37 -> City_4 -> City_34 -> City_23 -> City_49 -> City_20 -> City_48 -> City_45 -> City_41 -> City_47
1785,746.5987517861081,734.736452216414,City_2 -> City_44 -> City_5 -> City_38 -> City_26 -> City_18 -> City_27 -> City_28 -> City_1 -> City_35 -> City_6 -> City_22 -> City_17 -> City_13 -> City_32 -> City_7 -> City_36 -> City_39 -> City_15 -> City_11 -> City_16 -> City_25 -> City_42 -> City_19 -> City_8 -> City_3 -> City_29 -> City_50 -> City_30 -> City_14 -> City_33 -> City_24 -> City_9 -> City_40 -> City_10 -> City_31 -> City_43 -> City_12 -> City_21 -> City_46 -> City_37 -> City_4 -> City_34 -> City_23 -> City_49 -> City_20 -> City_48 -> City_45 -> City_41 -> City_47
1790,744.1878099118198,734.736452216414,City_2 -> City_44 -> City_5 -> City_38 -> City_26 -> City_18 -> City_27 -> City_28 -> City_1 -> City_35 -> City_6 -> City_17 -> City_22 -> City_13 -> City_32 -> City_7 -> City_36 -> City_39 -> City_15 -> City_11 -> City_16 -> City_40 -> City_42 -> City_19 -> City_8 -> City_3 -> City_29 -> City_50 -> City_30 -> City_14 -> City_33 -> City_9 -> City_24 -> City_31 -> City_25 -> City_10 -> City_43 -> City_12 -> City_21 -> City_46 -> City_37 -> City_4 -> City_34 -> City_23 -> City_49 -> City_20 -> City_48 -> City_45 -> City_41 -> City_47
1795,742.2882346978115,734.736452216414,City_2 -> City_44 -> City_5 -> City_38 -> City_26 -> City_18 -> City_27 -> City_28 -> City_1 -> City_35 -> City_6 -> City_17 -> City_22 -> City_13 -> City_32 -> City_7 -> City_36 -> City_39 -> City_11 -> City_16 -> City_15 -> City_40 -> City_42 -> City_19 -> City_8 -> City_3 -> City_50 -> City_29 -> City_30 -> City_21 -> City_14 -> City_9 -> City_24 -> City_31 -> City_25 -> City_10 -> City_43 -> City_12 -> City_33 -> City_46 -> City_37 -> City_4 -> City_34 -> City_23 -> City_49 -> City_20 -> City_48 -> City_45 -> City_41 -> City_47
1800,741.6939360556773,734.736452216414,City_2 -> City_44 -> City_5 -> City_38 -> City_26 -> City_18 -> City_27 -> City_28 -> City_1 -> City_17 -> City_22 -> City_6 -> City_35 -> City_13 -> City_32 -> City_7 -> City_36 -> City_39 -> City_11 -> City_16 -> City_15 -> City_40 -> City_42 -> City_19 -> City_8 -> City_3 -> City_50 -> City_29 -> City_30 -> City_21 -> City_14 -> City_24 -> City_9 -> City_10 -> City_25 -> City_31 -> City_43 -> City_12 -> City_33 -> City_46 -> City_37 -> City_4 -> City_34 -> City_23 -> City_49 -> City_20 -> City_48 -> City_45 -> City_41 -> City_47
1805,742.1314473098694,734.736452216414,City_2 -> City_44 -> City_5 -> City_38 -> City_26 -> City_18 -> City_27 -> City_28 -> City_1 -> City_17 -> City_22 -> City_6 -> City_35 -> City_13 -> City_32 -> City_7 -> City_36 -> City_39 -> City_15 -> City_11 -> City_16 -> City_25 -> City_42 -> City_19 -> City_8 -> City_3 -> City_50 -> City_29 -> City_30 -> City_21 -> City_14 -> City_33 -> City_24 -> City_10 -> City_40 -> City_31 -> City_43 -> City_12 -> City_9 -> City_46 -> City_37 -> City_4 -> City_34 -> City_23 -> City_49 -> City_20 -> City_48 -> City_45 -> City_41 -> City_47
1810,734.736452216414,734.736452216414,City_2 -> City_44 -> City_5 -> City_38 -> City_26 -> City_18 -> City_27 -> City_28 -> City_1 -> City_35 -> City_17 -> City_6 -> City_22 -> City_13 -> City_32 -> City_7 -> City_36 -> City_39 -> City_15 -> City_11 -> City_16 -> City_25 -> City_42 -> City_19 -> City_8 -> City_3 -> City_50 -> City_29 -> City_30 -> City_21 -> City_33 -> City_9 -> City_24 -> City_10 -> City_31 -> City_40 -> City_43 -> City_12 -> City_14 -> City_46 -> City_37 -> City_4 -> City_34 -> City_23 -> City_49 -> City_20 -> City_48 -> City_45 -> City_41 -> City_47
1815,740.8048791816782,734.736452216414,City_2 -> City_44 -> City_5 -> City_38 -> City_26 -> City_18 -> City_27 -> City_28 -> City_1 -> City_35 -> City_6 -> City_22 -> City_17 -> City_13 -> City_32 -> City_7 -> City_36 -> City_39 -> City_15 -> City_11 -> City_16 -> City_25 -> City_42 -> City_19 -> City_8 -> City_3 -> City_29 -> City_50 -> City_30 -> City_14 -> City_33 -> City_24 -> City_9 -> City_10 -> City_31 -> City_40 -> City_43 -> City_12 -> City_21 -> City_46 -> City_37 -> City_4 -> City_34 -> City_23 -> City_49 -> City_20 -> City_48 -> City_45 -> City_41 -> City_47
1820,745.8540111475232,734.736452216414,City_2 -> City_44 -> City_5 -> City_38 -> City_26 -> City_18 -> City_27 -> City_28 -> City_1 -> City_35 -> City_6 -> City_22 -> City_17 -> City_13 -> City_32 -> City_7 -> City_36 -> City_39 -> City_11 -> City_16 -> City_15 -> City_40 -> City_42 -> City_19 -> City_3 -> City_8 -> City_29 -> City_50 -> City_30 -> City_14 -> City_33 -> City_24 -> City_9 -> City_10 -> City_25 -> City_31 -> City_43 -> City_12 -> City_21 -> City_46 -> City_37 -> City_4 -> City_34 -> City_23 -> City_49 -> City_20 -> City_48 -> City_45 -> City_41 -> City_47
1825,747.3549130377909,734.736452216414,City_2 -> City_44 -> City_5 -> City_38 -> City_26 -> City_18 -> City_27 -> City_28 -> City_1 -> City_35 -> City_6 -> City_17 -> City_22 -> City_13 -> City_32 -> City_7 -> City_36 -> City_39 -> City_11 -> City_16 -> City_15 -> City_40 -> City_42 -> City_19 -> City_3 -> City_8 -> City_29 -> City_50 -> City_30 -> City_21 -> City_33 -> City_9 -> City_24 -> City_31 -> City_10 -> City_25 -> City_43 -> City_12 -> City_14 -> City_46 -> City_37 -> City_4 -> City_34 -> City_23 -> City_49 -> City_20 -> City_48 -> City_45 -> City_41 -> City_47
1830,741.756525515892,734.736452216414,City_2 -> City_44 -> City_5 -> City_38 -> City_26 -> City_18 -> City_27 -> City_28 -> City_1 -> City_35 -> City_17 -> City_6 -> City_22 -> City_13 -> City_32 -> City_7 -> City_36 -> City_39 -> City_11 -> City_16 -> City_15 -> City_40 -> City_42 -> City_19 -> City_8 -> City_3 -> City_50 -> City_29 -> City_30 -> City_21 -> City_14 -> City_9 -> City_24 -> City_31 -> City_25 -> City_10 -> City_43 -> City_12 -> City_33 -> City_46 -> City_37 -> City_4 -> City_34 -> City_23 -> City_49 -> City_20 -> City_48 -> City_45 -> City_41 -> City_47
1835,739.6803125508541,734.736452216414,City_2 -> City_44 -> City_5 -> City_38 -> City_26 -> City_18 -> City_27 -> City_28 -> City_1 -> City_17 -> City_35 -> City_6 -> City_22 -> City_13 -> City_32 -> City_7 -> City_36 -> City_39 -> City_15 -> City_11 -> City_16 -> City_25 -> City_42 -> City_19 -> City_8 -> City_3 -> City_50 -> City_29 -> City_30 -> City_21 -> City_14 -> City_9 -> City_24 -> City_10 -> City_40 -> City_31 -> City_43 -> City_12 -> City_33 -> City_46 -> City_37 -> City_4 -> City_34 -> City_23 -> City_49 -> City_20 -> City_48 -> City_45 -> City_41 -> City_47
1840,739.8907652653344,734.736452216414,City_2 -> City_44 -> City_5 -> City_38 -> City_26 -> City_18 -> City_27 -> City_28 -> City_1 -> City_17 -> City_22 -> City_6 -> City_35 -> City_13 -> City_32 -> City_7 -> City_36 -> City_39 -> City_15 -> City_11 -> City_16 -> City_25 -> City_42 -> City_19 -> City_8 -> City_3 -> City_50 -> City_29 -> City_30 -> City_21 -> City_14 -> City_33 -> City_24 -> City_10 -> City_31 -> City_40 -> City_43 -> City_12 -> City_9 -> City_46 -> City_37 -> City_4 -> City_34 -> City_23 -> City_49 -> City_20 -> City_48 -> City_45 -> City_41 -> City_47
1845,735.2681613983335,734.736452216414,City_2 -> City_44 -> City_5 -> City_38 -> City_26 -> City_18 -> City_27 -> City_28 -> City_1 -> City_35 -> City_6 -> City_17 -> City_22 -> City_13 -> City_32 -> City_7 -> City_36 -> City_39 -> City_15 -> City_11 -> City_16 -> City_25 -> City_42 -> City_19 -> City_8 -> City_3 -> City_50 -> City_29 -> City_30 -> City_21 -> City_33 -> City_9 -> City_24 -> City_10 -> City_31 -> City_40 -> City_43 -> City_12 -> City_14 -> City_46 -> City_37 -> City_4 -> City_34 -> City_23 -> City_49 -> City_20 -> City_48 -> City_45 -> City_41 -> City_47
1850,746.9020702637621,734.736452216414,City_2 -> City_44 -> City_5 -> City_38 -> City_26 -> City_18 -> City_27 -> City_28 -> City_1 -> City_35 -> City_6 -> City_17 -> City_22 -> City_13 -> City_32 -> City_7 -> City_36 -> City_39 -> City_15 -> City_11 -> City_16 -> City_25 -> City_42 -> City_19 -> City_3 -> City_8 -> City_29 -> City_50 -> City_30 -> City_14 -> City_33 -> City_24 -> City_9 -> City_31 -> City_10 -> City_40 -> City_43 -> City_12 -> City_21 -> City_46 -> City_37 -> City_4 -> City_34 -> City_23 -> City_49 -> City_20 -> City_48 -> City_45 -> City_41 -> City_47
1855,744.3705384856012,734.736452216414,City_2 -> City_44 -> City_5 -> City_38 -> City_26 -> City_18 -> City_27 -> City_28 -> City_1 -> City_35 -> City_17 -> City_6 -> City_22 -> City_13 -> City_32 -> City_7 -> City_36 -> City_39 -> City_16 -> City_11 -> City_15 -> City_40 -> City_42 -> City_19 -> City_3 -> City_8 -> City_29 -> City_50 -> City_30 -> City_14 -> City_33 -> City_24 -> City_9 -> City_10 -> City_25 -> City_31 -> City_43 -> City_12 -> City_21 -> City_46 -> City_37 -> City_4 -> City_34 -> City_23 -> City_49 -> City_20 -> City_48 -> City_45 -> City_41 -> City_47
1860,737.2283966528337,734.736452216414,City_2 -> City_44 -> City_5 -> City_38 -> City_26 -> City_18 -> City_27 -> City_28 -> City_1 -> City_35 -> City_17 -> City_6 -> City_22 -> City_13 -> City_32 -> City_7 -> City_36 -> City_39 -> City_11 -> City_16 -> City_15 -> City_40 -> City_42 -> City_19 -> City_8 -> City_3 -> City_50 -> City_29 -> City_30 -> City_21 -> City_33 -> City_9 -> City_24 -> City_10 -> City_25 -> City_31 -> City_43 -> City_12 -> City_14 -> City_46 -> City_37 -> City_4 -> City_34 -> City_23 -> City_49 -> City_20 -> City_48 -> City_45 -> City_41 -> City_47
1865,743.5444371313517,734.736452216414,City_2 -> City_44 -> City_5 -> City_38 -> City_26 -> City_18 -> City_27 -> City_28 -> City_1 -> City_35 -> City_22 -> City_6 -> City_17 -> City_13 -> City_32 -> City_7 -> City_36 -> City_39 -> City_11 -> City_16 -> City_15 -> City_40 -> City_42 -> City_19 -> City_8 -> City_3 -> City_50 -> City_29 -> City_30 -> City_21 -> City_14 -> City_9 -> City_24 -> City_25 -> City_10 -> City_31 -> City_43 -> City_12 -> City_33 -> City_46 -> City_37 -> City_4 -> City_34 -> City_23 -> City_49 -> City_20 -> City_48 -> City_45 -> City_41 -> City_47
1870,741.3163806413687,734.736452216414,City_2 -> City_44 -> City_5 -> City_38 -> City_26 -> City_18 -> City_27 -> City_28 -> City_1 -> City_35 -> City_6 -> City_17 -> City_22 -> City_13 -> City_32 -> City_7 -> City_36 -> City_39 -> City_15 -> City_11 -> City_16 -> City_40 -> City_42 -> City_19 -> City_8 -> City_3 -> City_50 -> City_29 -> City_30 -> City_21 -> City_14 -> City_24 -> City_9 -> City_25 -> City_10 -> City_31 -> City_43 -> City_12 -> City_33 -> City_46 -> City_37 -> City_4 -> City_34 -> City_23 -> City_49 -> City_20 -> City_48 -> City_45 -> City_41 -> City_47
1875,740.6001195489524,734.736452216414,City_2 -> City_44 -> City_5 -> City_38 -> City_26 -> City_18 -> City_27 -> City_28 -> City_1 -> City_35 -> City_6 -> City_17 -> City_22 -> City_13 -> City_32 -> City_7 -> City_36 -> City_39 -> City_15 -> City_11 -> City_16 -> City_40 -> City_42 -> City_19 -> City_8 -> City_3 -> City_50 -> City_29 -> City_30 -> City_14 -> City_33 -> City_9 -> City_24 -> City_25 -> City_10 -> City_31 -> City_43 -> City_12 -> City_21 -> City_46 -> City_37 -> City_4 -> City_34 -> City_23 -> City_49 -> City_20 -> City_48 -> City_45 -> City_41 -> City_47
1880,738.2466684147862,734.736452216414,City_2 -> City_44 -> City_5 -> City_38 -> City_26 -> City_18 -> City_27 -> City_28 -> City_1 -> City_17 -> City_35 -> City_6 -> City_22 -> City_13 -> City_32 -> City_7 -> City_36 -> City_39 -> City_15 -> City_11 -> City_16 -> City_25 -> City_42 -> City_19 -> City_8 -> City_3 -> City_50 -> City_29 -> City_30 -> City_14 -> City_33 -> City_9 -> City_24 -> City_10 -> City_31 -> City_40 -> City_43 -> City_12 -> City_21 -> City_46 -> City_37 -> City_4 -> City_34 -> City_23 -> City_49 -> City_20 -> City_48 -> City_45 -> City_41 -> City_47
1885,746.3525114958328,734.736452216414,City_2 -> City_44 -> City_5 -> City_38 -> City_26 -> City_18 -> City_27 -> City_28 -> City_1 -> City_35 -> City_22 -> City_6 -> City_17 -> City_13 -> City_32 -> City_7 -> City_36 -> City_39 -> City_15 -> City_11 -> City_16 -> City_25 -> City_42 -> City_19 -> City_3 -> City_8 -> City_29 -> City_50 -> City_30 -> City_14 -> City_33 -> City_24 -> City_9 -> City_10 -> City_31 -> City_40 -> City_43 -> City_12 -> City_21 -> City_46 -> City_37 -> City_4 -> City_34 -> City_23 -> City_49 -> City_20 -> City_48 -> City_45 -> City_41 -> City_47
1890,743.7005788575799,734.736452216414,City_2 -> City_44 -> City_5 -> City_38 -> City_26 -> City_18 -> City_27 -> City_28 -> City_1 -> City_35 -> City_6 -> City_17 -> City_22 -> City_13 -> City_32 -> City_7 -> City_36 -> City_39 -> City_15 -> City_11 -> City_16 -> City_25 -> City_42 -> City_19 -> City_3 -> City_8 -> City_29 -> City_50 -> City_30 -> City_21 -> City_14 -> City_33 -> City_9 -> City_10 -> City_31 -> City_40 -> City_43 -> City_12 -> City_24 -> City_46 -> City_37 -> City_4 -> City_34 -> City_23 -> City_49 -> City_20 -> City_48 -> City_45 -> City_41 -> City_47
1895,744.3701620497804,734.736452216414,City_2 -> City_44 -> City_5 -> City_38 -> City_26 -> City_18 -> City_27 -> City_28 -> City_1 -> City_35 -> City_6 -> City_17 -> City_22 -> City_13 -> City_32 -> City_7 -> City_36 -> City_39 -> City_16 -> City_11 -> City_15 -> City_40 -> City_42 -> City_19 -> City_3 -> City_8 -> City_50 -> City_29 -> City_30 -> City_21 -> City_14 -> City_33 -> City_24 -> City_10 -> City_25 -> City_31 -> City_43 -> City_12 -> City_9 -> City_46 -> City_37 -> City_4 -> City_34 -> City_23 -> City_49 -> City_20 -> City_48 -> City_45 -> City_41 -> City_47
1900,737.2283966528337,734.736452216414,City_2 -> City_44 -> City_5 -> City_38 -> City_26 -> City_18 -> City_27 -> City_28 -> City_1 -> City_35 -> City_17 -> City_6 -> City_22 -> City_13 -> City_32 -> City_7 -> City_36 -> City_39 -> City_11 -> City_16 -> City_15 -> City_40 -> City_42 -> City_19 -> City_8 -> City_3 -> City_50 -> City_29 -> City_30 -> City_21 -> City_33 -> City_9 -> City_24 -> City_10 -> City_25 -> City_31 -> City_43 -> City_12 -> City_14 -> City_46 -> City_37 -> City_4 -> City_34 -> City_23 -> City_49 -> City_20 -> City_48 -> City_45 -> City_41 -> City_47
1905,744.0058769873341,734.736452216414,City_2 -> City_44 -> City_5 -> City_38 -> City_26 -> City_18 -> City_27 -> City_28 -> City_1 -> City_35 -> City_22 -> City_6 -> City_17 -> City_13 -> City_32 -> City_7 -> City_36 -> City_39 -> City_11 -> City_16 -> City_15 -> City_40 -> City_42 -> City_19 -> City_8 -> City_3 -> City_50 -> City_29 -> City_30 -> City_21 -> City_33 -> City_24 -> City_9 -> City_25 -> City_10 -> City_31 -> City_43 -> City_12 -> City_14 -> City_46 -> City_37 -> City_4 -> City_34 -> City_23 -> City_49 -> City_20 -> City_48 -> City_45 -> City_41 -> City_47
1910,749.5891965708373,734.736452216414,City_2 -> City_44 -> City_5 -> City_38 -> City_26 -> City_18 -> City_27 -> City_28 -> City_1 -> City_35 -> City_22 -> City_6 -> City_17 -> City_13 -> City_32 -> City_7 -> City_36 -> City_39 -> City_15 -> City_11 -> City_16 -> City_25 -> City_42 -> City_19 -> City_8 -> City_3 -> City_29 -> City_50 -> City_30 -> City_14 -> City_33 -> City_24 -> City_9 -> City_40 -> City_10 -> City_31 -> City_43 -> City_12 -> City_21 -> City_46 -> City_37 -> City_4 -> City_34 -> City_23 -> City_49 -> City_20 -> City_48 -> City_45 -> City_41 -> City_47
1915,744.9689530224812,734.736452216414,City_2 -> City_44 -> City_5 -> City_38 -> City_26 -> City_18 -> City_27 -> City_28 -> City_1 -> City_35 -> City_6 -> City_17 -> City_22 -> City_13 -> City_32 -> City_7 -> City_36 -> City_39 -> City_15 -> City_11 -> City_16 -> City_25 -> City_42 -> City_19 -> City_8 -> City_3 -> City_29 -> City_50 -> City_30 -> City_14 -> City_33 -> City_9 -> City_24 -> City_31 -> City_40 -> City_10 -> City_43 -> City_12 -> City_21 -> City_46 -> City_37 -> City_4 -> City_34 -> City_23 -> City_49 -> City_20 -> City_48 -> City_45 -> City_41 -> City_47
1920,741.0568762535971,734.736452216414,City_2 -> City_44 -> City_5 -> City_38 -> City_26 -> City_18 -> City_27 -> City_28 -> City_1 -> City_35 -> City_6 -> City_17 -> City_22 -> City_13 -> City_32 -> City_7 -> City_36 -> City_39 -> City_11 -> City_16 -> City_15 -> City_40 -> City_42 -> City_19 -> City_8 -> City_3 -> City_50 -> City_29 -> City_30 -> City_21 -> City_33 -> City_9 -> City_24 -> City_31 -> City_25 -> City_10 -> City_43 -> City_12 -> City_14 -> City_46 -> City_37 -> City_4 -> City_34 -> City_23 -> City_49 -> City_20 -> City_48 -> City_45 -> City_41 -> City_47
1925,740.218561936006,734.736452216414,City_2 -> City_44 -> City_5 -> City_38 -> City_26 -> City_18 -> City_27 -> City_28 -> City_1 -> City_17 -> City_22 -> City_6 -> City_35 -> City_13 -> City_32 -> City_7 -> City_36 -> City_39 -> City_11 -> City_16 -> City_15 -> City_40 -> City_42 -> City_19 -> City_8 -> City_3 -> City_50 -> City_29 -> City_30 -> City_21 -> City_14 -> City_9 -> City_24 -> City_10 -> City_25 -> City_31 -> City_43 -> City_12 -> City_33 -> City_46 -> City_37 -> City_4 -> City_34 -> City_23 -> City_49 -> City_20 -> City_48 -> City_45 -> City_41 -> City_47
1930,741.350304199208,734.736452216414,City_2 -> City_44 -> City_5 -> City_38 -> City_26 -> City_18 -> City_27 -> City_28 -> City_1 -> City_17 -> City_22 -> City_6 -> City_35 -> City_13 -> City_32 -> City_7 -> City_36 -> City_39 -> City_15 -> City_11 -> City_16 -> City_40 -> City_42 -> City_19 -> City_8 -> City_3 -> City_50 -> City_29 -> City_30 -> City_21 -> City_14 -> City_33 -> City_24 -> City_10 -> City_25 -> City_31 -> City_43 -> City_12 -> City_9 -> City_46 -> City_37 -> City_4 -> City_34 -> City_23 -> City_49 -> City_20 -> City_48 -> City_45 -> City_41 -> City_47
1935,737.9871113866537,734.736452216414,City_2 -> City_44 -> City_5 -> City_38 -> City_26 -> City_18 -> City_27 -> City_28 -> City_1 -> City_35 -> City_22 -> City_6 -> City_17 -> City_13 -> City_32 -> City_7 -> City_36 -> City_39 -> City_15 -> City_11 -> City_16 -> City_25 -> City_42 -> City_19 -> City_8 -> City_3 -> City_50 -> City_29 -> City_30 -> City_21 -> City_33 -> City_9 -> City_24 -> City_10 -> City_31 -> City_40 -> City_43 -> City_12 -> City_14 -> City_46 -> City_37 -> City_4 -> City_34 -> City_23 -> City_49 -> City_20 -> City_48 -> City_45 -> City_41 -> City_47
1940,738.6799363735907,734.736452216414,City_2 -> City_44 -> City_5 -> City_38 -> City_26 -> City_18 -> City_27 -> City_28 -> City_1 -> City_35 -> City_6 -> City_22 -> City_17 -> City_13 -> City_32 -> City_7 -> City_36 -> City_39 -> City_15 -> City_11 -> City_16 -> City_25 -> City_42 -> City_19 -> City_8 -> City_3 -> City_50 -> City_29 -> City_30 -> City_14 -> City_33 -> City_24 -> City_9 -> City_10 -> City_31 -> City_40 -> City_43 -> City_12 -> City_21 -> City_46 -> City_37 -> City_4 -> City_34 -> City_23 -> City_49 -> City_20 -> City_48 -> City_45 -> City_41 -> City_47
1945,744.6307528711118,734.736452216414,City_2 -> City_44 -> City_5 -> City_38 -> City_26 -> City_18 -> City_27 -> City_28 -> City_1 -> City_35 -> City_6 -> City_22 -> City_17 -> City_13 -> City_32 -> City_7 -> City_36 -> City_39 -> City_16 -> City_11 -> City_15 -> City_40 -> City_42 -> City_19 -> City_3 -> City_8 -> City_29 -> City_50 -> City_30 -> City_14 -> City_33 -> City_24 -> City_9 -> City_10 -> City_25 -> City_31 -> City_43 -> City_12 -> City_21 -> City_46 -> City_37 -> City_4 -> City_34 -> City_23 -> City_49 -> City_20 -> City_48 -> City_45 -> City_41 -> City_47
1950,749.3933093904724,734.736452216414,City_2 -> City_44 -> City_5 -> City_38 -> City_26 -> City_18 -> City_27 -> City_28 -> City_1 -> City_35 -> City_6 -> City_17 -> City_22 -> City_13 -> City_32 -> City_7 -> City_36 -> City_39 -> City_11 -> City_16 -> City_15 -> City_40 -> City_42 -> City_19 -> City_3 -> City_8 -> City_29 -> City_50 -> City_30 -> City_14 -> City_33 -> City_9 -> City_24 -> City_31 -> City_10 -> City_25 -> City_43 -> City_12 -> City_21 -> City_46 -> City_37 -> City_4 -> City_34 -> City_23 -> City_49 -> City_20 -> City_48 -> City_45 -> City_41 -> City_47
1955,740.5251670716775,734.736452216414,City_2 -> City_44 -> City_5 -> City_38 -> City_26 -> City_18 -> City_27 -> City_28 -> City_1 -> City_35 -> City_17 -> City_6 -> City_22 -> City_13 -> City_32 -> City_7 -> City_36 -> City_39 -> City_11 -> City_16 -> City_15 -> City_40 -> City_42 -> City_19 -> City_8 -> City_3 -> City_50 -> City_29 -> City_30 -> City_21 -> City_33 -> City_9 -> City_24 -> City_31 -> City_25 -> City_10 -> City_43 -> City_12 -> City_14 -> City_46 -> City_37 -> City_4 -> City_34 -> City_23 -> City_49 -> City_20 -> City_48 -> City_45 -> City_41 -> City_47
1960,738.2084927051634,734.736452216414,City_2 -> City_44 -> City_5 -> City_38 -> City_26 -> City_18 -> City_27 -> City_28 -> City_1 -> City_35 -> City_17 -> City_6 -> City_22 -> City_13 -> City_32 -> City_7 -> City_36 -> City_39 -> City_15 -> City_11 -> City_16 -> City_25 -> City_42 -> City_19 -> City_8 -> City_3 -> City_50 -> City_29 -> City_30 -> City_21 -> City_14 -> City_9 -> City_24 -> City_10 -> City_40 -> City_31 -> City_43 -> City_12 -> City_33 -> City_46 -> City_37 -> City_4 -> City_34 -> City_23 -> City_49 -> City_20 -> City_48 -> City_45 -> City_41 -> City_47
1965,742.1314473098694,734.736452216414,City_2 -> City_44 -> City_5 -> City_38 -> City_26 -> City_18 -> City_27 -> City_28 -> City_1 -> City_17 -> City_22 -> City_6 -> City_35 -> City_13 -> City_32 -> City_7 -> City_36 -> City_39 -> City_15 -> City_11 -> City_16 -> City_25 -> City_42 -> City_19 -> City_8 -> City_3 -> City_50 -> City_29 -> City_30 -> City_21 -> City_14 -> City_33 -> City_24 -> City_10 -> City_40 -> City_31 -> City_43 -> City_12 -> City_9 -> City_46 -> City_37 -> City_4 -> City_34 -> City_23 -> City_49 -> City_20 -> City_48 -> City_45 -> City_41 -> City_47
1970,734.9966666019245,734.736452216414,City_2 -> City_44 -> City_5 -> City_38 -> City_26 -> City_18 -> City_27 -> City_28 -> City_1 -> City_35 -> City_6 -> City_22 -> City_17 -> City_13 -> City_32 -> City_7 -> City_36 -> City_39 -> City_15 -> City_11 -> City_16 -> City_25 -> City_42 -> City_19 -> City_8 -> City_3 -> City_50 -> City_29 -> City_30 -> City_21 -> City_33 -> City_9 -> City_24 -> City_10 -> City_31 -> City_40 -> City_43 -> City_12 -> City_14 -> City_46 -> City_37 -> City_4 -> City_34 -> City_23 -> City_49 -> City_20 -> City_48 -> City_45 -> City_41 -> City_47
1975,743.6335615075126,734.736452216414,City_2 -> City_44 -> City_5 -> City_38 -> City_26 -> City_18 -> City_27 -> City_28 -> City_1 -> City_35 -> City_6 -> City_17 -> City_22 -> City_13 -> City_32 -> City_7 -> City_36 -> City_39 -> City_15 -> City_11 -> City_16 -> City_25 -> City_42 -> City_19 -> City_3 -> City_8 -> City_29 -> City_50 -> City_30 -> City_14 -> City_33 -> City_24 -> City_9 -> City_10 -> City_31 -> City_40 -> City_43 -> City_12 -> City_21 -> City_46 -> City_37 -> City_4 -> City_34 -> City_23 -> City_49 -> City_20 -> City_48 -> City_45 -> City_41 -> City_47
1980,744.9022476675208,734.736452216414,City_2 -> City_44 -> City_5 -> City_38 -> City_26 -> City_18 -> City_27 -> City_28 -> City_1 -> City_35 -> City_6 -> City_17 -> City_22 -> City_13 -> City_32 -> City_7 -> City_36 -> City_39 -> City_16 -> City_11 -> City_15 -> City_40 -> City_42 -> City_19 -> City_3 -> City_8 -> City_29 -> City_50 -> City_30 -> City_14 -> City_33 -> City_24 -> City_9 -> City_10 -> City_25 -> City_31 -> City_43 -> City_12 -> City_21 -> City_46 -> City_37 -> City_4 -> City_34 -> City_23 -> City_49 -> City_20 -> City_48 -> City_45 -> City_41 -> City_47
1985,741.6662049343099,734.736452216414,City_2 -> City_44 -> City_5 -> City_38 -> City_26 -> City_18 -> City_27 -> City_28 -> City_1 -> City_35 -> City_17 -> City_6 -> City_22 -> City_13 -> City_32 -> City_7 -> City_36 -> City_39 -> City_11 -> City_16 -> City_15 -> City_40 -> City_42 -> City_19 -> City_3 -> City_8 -> City_50 -> City_29 -> City_30 -> City_21 -> City_33 -> City_9 -> City_24 -> City_10 -> City_25 -> City_31 -> City_43 -> City_12 -> City_14 -> City_46 -> City_37 -> City_4 -> City_34 -> City_23 -> City_49 -> City_20 -> City_48 -> City_45 -> City_41 -> City_47
1990,741.7104142672879,734.736452216414,City_2 -> City_44 -> City_5 -> City_38 -> City_26 -> City_18 -> City_27 -> City_28 -> City_1 -> City_35 -> City_22 -> City_6 -> City_17 -> City_13 -> City_32 -> City_7 -> City_36 -> City_39 -> City_11 -> City_16 -> City_15 -> City_40 -> City_42 -> City_19 -> City_8 -> City_3 -> City_50 -> City_29 -> City_30 -> City_21 -> City_14 -> City_9 -> City_24 -> City_10 -> City_25 -> City_31 -> City_43 -> City_12 -> City_33 -> City_46 -> City_37 -> City_4 -> City_34 -> City_23 -> City_49 -> City_20 -> City_48 -> City_45 -> City_41 -> City_47
1995,739.7930816404854,734.736452216414,City_2 -> City_44 -> City_5 -> City_38 -> City_26 -> City_18 -> City_27 -> City_28 -> City_1 -> City_35 -> City_6 -> City_17 -> City_22 -> City_13 -> City_32 -> City_7 -> City_36 -> City_39 -> City_15 -> City_11 -> City_16 -> City_40 -> City_42 -> City_19 -> City_8 -> City_3 -> City_50 -> City_29 -> City_30 -> City_21 -> City_14 -> City_9 -> City_24 -> City_25 -> City_10 -> City_31 -> City_43 -> City_12 -> City_33 -> City_46 -> City_37 -> City_4 -> City_34 -> City_23 -> City_49 -> City_20 -> City_48 -> City_45 -> City_41 -> City_47
2000,738.561723196271,734.736452216414,City_2 -> City_44 -> City_5 -> City_38 -> City_26 -> City_18 -> City_27 -> City_28 -> City_1 -> City_35 -> City_6 -> City_17 -> City_22 -> City_13 -> City_32 -> City_7 -> City_36 -> City_39 -> City_15 -> City_11 -> City_16 -> City_40 -> City_42 -> City_19 -> City_8 -> City_3 -> City_50 -> City_29 -> City_30 -> City_21 -> City_33 -> City_9 -> City_24 -> City_25 -> City_10 -> City_31 -> City_43 -> City_12 -> City_14 -> City_46 -> City_37 -> City_4 -> City_34 -> City_23 -> City_49 -> City_20 -> City_48 -> City_45 -> City_41 -> City_47
