iteration,current_distance,best_distance,route
0,2465.2993347982633,2465.2993347982633,City_10 -> City_4 -> City_11 -> City_37 -> City_26 -> City_25 -> City_31 -> City_12 -> City_5 -> City_33 -> City_22 -> City_29 -> City_24 -> City_19 -> City_13 -> City_35 -> City_36 -> City_27 -> City_14 -> City_23 -> City_21 -> City_32 -> City_38 -> City_30 -> City_20 -> City_17 -> City_40 -> City_34 -> City_3 -> City_1 -> City_39 -> City_28 -> City_6 -> City_7 -> City_9 -> City_15 -> City_16 -> City_18 -> City_2 -> City_8
5,1575.4684266329205,1575.4684266329205,City_10 -> City_4 -> City_17 -> City_37 -> City_30 -> City_25 -> City_31 -> City_12 -> City_5 -> City_33 -> City_22 -> City_34 -> City_24 -> City_19 -> City_13 -> City_35 -> City_1 -> City_6 -> City_14 -> City_23 -> City_21 -> City_32 -> City_38 -> City_26 -> City_20 -> City_11 -> City_40 -> City_29 -> City_3 -> City_36 -> City_39 -> City_28 -> City_27 -> City_7 -> City_9 -> City_15 -> City_16 -> City_18 -> City_2 -> City_8
10,1195.80397659147,1195.80397659147,City_10 -> City_4 -> City_17 -> City_37 -> City_30 -> City_8 -> City_31 -> City_12 -> City_21 -> City_33 -> City_22 -> City_34 -> City_24 -> City_9 -> City_13 -> City_35 -> City_1 -> City_6 -> City_14 -> City_23 -> City_5 -> City_28 -> City_38 -> City_26 -> City_20 -> City_11 -> City_40 -> City_29 -> City_3 -> City_19 -> City_39 -> City_32 -> City_27 -> City_7 -> City_36 -> City_15 -> City_16 -> City_18 -> City_2 -> City_25
15,913.3933747038485,913.3933747038485,City_10 -> City_4 -> City_17 -> City_37 -> City_30 -> City_8 -> City_31 -> City_12 -> City_21 -> City_33 -> City_14 -> City_34 -> City_24 -> City_9 -> City_13 -> City_1 -> City_35 -> City_6 -> City_22 -> City_23 -> City_5 -> City_28 -> City_38 -> City_26 -> City_27 -> City_18 -> City_2 -> City_29 -> City_3 -> City_19 -> City_39 -> City_32 -> City_20 -> City_7 -> City_36 -> City_15 -> City_16 -> City_11 -> City_40 -> City_25
20,801.3405616927352,801.3405616927352,City_10 -> City_4 -> City_17 -> City_37 -> City_30 -> City_8 -> City_31 -> City_12 -> City_21 -> City_14 -> City_33 -> City_23 -> City_24 -> City_9 -> City_13 -> City_1 -> City_35 -> City_6 -> City_22 -> City_34 -> City_5 -> City_28 -> City_38 -> City_26 -> City_27 -> City_18 -> City_2 -> City_29 -> City_3 -> City_19 -> City_40 -> City_20 -> City_32 -> City_7 -> City_36 -> City_39 -> City_16 -> City_11 -> City_15 -> City_25
25,743.1901467975553,743.1901467975553,City_10 -> City_4 -> City_17 -> City_37 -> City_30 -> City_29 -> City_8 -> City_12 -> City_21 -> City_14 -> City_33 -> City_9 -> City_24 -> City_23 -> City_13 -> City_1 -> City_35 -> City_6 -> City_22 -> City_34 -> City_28 -> City_5 -> City_38 -> City_26 -> City_27 -> City_18 -> City_2 -> City_31 -> City_3 -> City_19 -> City_40 -> City_20 -> City_32 -> City_7 -> City_36 -> City_39 -> City_15 -> City_11 -> City_16 -> City_25
30,702.3935375317951,702.3935375317951,City_12 -> City_4 -> City_22 -> City_37 -> City_30 -> City_29 -> City_8 -> City_3 -> City_21 -> City_14 -> City_33 -> City_9 -> City_24 -> City_23 -> City_13 -> City_34 -> City_35 -> City_6 -> City_17 -> City_1 -> City_28 -> City_5 -> City_38 -> City_26 -> City_27 -> City_18 -> City_2 -> City_10 -> City_31 -> City_19 -> City_40 -> City_20 -> City_32 -> City_7 -> City_36 -> City_39 -> City_15 -> City_11 -> City_16 -> City_25
35,685.1895987722469,685.1895987722469,City_12 -> City_4 -> City_22 -> City_37 -> City_30 -> City_29 -> City_3 -> City_8 -> City_21 -> City_14 -> City_33 -> City_9 -> City_24 -> City_23 -> City_13 -> City_34 -> City_17 -> City_6 -> City_35 -> City_1 -> City_28 -> City_5 -> City_38 -> City_27 -> City_18 -> City_26 -> City_2 -> City_20 -> City_31 -> City_19 -> City_40 -> City_10 -> City_32 -> City_7 -> City_36 -> City_39 -> City_15 -> City_11 -> City_16 -> City_25
40,678.1260075220562,677.8950687515936,City_12 -> City_4 -> City_22 -> City_37 -> City_30 -> City_29 -> City_3 -> City_8 -> City_21 -> City_14 -> City_9 -> City_24 -> City_33 -> City_23 -> City_13 -> City_34 -> City_17 -> City_6 -> City_35 -> City_1 -> City_28 -> City_5 -> City_38 -> City_27 -> City_18 -> City_26 -> City_2 -> City_20 -> City_10 -> City_19 -> City_40 -> City_16 -> City_32 -> City_7 -> City_36 -> City_39 -> City_15 -> City_11 -> City_25 -> City_31
45,667.0496190054216,667.0496190054216,City_12 -> City_13 -> City_34 -> City_37 -> City_30 -> City_29 -> City_3 -> City_8 -> City_21 -> City_14 -> City_9 -> City_24 -> City_33 -> City_23 -> City_4 -> City_22 -> City_17 -> City_6 -> City_35 -> City_1 -> City_28 -> City_5 -> City_38 -> City_27 -> City_18 -> City_26 -> City_2 -> City_20 -> City_10 -> City_40 -> City_19 -> City_16 -> City_32 -> City_7 -> City_36 -> City_39 -> City_15 -> City_11 -> City_25 -> City_31
50,617.8225579255239,617.8225579255239,City_12 -> City_24 -> City_33 -> City_9 -> City_30 -> City_29 -> City_3 -> City_8 -> City_21 -> City_14 -> City_23 -> City_13 -> City_34 -> City_37 -> City_4 -> City_22 -> City_6 -> City_17 -> City_35 -> City_1 -> City_28 -> City_5 -> City_38 -> City_27 -> City_18 -> City_26 -> City_2 -> City_20 -> City_10 -> City_40 -> City_19 -> City_16 -> City_32 -> City_7 -> City_36 -> City_39 -> City_15 -> City_11 -> City_25 -> City_31
55,614.3696959183496,612.6958154833744,City_12 -> City_9 -> City_24 -> City_33 -> City_30 -> City_29 -> City_3 -> City_8 -> City_21 -> City_14 -> City_23 -> City_13 -> City_34 -> City_37 -> City_4 -> City_22 -> City_6 -> City_17 -> City_35 -> City_1 -> City_28 -> City_5 -> City_38 -> City_27 -> City_18 -> City_26 -> City_2 -> City_20 -> City_31 -> City_19 -> City_40 -> City_25 -> City_32 -> City_7 -> City_36 -> City_39 -> City_15 -> City_11 -> City_16 -> City_10
60,610.4804653138879,610.4804653138879,City_12 -> City_33 -> City_24 -> City_9 -> City_8 -> City_3 -> City_29 -> City_30 -> City_21 -> City_14 -> City_23 -> City_13 -> City_34 -> City_4 -> City_37 -> City_22 -> City_6 -> City_35 -> City_17 -> City_1 -> City_28 -> City_5 -> City_38 -> City_27 -> City_18 -> City_26 -> City_2 -> City_20 -> City_31 -> City_19 -> City_40 -> City_25 -> City_32 -> City_7 -> City_36 -> City_39 -> City_15 -> City_11 -> City_16 -> City_10
65,609.1055520514635,605.8360864483977,City_33 -> City_24 -> City_9 -> City_12 -> City_8 -> City_3 -> City_29 -> City_30 -> City_21 -> City_14 -> City_23 -> City_13 -> City_34 -> City_4 -> City_37 -> City_22 -> City_6 -> City_35 -> City_17 -> City_1 -> City_28 -> City_5 -> City_38 -> City_27 -> City_18 -> City_26 -> City_2 -> City_20 -> City_10 -> City_19 -> City_40 -> City_16 -> City_32 -> City_7 -> City_36 -> City_39 -> City_15 -> City_11 -> City_25 -> City_31
70,606.6373788842943,604.6045418235814,City_33 -> City_9 -> City_24 -> City_12 -> City_8 -> City_3 -> City_29 -> City_30 -> City_21 -> City_14 -> City_23 -> City_13 -> City_34 -> City_37 -> City_4 -> City_22 -> City_17 -> City_6 -> City_35 -> City_1 -> City_28 -> City_5 -> City_38 -> City_27 -> City_18 -> City_26 -> City_2 -> City_20 -> City_10 -> City_40 -> City_19 -> City_16 -> City_32 -> City_7 -> City_36 -> City_39 -> City_15 -> City_11 -> City_25 -> City_31
75,597.4505385258121,597.3548791895956,City_24 -> City_9 -> City_33 -> City_12 -> City_8 -> City_3 -> City_29 -> City_30 -> City_21 -> City_14 -> City_23 -> City_13 -> City_34 -> City_37 -> City_4 -> City_22 -> City_17 -> City_6 -> City_35 -> City_1 -> City_28 -> City_5 -> City_38 -> City_27 -> City_18 -> City_26 -> City_2 -> City_20 -> City_10 -> City_40 -> City_19 -> City_15 -> City_39 -> City_36 -> City_7 -> City_32 -> City_11 -> City_16 -> City_25 -> City_31
80,599.6850160759116,596.4636178585783,City_12 -> City_24 -> City_9 -> City_33 -> City_8 -> City_3 -> City_29 -> City_30 -> City_21 -> City_14 -> City_23 -> City_13 -> City_34 -> City_37 -> City_4 -> City_22 -> City_6 -> City_17 -> City_35 -> City_1 -> City_28 -> City_5 -> City_38 -> City_27 -> City_18 -> City_26 -> City_2 -> City_20 -> City_31 -> City_40 -> City_19 -> City_15 -> City_39 -> City_36 -> City_7 -> City_32 -> City_11 -> City_16 -> City_25 -> City_10
85,603.589418940848,596.4636178585783,City_12 -> City_33 -> City_24 -> City_9 -> City_8 -> City_3 -> City_29 -> City_30 -> City_21 -> City_14 -> City_23 -> City_13 -> City_34 -> City_4 -> City_37 -> City_22 -> City_6 -> City_35 -> City_17 -> City_1 -> City_28 -> City_5 -> City_38 -> City_27 -> City_18 -> City_26 -> City_2 -> City_20 -> City_31 -> City_19 -> City_40 -> City_15 -> City_39 -> City_36 -> City_7 -> City_32 -> City_11 -> City_16 -> City_25 -> City_10
90,604.2236194337988,596.4636178585783,City_9 -> City_24 -> City_33 -> City_12 -> City_8 -> City_3 -> City_29 -> City_30 -> City_21 -> City_14 -> City_23 -> City_13 -> City_34 -> City_4 -> City_37 -> City_22 -> City_17 -> City_35 -> City_6 -> City_1 -> City_28 -> City_5 -> City_38 -> City_27 -> City_18 -> City_26 -> City_2 -> City_20 -> City_10 -> City_19 -> City_40 -> City_15 -> City_39 -> City_36 -> City_7 -> City_32 -> City_16 -> City_11 -> City_25 -> City_31
95,604.5622394786668,596.4636178585783,City_33 -> City_9 -> City_24 -> City_12 -> City_8 -> City_3 -> City_29 -> City_30 -> City_21 -> City_14 -> City_23 -> City_13 -> City_34 -> City_4 -> City_37 -> City_22 -> City_35 -> City_6 -> City_17 -> City_1 -> City_28 -> City_5 -> City_38 -> City_27 -> City_18 -> City_26 -> City_2 -> City_20 -> City_10 -> City_40 -> City_19 -> City_15 -> City_39 -> City_36 -> City_7 -> City_32 -> City_16 -> City_11 -> City_25 -> City_31
100,599.0412539257488,596.4636178585783,City_33 -> City_24 -> City_9 -> City_12 -> City_8 -> City_3 -> City_29 -> City_30 -> City_21 -> City_14 -> City_23 -> City_13 -> City_34 -> City_37 -> City_4 -> City_22 -> City_17 -> City_6 -> City_35 -> City_1 -> City_28 -> City_5 -> City_38 -> City_27 -> City_18 -> City_26 -> City_2 -> City_20 -> City_31 -> City_40 -> City_19 -> City_15 -> City_39 -> City_36 -> City_7 -> City_32 -> City_11 -> City_16 -> City_25 -> City_10
105,600.3580987096916,596.4636178585783,City_12 -> City_33 -> City_24 -> City_9 -> City_8 -> City_3 -> City_29 -> City_30 -> City_21 -> City_14 -> City_23 -> City_13 -> City_34 -> City_37 -> City_4 -> City_22 -> City_6 -> City_17 -> City_35 -> City_1 -> City_28 -> City_5 -> City_38 -> City_27 -> City_18 -> City_26 -> City_2 -> City_20 -> City_31 -> City_19 -> City_40 -> City_15 -> City_39 -> City_36 -> City_7 -> City_32 -> City_11 -> City_16 -> City_25 -> City_10
110,602.5528635685329,596.4636178585783,City_12 -> City_24 -> City_33 -> City_9 -> City_8 -> City_3 -> City_29 -> City_30 -> City_21 -> City_14 -> City_23 -> City_13 -> City_34 -> City_4 -> City_37 -> City_22 -> City_6 -> City_35 -> City_17 -> City_1 -> City_28 -> City_5 -> City_38 -> City_27 -> City_18 -> City_26 -> City_2 -> City_20 -> City_10 -> City_19 -> City_40 -> City_15 -> City_39 -> City_36 -> City_7 -> City_32 -> City_16 -> City_11 -> City_25 -> City_31
115,604.3296841822116,596.4636178585783,City_33 -> City_9 -> City_24 -> City_12 -> City_8 -> City_3 -> City_29 -> City_30 -> City_21 -> City_14 -> City_23 -> City_13 -> City_34 -> City_4 -> City_37 -> City_22 -> City_17 -> City_35 -> City_6 -> City_1 -> City_28 -> City_5 -> City_38 -> City_27 -> City_18 -> City_26 -> City_2 -> City_20 -> City_10 -> City_40 -> City_19 -> City_15 -> City_39 -> City_36 -> City_7 -> City_32 -> City_16 -> City_11 -> City_25 -> City_31
120,602.2338285594433,596.4636178585783,City_33 -> City_9 -> City_24 -> City_12 -> City_8 -> City_3 -> City_29 -> City_30 -> City_21 -> City_14 -> City_23 -> City_13 -> City_34 -> City_37 -> City_4 -> City_22 -> City_35 -> City_6 -> City_17 -> City_1 -> City_28 -> City_5 -> City_38 -> City_27 -> City_18 -> City_26 -> City_2 -> City_20 -> City_31 -> City_40 -> City_19 -> City_15 -> City_39 -> City_36 -> City_7 -> City_32 -> City_11 -> City_16 -> City_25 -> City_10
125,599.832141596527,596.4636178585783,City_12 -> City_33 -> City_9 -> City_24 -> City_8 -> City_3 -> City_29 -> City_30 -> City_21 -> City_14 -> City_23 -> City_13 -> City_34 -> City_37 -> City_4 -> City_22 -> City_17 -> City_6 -> City_35 -> City_1 -> City_28 -> City_5 -> City_38 -> City_27 -> City_18 -> City_26 -> City_2 -> City_20 -> City_31 -> City_19 -> City_40 -> City_15 -> City_39 -> City_36 -> City_7 -> City_32 -> City_11 -> City_16 -> City_25 -> City_10
130,603.4937596046315,596.4636178585783,City_12 -> City_33 -> City_24 -> City_9 -> City_8 -> City_3 -> City_29 -> City_30 -> City_21 -> City_14 -> City_23 -> City_13 -> City_34 -> City_4 -> City_37 -> City_22 -> City_6 -> City_35 -> City_17 -> City_1 -> City_28 -> City_5 -> City_38 -> City_27 -> City_18 -> City_26 -> City_2 -> City_20 -> City_31 -> City_19 -> City_40 -> City_15 -> City_39 -> City_36 -> City_7 -> City_32 -> City_16 -> City_11 -> City_25 -> City_10
135,602.6699965896149,596.4636178585783,City_24 -> City_9 -> City_33 -> City_12 -> City_8 -> City_3 -> City_29 -> City_30 -> City_21 -> City_14 -> City_23 -> City_13 -> City_34 -> City_4 -> City_37 -> City_22 -> City_17 -> City_35 -> City_6 -> City_1 -> City_28 -> City_5 -> City_38 -> City_27 -> City_18 -> City_26 -> City_2 -> City_20 -> City_10 -> City_19 -> City_40 -> City_15 -> City_39 -> City_36 -> City_7 -> City_32 -> City_16 -> City_11 -> City_25 -> City_31
140,602.802739093201,596.4636178585783,City_33 -> City_9 -> City_24 -> City_12 -> City_8 -> City_3 -> City_29 -> City_30 -> City_21 -> City_14 -> City_23 -> City_13 -> City_34 -> City_37 -> City_4 -> City_22 -> City_35 -> City_6 -> City_17 -> City_1 -> City_28 -> City_5 -> City_38 -> City_27 -> City_18 -> City_26 -> City_2 -> City_20 -> City_10 -> City_40 -> City_19 -> City_15 -> City_39 -> City_36 -> City_7 -> City_32 -> City_16 -> City_11 -> City_25 -> City_31
145,600.2167252578311,596.4636178585783,City_12 -> City_24 -> City_9 -> City_33 -> City_8 -> City_3 -> City_29 -> City_30 -> City_21 -> City_14 -> City_23 -> City_13 -> City_34 -> City_37 -> City_4 -> City_22 -> City_17 -> City_6 -> City_35 -> City_1 -> City_28 -> City_5 -> City_38 -> City_27 -> City_18 -> City_26 -> City_2 -> City_20 -> City_31 -> City_40 -> City_19 -> City_15 -> City_39 -> City_36 -> City_7 -> City_32 -> City_11 -> City_16 -> City_25 -> City_10
150,601.8299185553824,596.4636178585783,City_12 -> City_33 -> City_24 -> City_9 -> City_8 -> City_3 -> City_29 -> City_30 -> City_21 -> City_14 -> City_23 -> City_13 -> City_34 -> City_37 -> City_4 -> City_22 -> City_6 -> City_35 -> City_17 -> City_1 -> City_28 -> City_5 -> City_38 -> City_27 -> City_18 -> City_26 -> City_2 -> City_20 -> City_31 -> City_19 -> City_40 -> City_15 -> City_39 -> City_36 -> City_7 -> City_32 -> City_11 -> City_16 -> City_25 -> City_10
155,605.8424622387266,596.4636178585783,City_12 -> City_24 -> City_33 -> City_9 -> City_8 -> City_3 -> City_29 -> City_30 -> City_21 -> City_14 -> City_23 -> City_13 -> City_34 -> City_4 -> City_37 -> City_22 -> City_17 -> City_35 -> City_6 -> City_1 -> City_28 -> City_5 -> City_38 -> City_27 -> City_18 -> City_26 -> City_2 -> City_20 -> City_10 -> City_19 -> City_40 -> City_15 -> City_39 -> City_36 -> City_7 -> City_32 -> City_16 -> City_11 -> City_25 -> City_31
160,607.320128966941,596.4636178585783,City_33 -> City_9 -> City_24 -> City_12 -> City_8 -> City_3 -> City_29 -> City_30 -> City_21 -> City_14 -> City_23 -> City_13 -> City_34 -> City_4 -> City_37 -> City_22 -> City_35 -> City_17 -> City_6 -> City_1 -> City_28 -> City_5 -> City_38 -> City_27 -> City_18 -> City_26 -> City_2 -> City_20 -> City_10 -> City_40 -> City_19 -> City_15 -> City_39 -> City_36 -> City_7 -> City_32 -> City_16 -> City_11 -> City_25 -> City_31
165,603.503518556169,596.4636178585783,City_33 -> City_24 -> City_9 -> City_12 -> City_8 -> City_3 -> City_29 -> City_30 -> City_21 -> City_14 -> City_23 -> City_13 -> City_34 -> City_37 -> City_4 -> City_22 -> City_35 -> City_6 -> City_17 -> City_1 -> City_28 -> City_5 -> City_38 -> City_27 -> City_18 -> City_26 -> City_2 -> City_20 -> City_31 -> City_40 -> City_19 -> City_15 -> City_39 -> City_36 -> City_7 -> City_32 -> City_11 -> City_16 -> City_25 -> City_10
170,600.8898078916111,596.4636178585783,City_12 -> City_33 -> City_24 -> City_9 -> City_8 -> City_3 -> City_29 -> City_30 -> City_21 -> City_14 -> City_23 -> City_13 -> City_34 -> City_37 -> City_4 -> City_22 -> City_17 -> City_6 -> City_35 -> City_1 -> City_28 -> City_5 -> City_38 -> City_27 -> City_18 -> City_26 -> City_2 -> City_20 -> City_31 -> City_19 -> City_40 -> City_15 -> City_39 -> City_36 -> City_7 -> City_32 -> City_11 -> City_16 -> City_25 -> City_10
175,602.6678454846561,596.4636178585783,City_12 -> City_33 -> City_24 -> City_9 -> City_8 -> City_3 -> City_29 -> City_30 -> City_21 -> City_14 -> City_23 -> City_13 -> City_34 -> City_4 -> City_37 -> City_22 -> City_6 -> City_35 -> City_17 -> City_1 -> City_28 -> City_5 -> City_38 -> City_27 -> City_18 -> City_26 -> City_2 -> City_20 -> City_10 -> City_19 -> City_40 -> City_15 -> City_39 -> City_36 -> City_7 -> City_32 -> City_16 -> City_11 -> City_25 -> City_31
180,603.3440889090261,596.4636178585783,City_24 -> City_9 -> City_33 -> City_12 -> City_8 -> City_3 -> City_29 -> City_30 -> City_21 -> City_14 -> City_23 -> City_13 -> City_34 -> City_4 -> City_37 -> City_22 -> City_17 -> City_35 -> City_6 -> City_1 -> City_28 -> City_5 -> City_38 -> City_27 -> City_18 -> City_26 -> City_2 -> City_20 -> City_10 -> City_40 -> City_19 -> City_15 -> City_39 -> City_36 -> City_7 -> City_32 -> City_16 -> City_11 -> City_25 -> City_31
185,602.8983984294176,596.4636178585783,City_33 -> City_9 -> City_24 -> City_12 -> City_8 -> City_3 -> City_29 -> City_30 -> City_21 -> City_14 -> City_23 -> City_13 -> City_34 -> City_37 -> City_4 -> City_22 -> City_35 -> City_6 -> City_17 -> City_1 -> City_28 -> City_5 -> City_38 -> City_27 -> City_18 -> City_26 -> City_2 -> City_20 -> City_10 -> City_40 -> City_19 -> City_15 -> City_39 -> City_36 -> City_7 -> City_32 -> City_11 -> City_16 -> City_25 -> City_31
190,601.2050385095868,596.4636178585783,City_12 -> City_33 -> City_9 -> City_24 -> City_8 -> City_3 -> City_29 -> City_30 -> City_21 -> City_14 -> City_23 -> City_13 -> City_34 -> City_37 -> City_4 -> City_22 -> City_17 -> City_6 -> City_35 -> City_1 -> City_28 -> City_5 -> City_38 -> City_27 -> City_18 -> City_26 -> City_2 -> City_20 -> City_31 -> City_40 -> City_19 -> City_15 -> City_39 -> City_36 -> City_7 -> City_32 -> City_11 -> City_16 -> City_25 -> City_10
195,603.589418940848,596.4636178585783,City_12 -> City_33 -> City_24 -> City_9 -> City_8 -> City_3 -> City_29 -> City_30 -> City_21 -> City_14 -> City_23 -> City_13 -> City_34 -> City_4 -> City_37 -> City_22 -> City_6 -> City_35 -> City_17 -> City_1 -> City_28 -> City_5 -> City_38 -> City_27 -> City_18 -> City_26 -> City_2 -> City_20 -> City_31 -> City_19 -> City_40 -> City_15 -> City_39 -> City_36 -> City_7 -> City_32 -> City_11 -> City_16 -> City_25 -> City_10
200,604.2236194337988,596.4636178585783,City_9 -> City_24 -> City_33 -> City_12 -> City_8 -> City_3 -> City_29 -> City_30 -> City_21 -> City_14 -> City_23 -> City_13 -> City_34 -> City_4 -> City_37 -> City_22 -> City_17 -> City_35 -> City_6 -> City_1 -> City_28 -> City_5 -> City_38 -> City_27 -> City_18 -> City_26 -> City_2 -> City_20 -> City_10 -> City_19 -> City_40 -> City_15 -> City_39 -> City_36 -> City_7 -> City_32 -> City_16 -> City_11 -> City_25 -> City_31
205,604.5622394786668,596.4636178585783,City_33 -> City_9 -> City_24 -> City_12 -> City_8 -> City_3 -> City_29 -> City_30 -> City_21 -> City_14 -> City_23 -> City_13 -> City_34 -> City_4 -> City_37 -> City_22 -> City_35 -> City_6 -> City_17 -> City_1 -> City_28 -> City_5 -> City_38 -> City_27 -> City_18 -> City_26 -> City_2 -> City_20 -> City_10 -> City_40 -> City_19 -> City_15 -> City_39 -> City_36 -> City_7 -> City_32 -> City_16 -> City_11 -> City_25 -> City_31
210,599.0412539257488,596.4636178585783,City_33 -> City_24 -> City_9 -> City_12 -> City_8 -> City_3 -> City_29 -> City_30 -> City_21 -> City_14 -> City_23 -> City_13 -> City_34 -> City_37 -> City_4 -> City_22 -> City_17 -> City_6 -> City_35 -> City_1 -> City_28 -> City_5 -> City_38 -> City_27 -> City_18 -> City_26 -> City_2 -> City_20 -> City_31 -> City_40 -> City_19 -> City_15 -> City_39 -> City_36 -> City_7 -> City_32 -> City_11 -> City_16 -> City_25 -> City_10
215,600.3580987096916,596.4636178585783,City_12 -> City_33 -> City_24 -> City_9 -> City_8 -> City_3 -> City_29 -> City_30 -> City_21 -> City_14 -> City_23 -> City_13 -> City_34 -> City_37 -> City_4 -> City_22 -> City_6 -> City_17 -> City_35 -> City_1 -> City_28 -> City_5 -> City_38 -> City_27 -> City_18 -> City_26 -> City_2 -> City_20 -> City_31 -> City_19 -> City_40 -> City_15 -> City_39 -> City_36 -> City_7 -> City_32 -> City_11 -> City_16 -> City_25 -> City_10
220,602.5528635685329,596.4636178585783,City_12 -> City_24 -> City_33 -> City_9 -> City_8 -> City_3 -> City_29 -> City_30 -> City_21 -> City_14 -> City_23 -> City_13 -> City_34 -> City_4 -> City_37 -> City_22 -> City_6 -> City_35 -> City_17 -> City_1 -> City_28 -> City_5 -> City_38 -> City_27 -> City_18 -> City_26 -> City_2 -> City_20 -> City_10 -> City_19 -> City_40 -> City_15 -> City_39 -> City_36 -> City_7 -> City_32 -> City_16 -> City_11 -> City_25 -> City_31
225,604.3296841822116,596.4636178585783,City_33 -> City_9 -> City_24 -> City_12 -> City_8 -> City_3 -> City_29 -> City_30 -> City_21 -> City_14 -> City_23 -> City_13 -> City_34 -> City_4 -> City_37 -> City_22 -> City_17 -> City_35 -> City_6 -> City_1 -> City_28 -> City_5 -> City_38 -> City_27 -> City_18 -> City_26 -> City_2 -> City_20 -> City_10 -> City_40 -> City_19 -> City_15 -> City_39 -> City_36 -> City_7 -> City_32 -> City_16 -> City_11 -> City_25 -> City_31
230,602.2338285594433,596.4636178585783,City_33 -> City_9 -> City_24 -> City_12 -> City_8 -> City_3 -> City_29 -> City_30 -> City_21 -> City_14 -> City_23 -> City_13 -> City_34 -> City_37 -> City_4 -> City_22 -> City_35 -> City_6 -> City_17 -> City_1 -> City_28 -> City_5 -> City_38 -> City_27 -> City_18 -> City_26 -> City_2 -> City_20 -> City_31 -> City_40 -> City_19 -> City_15 -> City_39 -> City_36 -> City_7 -> City_32 -> City_11 -> City_16 -> City_25 -> City_10
235,599.832141596527,596.4636178585783,City_12 -> City_33 -> City_9 -> City_24 -> City_8 -> City_3 -> City_29 -> City_30 -> City_21 -> City_14 -> City_23 -> City_13 -> City_34 -> City_37 -> City_4 -> City_22 -> City_17 -> City_6 -> City_35 -> City_1 -> City_28 -> City_5 -> City_38 -> City_27 -> City_18 -> City_26 -> City_2 -> City_20 -> City_31 -> City_19 -> City_40 -> City_15 -> City_39 -> City_36 -> City_7 -> City_32 -> City_11 -> City_16 -> City_25 -> City_10
240,603.4937596046315,596.4636178585783,City_12 -> City_33 -> City_24 -> City_9 -> City_8 -> City_3 -> City_29 -> City_30 -> City_21 -> City_14 -> City_23 -> City_13 -> City_34 -> City_4 -> City_37 -> City_22 -> City_6 -> City_35 -> City_17 -> City_1 -> City_28 -> City_5 -> City_38 -> City_27 -> City_18 -> City_26 -> City_2 -> City_20 -> City_31 -> City_19 -> City_40 -> City_15 -> City_39 -> City_36 -> City_7 -> City_32 -> City_16 -> City_11 -> City_25 -> City_10
245,602.6699965896149,596.4636178585783,City_24 -> City_9 -> City_33 -> City_12 -> City_8 -> City_3 -> City_29 -> City_30 -> City_21 -> City_14 -> City_23 -> City_13 -> City_34 -> City_4 -> City_37 -> City_22 -> City_17 -> City_35 -> City_6 -> City_1 -> City_28 -> City_5 -> City_38 -> City_27 -> City_18 -> City_26 -> City_2 -> City_20 -> City_10 -> City_19 -> City_40 -> City_15 -> City_39 -> City_36 -> City_7 -> City_32 -> City_16 -> City_11 -> City_25 -> City_31
250,602.802739093201,596.4636178585783,City_33 -> City_9 -> City_24 -> City_12 -> City_8 -> City_3 -> City_29 -> City_30 -> City_21 -> City_14 -> City_23 -> City_13 -> City_34 -> City_37 -> City_4 -> City_22 -> City_35 -> City_6 -> City_17 -> City_1 -> City_28 -> City_5 -> City_38 -> City_27 -> City_18 -> City_26 -> City_2 -> City_20 -> City_10 -> City_40 -> City_19 -> City_15 -> City_39 -> City_36 -> City_7 -> City_32 -> City_16 -> City_11 -> City_25 -> City_31
255,600.2167252578311,596.4636178585783,City_12 -> City_24 -> City_9 -> City_33 -> City_8 -> City_3 -> City_29 -> City_30 -> City_21 -> City_14 -> City_23 -> City_13 -> City_34 -> City_37 -> City_4 -> City_22 -> City_17 -> City_6 -> City_35 -> City_1 -> City_28 -> City_5 -> City_38 -> City_27 -> City_18 -> City_26 -> City_2 -> City_20 -> City_31 -> City_40 -> City_19 -> City_15 -> City_39 -> City_36 -> City_7 -> City_32 -> City_11 -> City_16 -> City_25 -> City_10
260,601.8299185553824,596.4636178585783,City_12 -> City_33 -> City_24 -> City_9 -> City_8 -> City_3 -> City_29 -> City_30 -> City_21 -> City_14 -> City_23 -> City_13 -> City_34 -> City_37 -> City_4 -> City_22 -> City_6 -> City_35 -> City_17 -> City_1 -> City_28 -> City_5 -> City_38 -> City_27 -> City_18 -> City_26 -> City_2 -> City_20 -> City_31 -> City_19 -> City_40 -> City_15 -> City_39 -> City_36 -> City_7 -> City_32 -> City_11 -> City_16 -> City_25 -> City_10
265,605.8424622387266,596.4636178585783,City_12 -> City_24 -> City_33 -> City_9 -> City_8 -> City_3 -> City_29 -> City_30 -> City_21 -> City_14 -> City_23 -> City_13 -> City_34 -> City_4 -> City_37 -> City_22 -> City_17 -> City_35 -> City_6 -> City_1 -> City_28 -> City_5 -> City_38 -> City_27 -> City_18 -> City_26 -> City_2 -> City_20 -> City_10 -> City_19 -> City_40 -> City_15 -> City_39 -> City_36 -> City_7 -> City_32 -> City_16 -> City_11 -> City_25 -> City_31
270,607.320128966941,596.4636178585783,City_33 -> City_9 -> City_24 -> City_12 -> City_8 -> City_3 -> City_29 -> City_30 -> City_21 -> City_14 -> City_23 -> City_13 -> City_34 -> City_4 -> City_37 -> City_22 -> City_35 -> City_17 -> City_6 -> City_1 -> City_28 -> City_5 -> City_38 -> City_27 -> City_18 -> City_26 -> City_2 -> City_20 -> City_10 -> City_40 -> City_19 -> City_15 -> City_39 -> City_36 -> City_7 -> City_32 -> City_16 -> City_11 -> City_25 -> City_31
275,603.503518556169,596.4636178585783,City_33 -> City_24 -> City_9 -> City_12 -> City_8 -> City_3 -> City_29 -> City_30 -> City_21 -> City_14 -> City_23 -> City_13 -> City_34 -> City_37 -> City_4 -> City_22 -> City_35 -> City_6 -> City_17 -> City_1 -> City_28 -> City_5 -> City_38 -> City_27 -> City_18 -> City_26 -> City_2 -> City_20 -> City_31 -> City_40 -> City_19 -> City_15 -> City_39 -> City_36 -> City_7 -> City_32 -> City_11 -> City_16 -> City_25 -> City_10
280,600.8898078916111,596.4636178585783,City_12 -> City_33 -> City_24 -> City_9 -> City_8 -> City_3 -> City_29 -> City_30 -> City_21 -> City_14 -> City_23 -> City_13 -> City_34 -> City_37 -> City_4 -> City_22 -> City_17 -> City_6 -> City_35 -> City_1 -> City_28 -> City_5 -> City_38 -> City_27 -> City_18 -> City_26 -> City_2 -> City_20 -> City_31 -> City_19 -> City_40 -> City_15 -> City_39 -> City_36 -> City_7 -> City_32 -> City_11 -> City_16 -> City_25 -> City_10
285,602.6678454846561,596.4636178585783,City_12 -> City_33 -> City_24 -> City_9 -> City_8 -> City_3 -> City_29 -> City_30 -> City_21 -> City_14 -> City_23 -> City_13 -> City_34 -> City_4 -> City_37 -> City_22 -> City_6 -> City_35 -> City_17 -> City_1 -> City_28 -> City_5 -> City_38 -> City_27 -> City_18 -> City_26 -> City_2 -> City_20 -> City_10 -> City_19 -> City_40 -> City_15 -> City_39 -> City_36 -> City_7 -> City_32 -> City_16 -> City_11 -> City_25 -> City_31
290,603.3440889090261,596.4636178585783,City_24 -> City_9 -> City_33 -> City_12 -> City_8 -> City_3 -> City_29 -> City_30 -> City_21 -> City_14 -> City_23 -> City_13 -> City_34 -> City_4 -> City_37 -> City_22 -> City_17 -> City_35 -> City_6 -> City_1 -> City_28 -> City_5 -> City_38 -> City_27 -> City_18 -> City_26 -> City_2 -> City_20 -> City_10 -> City_40 -> City_19 -> City_15 -> City_39 -> City_36 -> City_7 -> City_32 -> City_16 -> City_11 -> City_25 -> City_31
295,602.8983984294176,596.4636178585783,City_33 -> City_9 -> City_24 -> City_12 -> City_8 -> City_3 -> City_29 -> City_30 -> City_21 -> City_14 -> City_23 -> City_13 -> City_34 -> City_37 -> City_4 -> City_22 -> City_35 -> City_6 -> City_17 -> City_1 -> City_28 -> City_5 -> City_38 -> City_27 -> City_18 -> City_26 -> City_2 -> City_20 -> City_10 -> City_40 -> City_19 -> City_15 -> City_39 -> City_36 -> City_7 -> City_32 -> City_11 -> City_16 -> City_25 -> City_31
300,601.2050385095868,596.4636178585783,City_12 -> City_33 -> City_9 -> City_24 -> City_8 -> City_3 -> City_29 -> City_30 -> City_21 -> City_14 -> City_23 -> City_13 -> City_34 -> City_37 -> City_4 -> City_22 -> City_17 -> City_6 -> City_35 -> City_1 -> City_28 -> City_5 -> City_38 -> City_27 -> City_18 -> City_26 -> City_2 -> City_20 -> City_31 -> City_40 -> City_19 -> City_15 -> City_39 -> City_36 -> City_7 -> City_32 -> City_11 -> City_16 -> City_25 -> City_10
305,603.589418940848,596.4636178585783,City_12 -> City_33 -> City_24 -> City_9 -> City_8 -> City_3 -> City_29 -> City_30 -> City_21 -> City_14 -> City_23 -> City_13 -> City_34 -> City_4 -> City_37 -> City_22 -> City_6 -> City_35 -> City_17 -> City_1 -> City_28 -> City_5 -> City_38 -> City_27 -> City_18 -> City_26 -> City_2 -> City_20 -> City_31 -> City_19 -> City_40 -> City_15 -> City_39 -> City_36 -> City_7 -> City_32 -> City_11 -> City_16 -> City_25 -> City_10
310,604.2236194337988,596.4636178585783,City_9 -> City_24 -> City_33 -> City_12 -> City_8 -> City_3 -> City_29 -> City_30 -> City_21 -> City_14 -> City_23 -> City_13 -> City_34 -> City_4 -> City_37 -> City_22 -> City_17 -> City_35 -> City_6 -> City_1 -> City_28 -> City_5 -> City_38 -> City_27 -> City_18 -> City_26 -> City_2 -> City_20 -> City_10 -> City_19 -> City_40 -> City_15 -> City_39 -> City_36 -> City_7 -> City_32 -> City_16 -> City_11 -> City_25 -> City_31
315,604.5622394786668,596.4636178585783,City_33 -> City_9 -> City_24 -> City_12 -> City_8 -> City_3 -> City_29 -> City_30 -> City_21 -> City_14 -> City_23 -> City_13 -> City_34 -> City_4 -> City_37 -> City_22 -> City_35 -> City_6 -> City_17 -> City_1 -> City_28 -> City_5 -> City_38 -> City_27 -> City_18 -> City_26 -> City_2 -> City_20 -> City_10 -> City_40 -> City_19 -> City_15 -> City_39 -> City_36 -> City_7 -> City_32 -> City_16 -> City_11 -> City_25 -> City_31
320,599.0412539257488,596.4636178585783,City_33 -> City_24 -> City_9 -> City_12 -> City_8 -> City_3 -> City_29 -> City_30 -> City_21 -> City_14 -> City_23 -> City_13 -> City_34 -> City_37 -> City_4 -> City_22 -> City_17 -> City_6 -> City_35 -> City_1 -> City_28 -> City_5 -> City_38 -> City_27 -> City_18 -> City_26 -> City_2 -> City_20 -> City_31 -> City_40 -> City_19 -> City_15 -> City_39 -> City_36 -> City_7 -> City_32 -> City_11 -> City_16 -> City_25 -> City_10
325,600.3580987096916,596.4636178585783,City_12 -> City_33 -> City_24 -> City_9 -> City_8 -> City_3 -> City_29 -> City_30 -> City_21 -> City_14 -> City_23 -> City_13 -> City_34 -> City_37 -> City_4 -> City_22 -> City_6 -> City_17 -> City_35 -> City_1 -> City_28 -> City_5 -> City_38 -> City_27 -> City_18 -> City_26 -> City_2 -> City_20 -> City_31 -> City_19 -> City_40 -> City_15 -> City_39 -> City_36 -> City_7 -> City_32 -> City_11 -> City_16 -> City_25 -> City_10
330,602.5528635685329,596.4636178585783,City_12 -> City_24 -> City_33 -> City_9 -> City_8 -> City_3 -> City_29 -> City_30 -> City_21 -> City_14 -> City_23 -> City_13 -> City_34 -> City_4 -> City_37 -> City_22 -> City_6 -> City_35 -> City_17 -> City_1 -> City_28 -> City_5 -> City_38 -> City_27 -> City_18 -> City_26 -> City_2 -> City_20 -> City_10 -> City_19 -> City_40 -> City_15 -> City_39 -> City_36 -> City_7 -> City_32 -> City_16 -> City_11 -> City_25 -> City_31
335,604.3296841822116,596.4636178585783,City_33 -> City_9 -> City_24 -> City_12 -> City_8 -> City_3 -> City_29 -> City_30 -> City_21 -> City_14 -> City_23 -> City_13 -> City_34 -> City_4 -> City_37 -> City_22 -> City_17 -> City_35 -> City_6 -> City_1 -> City_28 -> City_5 -> City_38 -> City_27 -> City_18 -> City_26 -> City_2 -> City_20 -> City_10 -> City_40 -> City_19 -> City_15 -> City_39 -> City_36 -> City_7 -> City_32 -> City_16 -> City_11 -> City_25 -> City_31
340,602.2338285594433,596.4636178585783,City_33 -> City_9 -> City_24 -> City_12 -> City_8 -> City_3 -> City_29 -> City_30 -> City_21 -> City_14 -> City_23 -> City_13 -> City_34 -> City_37 -> City_4 -> City_22 -> City_35 -> City_6 -> City_17 -> City_1 -> City_28 -> City_5 -> City_38 -> City_27 -> City_18 -> City_26 -> City_2 -> City_20 -> City_31 -> City_40 -> City_19 -> City_15 -> City_39 -> City_36 -> City_7 -> City_32 -> City_11 -> City_16 -> City_25 -> City_10
345,599.832141596527,596.4636178585783,City_12 -> City_33 -> City_9 -> City_24 -> City_8 -> City_3 -> City_29 -> City_30 -> City_21 -> City_14 -> City_23 -> City_13 -> City_34 -> City_37 -> City_4 -> City_22 -> City_17 -> City_6 -> City_35 -> City_1 -> City_28 -> City_5 -> City_38 -> City_27 -> City_18 -> City_26 -> City_2 -> City_20 -> City_31 -> City_19 -> City_40 -> City_15 -> City_39 -> City_36 -> City_7 -> City_32 -> City_11 -> City_16 -> City_25 -> City_10
350,603.4937596046315,596.4636178585783,City_12 -> City_33 -> City_24 -> City_9 -> City_8 -> City_3 -> City_29 -> City_30 -> City_21 -> City_14 -> City_23 -> City_13 -> City_34 -> City_4 -> City_37 -> City_22 -> City_6 -> City_35 -> City_17 -> City_1 -> City_28 -> City_5 -> City_38 -> City_27 -> City_18 -> City_26 -> City_2 -> City_20 -> City_31 -> City_19 -> City_40 -> City_15 -> City_39 -> City_36 -> City_7 -> City_32 -> City_16 -> City_11 -> City_25 -> City_10
355,602.6699965896149,596.4636178585783,City_24 -> City_9 -> City_33 -> City_12 -> City_8 -> City_3 -> City_29 -> City_30 -> City_21 -> City_14 -> City_23 -> City_13 -> City_34 -> City_4 -> City_37 -> City_22 -> City_17 -> City_35 -> City_6 -> City_1 -> City_28 -> City_5 -> City_38 -> City_27 -> City_18 -> City_26 -> City_2 -> City_20 -> City_10 -> City_19 -> City_40 -> City_15 -> City_39 -> City_36 -> City_7 -> City_32 -> City_16 -> City_11 -> City_25 -> City_31
360,602.802739093201,596.4636178585783,City_33 -> City_9 -> City_24 -> City_12 -> City_8 -> City_3 -> City_29 -> City_30 -> City_21 -> City_14 -> City_23 -> City_13 -> City_34 -> City_37 -> City_4 -> City_22 -> City_35 -> City_6 -> City_17 -> City_1 -> City_28 -> City_5 -> City_38 -> City_27 -> City_18 -> City_26 -> City_2 -> City_20 -> City_10 -> City_40 -> City_19 -> City_15 -> City_39 -> City_36 -> City_7 -> City_32 -> City_16 -> City_11 -> City_25 -> City_31
365,600.2167252578311,596.4636178585783,City_12 -> City_24 -> City_9 -> City_33 -> City_8 -> City_3 -> City_29 -> City_30 -> City_21 -> City_14 -> City_23 -> City_13 -> City_34 -> City_37 -> City_4 -> City_22 -> City_17 -> City_6 -> City_35 -> City_1 -> City_28 -> City_5 -> City_38 -> City_27 -> City_18 -> City_26 -> City_2 -> City_20 -> City_31 -> City_40 -> City_19 -> City_15 -> City_39 -> City_36 -> City_7 -> City_32 -> City_11 -> City_16 -> City_25 -> City_10
370,601.8299185553824,596.4636178585783,City_12 -> City_33 -> City_24 -> City_9 -> City_8 -> City_3 -> City_29 -> City_30 -> City_21 -> City_14 -> City_23 -> City_13 -> City_34 -> City_37 -> City_4 -> City_22 -> City_6 -> City_35 -> City_17 -> City_1 -> City_28 -> City_5 -> City_38 -> City_27 -> City_18 -> City_26 -> City_2 -> City_20 -> City_31 -> City_19 -> City_40 -> City_15 -> City_39 -> City_36 -> City_7 -> City_32 -> City_11 -> City_16 -> City_25 -> City_10
375,605.8424622387266,596.4636178585783,City_12 -> City_24 -> City_33 -> City_9 -> City_8 -> City_3 -> City_29 -> City_30 -> City_21 -> City_14 -> City_23 -> City_13 -> City_34 -> City_4 -> City_37 -> City_22 -> City_17 -> City_35 -> City_6 -> City_1 -> City_28 -> City_5 -> City_38 -> City_27 -> City_18 -> City_26 -> City_2 -> City_20 -> City_10 -> City_19 -> City_40 -> City_15 -> City_39 -> City_36 -> City_7 -> City_32 -> City_16 -> City_11 -> City_25 -> City_31
380,607.320128966941,596.4636178585783,City_33 -> City_9 -> City_24 -> City_12 -> City_8 -> City_3 -> City_29 -> City_30 -> City_21 -> City_14 -> City_23 -> City_13 -> City_34 -> City_4 -> City_37 -> City_22 -> City_35 -> City_17 -> City_6 -> City_1 -> City_28 -> City_5 -> City_38 -> City_27 -> City_18 -> City_26 -> City_2 -> City_20 -> City_10 -> City_40 -> City_19 -> City_15 -> City_39 -> City_36 -> City_7 -> City_32 -> City_16 -> City_11 -> City_25 -> City_31
385,603.503518556169,596.4636178585783,City_33 -> City_24 -> City_9 -> City_12 -> City_8 -> City_3 -> City_29 -> City_30 -> City_21 -> City_14 -> City_23 -> City_13 -> City_34 -> City_37 -> City_4 -> City_22 -> City_35 -> City_6 -> City_17 -> City_1 -> City_28 -> City_5 -> City_38 -> City_27 -> City_18 -> City_26 -> City_2 -> City_20 -> City_31 -> City_40 -> City_19 -> City_15 -> City_39 -> City_36 -> City_7 -> City_32 -> City_11 -> City_16 -> City_25 -> City_10
390,600.8898078916111,596.4636178585783,City_12 -> City_33 -> City_24 -> City_9 -> City_8 -> City_3 -> City_29 -> City_30 -> City_21 -> City_14 -> City_23 -> City_13 -> City_34 -> City_37 -> City_4 -> City_22 -> City_17 -> City_6 -> City_35 -> City_1 -> City_28 -> City_5 -> City_38 -> City_27 -> City_18 -> City_26 -> City_2 -> City_20 -> City_31 -> City_19 -> City_40 -> City_15 -> City_39 -> City_36 -> City_7 -> City_32 -> City_11 -> City_16 -> City_25 -> City_10
395,602.6678454846561,596.4636178585783,City_12 -> City_33 -> City_24 -> City_9 -> City_8 -> City_3 -> City_29 -> City_30 -> City_21 -> City_14 -> City_23 -> City_13 -> City_34 -> City_4 -> City_37 -> City_22 -> City_6 -> City_35 -> City_17 -> City_1 -> City_28 -> City_5 -> City_38 -> City_27 -> City_18 -> City_26 -> City_2 -> City_20 -> City_10 -> City_19 -> City_40 -> City_15 -> City_39 -> City_36 -> City_7 -> City_32 -> City_16 -> City_11 -> City_25 -> City_31
400,603.3440889090261,596.4636178585783,City_24 -> City_9 -> City_33 -> City_12 -> City_8 -> City_3 -> City_29 -> City_30 -> City_21 -> City_14 -> City_23 -> City_13 -> City_34 -> City_4 -> City_37 -> City_22 -> City_17 -> City_35 -> City_6 -> City_1 -> City_28 -> City_5 -> City_38 -> City_27 -> City_18 -> City_26 -> City_2 -> City_20 -> City_10 -> City_40 -> City_19 -> City_15 -> City_39 -> City_36 -> City_7 -> City_32 -> City_16 -> City_11 -> City_25 -> City_31
405,602.8983984294176,596.4636178585783,City_33 -> City_9 -> City_24 -> City_12 -> City_8 -> City_3 -> City_29 -> City_30 -> City_21 -> City_14 -> City_23 -> City_13 -> City_34 -> City_37 -> City_4 -> City_22 -> City_35 -> City_6 -> City_17 -> City_1 -> City_28 -> City_5 -> City_38 -> City_27 -> City_18 -> City_26 -> City_2 -> City_20 -> City_10 -> City_40 -> City_19 -> City_15 -> City_39 -> City_36 -> City_7 -> City_32 -> City_11 -> City_16 -> City_25 -> City_31
410,601.2050385095868,596.4636178585783,City_12 -> City_33 -> City_9 -> City_24 -> City_8 -> City_3 -> City_29 -> City_30 -> City_21 -> City_14 -> City_23 -> City_13 -> City_34 -> City_37 -> City_4 -> City_22 -> City_17 -> City_6 -> City_35 -> City_1 -> City_28 -> City_5 -> City_38 -> City_27 -> City_18 -> City_26 -> City_2 -> City_20 -> City_31 -> City_40 -> City_19 -> City_15 -> City_39 -> City_36 -> City_7 -> City_32 -> City_11 -> City_16 -> City_25 -> City_10
415,603.589418940848,596.4636178585783,City_12 -> City_33 -> City_24 -> City_9 -> City_8 -> City_3 -> City_29 -> City_30 -> City_21 -> City_14 -> City_23 -> City_13 -> City_34 -> City_4 -> City_37 -> City_22 -> City_6 -> City_35 -> City_17 -> City_1 -> City_28 -> City_5 -> City_38 -> City_27 -> City_18 -> City_26 -> City_2 -> City_20 -> City_31 -> City_19 -> City_40 -> City_15 -> City_39 -> City_36 -> City_7 -> City_32 -> City_11 -> City_16 -> City_25 -> City_10
420,604.2236194337988,596.4636178585783,City_9 -> City_24 -> City_33 -> City_12 -> City_8 -> City_3 -> City_29 -> City_30 -> City_21 -> City_14 -> City_23 -> City_13 -> City_34 -> City_4 -> City_37 -> City_22 -> City_17 -> City_35 -> City_6 -> City_1 -> City_28 -> City_5 -> City_38 -> City_27 -> City_18 -> City_26 -> City_2 -> City_20 -> City_10 -> City_19 -> City_40 -> City_15 -> City_39 -> City_36 -> City_7 -> City_32 -> City_16 -> City_11 -> City_25 -> City_31
425,604.5622394786668,596.4636178585783,City_33 -> City_9 -> City_24 -> City_12 -> City_8 -> City_3 -> City_29 -> City_30 -> City_21 -> City_14 -> City_23 -> City_13 -> City_34 -> City_4 -> City_37 -> City_22 -> City_35 -> City_6 -> City_17 -> City_1 -> City_28 -> City_5 -> City_38 -> City_27 -> City_18 -> City_26 -> City_2 -> City_20 -> City_10 -> City_40 -> City_19 -> City_15 -> City_39 -> City_36 -> City_7 -> City_32 -> City_16 -> City_11 -> City_25 -> City_31
430,599.0412539257488,596.4636178585783,City_33 -> City_24 -> City_9 -> City_12 -> City_8 -> City_3 -> City_29 -> City_30 -> City_21 -> City_14 -> City_23 -> City_13 -> City_34 -> City_37 -> City_4 -> City_22 -> City_17 -> City_6 -> City_35 -> City_1 -> City_28 -> City_5 -> City_38 -> City_27 -> City_18 -> City_26 -> City_2 -> City_20 -> City_31 -> City_40 -> City_19 -> City_15 -> City_39 -> City_36 -> City_7 -> City_32 -> City_11 -> City_16 -> City_25 -> City_10
435,600.3580987096916,596.4636178585783,City_12 -> City_33 -> City_24 -> City_9 -> City_8 -> City_3 -> City_29 -> City_30 -> City_21 -> City_14 -> City_23 -> City_13 -> City_34 -> City_37 -> City_4 -> City_22 -> City_6 -> City_17 -> City_35 -> City_1 -> City_28 -> City_5 -> City_38 -> City_27 -> City_18 -> City_26 -> City_2 -> City_20 -> City_31 -> City_19 -> City_40 -> City_15 -> City_39 -> City_36 -> City_7 -> City_32 -> City_11 -> City_16 -> City_25 -> City_10
440,602.5528635685329,596.4636178585783,City_12 -> City_24 -> City_33 -> City_9 -> City_8 -> City_3 -> City_29 -> City_30 -> City_21 -> City_14 -> City_23 -> City_13 -> City_34 -> City_4 -> City_37 -> City_22 -> City_6 -> City_35 -> City_17 -> City_1 -> City_28 -> City_5 -> City_38 -> City_27 -> City_18 -> City_26 -> City_2 -> City_20 -> City_10 -> City_19 -> City_40 -> City_15 -> City_39 -> City_36 -> City_7 -> City_32 -> City_16 -> City_11 -> City_25 -> City_31
445,604.3296841822116,596.4636178585783,City_33 -> City_9 -> City_24 -> City_12 -> City_8 -> City_3 -> City_29 -> City_30 -> City_21 -> City_14 -> City_23 -> City_13 -> City_34 -> City_4 -> City_37 -> City_22 -> City_17 -> City_35 -> City_6 -> City_1 -> City_28 -> City_5 -> City_38 -> City_27 -> City_18 -> City_26 -> City_2 -> City_20 -> City_10 -> City_40 -> City_19 -> City_15 -> City_39 -> City_36 -> City_7 -> City_32 -> City_16 -> City_11 -> City_25 -> City_31
450,602.2338285594433,596.4636178585783,City_33 -> City_9 -> City_24 -> City_12 -> City_8 -> City_3 -> City_29 -> City_30 -> City_21 -> City_14 -> City_23 -> City_13 -> City_34 -> City_37 -> City_4 -> City_22 -> City_35 -> City_6 -> City_17 -> City_1 -> City_28 -> City_5 -> City_38 -> City_27 -> City_18 -> City_26 -> City_2 -> City_20 -> City_31 -> City_40 -> City_19 -> City_15 -> City_39 -> City_36 -> City_7 -> City_32 -> City_11 -> City_16 -> City_25 -> City_10
455,599.832141596527,596.4636178585783,City_12 -> City_33 -> City_9 -> City_24 -> City_8 -> City_3 -> City_29 -> City_30 -> City_21 -> City_14 -> City_23 -> City_13 -> City_34 -> City_37 -> City_4 -> City_22 -> City_17 -> City_6 -> City_35 -> City_1 -> City_28 -> City_5 -> City_38 -> City_27 -> City_18 -> City_26 -> City_2 -> City_20 -> City_31 -> City_19 -> City_40 -> City_15 -> City_39 -> City_36 -> City_7 -> City_32 -> City_11 -> City_16 -> City_25 -> City_10
460,603.4937596046315,596.4636178585783,City_12 -> City_33 -> City_24 -> City_9 -> City_8 -> City_3 -> City_29 -> City_30 -> City_21 -> City_14 -> City_23 -> City_13 -> City_34 -> City_4 -> City_37 -> City_22 -> City_6 -> City_35 -> City_17 -> City_1 -> City_28 -> City_5 -> City_38 -> City_27 -> City_18 -> City_26 -> City_2 -> City_20 -> City_31 -> City_19 -> City_40 -> City_15 -> City_39 -> City_36 -> City_7 -> City_32 -> City_16 -> City_11 -> City_25 -> City_10
465,602.6699965896149,596.4636178585783,City_24 -> City_9 -> City_33 -> City_12 -> City_8 -> City_3 -> City_29 -> City_30 -> City_21 -> City_14 -> City_23 -> City_13 -> City_34 -> City_4 -> City_37 -> City_22 -> City_17 -> City_35 -> City_6 -> City_1 -> City_28 -> City_5 -> City_38 -> City_27 -> City_18 -> City_26 -> City_2 -> City_20 -> City_10 -> City_19 -> City_40 -> City_15 -> City_39 -> City_36 -> City_7 -> City_32 -> City_16 -> City_11 -> City_25 -> City_31
470,602.802739093201,596.4636178585783,City_33 -> City_9 -> City_24 -> City_12 -> City_8 -> City_3 -> City_29 -> City_30 -> City_21 -> City_14 -> City_23 -> City_13 -> City_34 -> City_37 -> City_4 -> City_22 -> City_35 -> City_6 -> City_17 -> City_1 -> City_28 -> City_5 -> City_38 -> City_27 -> City_18 -> City_26 -> City_2 -> City_20 -> City_10 -> City_40 -> City_19 -> City_15 -> City_39 -> City_36 -> City_7 -> City_32 -> City_16 -> City_11 -> City_25 -> City_31
475,600.2167252578311,596.4636178585783,City_12 -> City_24 -> City_9 -> City_33 -> City_8 -> City_3 -> City_29 -> City_30 -> City_21 -> City_14 -> City_23 -> City_13 -> City_34 -> City_37 -> City_4 -> City_22 -> City_17 -> City_6 -> City_35 -> City_1 -> City_28 -> City_5 -> City_38 -> City_27 -> City_18 -> City_26 -> City_2 -> City_20 -> City_31 -> City_40 -> City_19 -> City_15 -> City_39 -> City_36 -> City_7 -> City_32 -> City_11 -> City_16 -> City_25 -> City_10
480,601.8299185553824,596.4636178585783,City_12 -> City_33 -> City_24 -> City_9 -> City_8 -> City_3 -> City_29 -> City_30 -> City_21 -> City_14 -> City_23 -> City_13 -> City_34 -> City_37 -> City_4 -> City_22 -> City_6 -> City_35 -> City_17 -> City_1 -> City_28 -> City_5 -> City_38 -> City_27 -> City_18 -> City_26 -> City_2 -> City_20 -> City_31 -> City_19 -> City_40 -> City_15 -> City_39 -> City_36 -> City_7 -> City_32 -> City_11 -> City_16 -> City_25 -> City_10
485,605.8424622387266,596.4636178585783,City_12 -> City_24 -> City_33 -> City_9 -> City_8 -> City_3 -> City_29 -> City_30 -> City_21 -> City_14 -> City_23 -> City_13 -> City_34 -> City_4 -> City_37 -> City_22 -> City_17 -> City_35 -> City_6 -> City_1 -> City_28 -> City_5 -> City_38 -> City_27 -> City_18 -> City_26 -> City_2 -> City_20 -> City_10 -> City_19 -> City_40 -> City_15 -> City_39 -> City_36 -> City_7 -> City_32 -> City_16 -> City_11 -> City_25 -> City_31
490,607.320128966941,596.4636178585783,City_33 -> City_9 -> City_24 -> City_12 -> City_8 -> City_3 -> City_29 -> City_30 -> City_21 -> City_14 -> City_23 -> City_13 -> City_34 -> City_4 -> City_37 -> City_22 -> City_35 -> City_17 -> City_6 -> City_1 -> City_28 -> City_5 -> City_38 -> City_27 -> City_18 -> City_26 -> City_2 -> City_20 -> City_10 -> City_40 -> City_19 -> City_15 -> City_39 -> City_36 -> City_7 -> City_32 -> City_16 -> City_11 -> City_25 -> City_31
495,603.503518556169,596.4636178585783,City_33 -> City_24 -> City_9 -> City_12 -> City_8 -> City_3 -> City_29 -> City_30 -> City_21 -> City_14 -> City_23 -> City_13 -> City_34 -> City_37 -> City_4 -> City_22 -> City_35 -> City_6 -> City_17 -> City_1 -> City_28 -> City_5 -> City_38 -> City_27 -> City_18 -> City_26 -> City_2 -> City_20 -> City_31 -> City_40 -> City_19 -> City_15 -> City_39 -> City_36 -> City_7 -> City_32 -> City_11 -> City_16 -> City_25 -> City_10
500,600.8898078916111,596.4636178585783,City_12 -> City_33 -> City_24 -> City_9 -> City_8 -> City_3 -> City_29 -> City_30 -> City_21 -> City_14 -> City_23 -> City_13 -> City_34 -> City_37 -> City_4 -> City_22 -> City_17 -> City_6 -> City_35 -> City_1 -> City_28 -> City_5 -> City_38 -> City_27 -> City_18 -> City_26 -> City_2 -> City_20 -> City_31 -> City_19 -> City_40 -> City_15 -> City_39 -> City_36 -> City_7 -> City_32 -> City_11 -> City_16 -> City_25 -> City_10
505,602.6678454846561,596.4636178585783,City_12 -> City_33 -> City_24 -> City_9 -> City_8 -> City_3 -> City_29 -> City_30 -> City_21 -> City_14 -> City_23 -> City_13 -> City_34 -> City_4 -> City_37 -> City_22 -> City_6 -> City_35 -> City_17 -> City_1 -> City_28 -> City_5 -> City_38 -> City_27 -> City_18 -> City_26 -> City_2 -> City_20 -> City_10 -> City_19 -> City_40 -> City_15 -> City_39 -> City_36 -> City_7 -> City_32 -> City_16 -> City_11 -> City_25 -> City_31
510,603.3440889090261,596.4636178585783,City_24 -> City_9 -> City_33 -> City_12 -> City_8 -> City_3 -> City_29 -> City_30 -> City_21 -> City_14 -> City_23 -> City_13 -> City_34 -> City_4 -> City_37 -> City_22 -> City_17 -> City_35 -> City_6 -> City_1 -> City_28 -> City_5 -> City_38 -> City_27 -> City_18 -> City_26 -> City_2 -> City_20 -> City_10 -> City_40 -> City_19 -> City_15 -> City_39 -> City_36 -> City_7 -> City_32 -> City_16 -> City_11 -> City_25 -> City_31
515,602.8983984294176,596.4636178585783,City_33 -> City_9 -> City_24 -> City_12 -> City_8 -> City_3 -> City_29 -> City_30 -> City_21 -> City_14 -> City_23 -> City_13 -> City_34 -> City_37 -> City_4 -> City_22 -> City_35 -> City_6 -> City_17 -> City_1 -> City_28 -> City_5 -> City_38 -> City_27 -> City_18 -> City_26 -> City_2 -> City_20 -> City_10 -> City_40 -> City_19 -> City_15 -> City_39 -> City_36 -> City_7 -> City_32 -> City_11 -> City_16 -> City_25 -> City_31
520,601.2050385095868,596.4636178585783,City_12 -> City_33 -> City_9 -> City_24 -> City_8 -> City_3 -> City_29 -> City_30 -> City_21 -> City_14 -> City_23 -> City_13 -> City_34 -> City_37 -> City_4 -> City_22 -> City_17 -> City_6 -> City_35 -> City_1 -> City_28 -> City_5 -> City_38 -> City_27 -> City_18 -> City_26 -> City_2 -> City_20 -> City_31 -> City_40 -> City_19 -> City_15 -> City_39 -> City_36 -> City_7 -> City_32 -> City_11 -> City_16 -> City_25 -> City_10
525,603.589418940848,596.4636178585783,City_12 -> City_33 -> City_24 -> City_9 -> City_8 -> City_3 -> City_29 -> City_30 -> City_21 -> City_14 -> City_23 -> City_13 -> City_34 -> City_4 -> City_37 -> City_22 -> City_6 -> City_35 -> City_17 -> City_1 -> City_28 -> City_5 -> City_38 -> City_27 -> City_18 -> City_26 -> City_2 -> City_20 -> City_31 -> City_19 -> City_40 -> City_15 -> City_39 -> City_36 -> City_7 -> City_32 -> City_11 -> City_16 -> City_25 -> City_10
530,604.2236194337988,596.4636178585783,City_9 -> City_24 -> City_33 -> City_12 -> City_8 -> City_3 -> City_29 -> City_30 -> City_21 -> City_14 -> City_23 -> City_13 -> City_34 -> City_4 -> City_37 -> City_22 -> City_17 -> City_35 -> City_6 -> City_1 -> City_28 -> City_5 -> City_38 -> City_27 -> City_18 -> City_26 -> City_2 -> City_20 -> City_10 -> City_19 -> City_40 -> City_15 -> City_39 -> City_36 -> City_7 -> City_32 -> City_16 -> City_11 -> City_25 -> City_31
535,604.5622394786668,596.4636178585783,City_33 -> City_9 -> City_24 -> City_12 -> City_8 -> City_3 -> City_29 -> City_30 -> City_21 -> City_14 -> City_23 -> City_13 -> City_34 -> City_4 -> City_37 -> City_22 -> City_35 -> City_6 -> City_17 -> City_1 -> City_28 -> City_5 -> City_38 -> City_27 -> City_18 -> City_26 -> City_2 -> City_20 -> City_10 -> City_40 -> City_19 -> City_15 -> City_39 -> City_36 -> City_7 -> City_32 -> City_16 -> City_11 -> City_25 -> City_31
540,599.0412539257488,596.4636178585783,City_33 -> City_24 -> City_9 -> City_12 -> City_8 -> City_3 -> City_29 -> City_30 -> City_21 -> City_14 -> City_23 -> City_13 -> City_34 -> City_37 -> City_4 -> City_22 -> City_17 -> City_6 -> City_35 -> City_1 -> City_28 -> City_5 -> City_38 -> City_27 -> City_18 -> City_26 -> City_2 -> City_20 -> City_31 -> City_40 -> City_19 -> City_15 -> City_39 -> City_36 -> City_7 -> City_32 -> City_11 -> City_16 -> City_25 -> City_10
545,600.3580987096916,596.4636178585783,City_12 -> City_33 -> City_24 -> City_9 -> City_8 -> City_3 -> City_29 -> City_30 -> City_21 -> City_14 -> City_23 -> City_13 -> City_34 -> City_37 -> City_4 -> City_22 -> City_6 -> City_17 -> City_35 -> City_1 -> City_28 -> City_5 -> City_38 -> City_27 -> City_18 -> City_26 -> City_2 -> City_20 -> City_31 -> City_19 -> City_40 -> City_15 -> City_39 -> City_36 -> City_7 -> City_32 -> City_11 -> City_16 -> City_25 -> City_10
550,602.5528635685329,596.4636178585783,City_12 -> City_24 -> City_33 -> City_9 -> City_8 -> City_3 -> City_29 -> City_30 -> City_21 -> City_14 -> City_23 -> City_13 -> City_34 -> City_4 -> City_37 -> City_22 -> City_6 -> City_35 -> City_17 -> City_1 -> City_28 -> City_5 -> City_38 -> City_27 -> City_18 -> City_26 -> City_2 -> City_20 -> City_10 -> City_19 -> City_40 -> City_15 -> City_39 -> City_36 -> City_7 -> City_32 -> City_16 -> City_11 -> City_25 -> City_31
555,604.3296841822116,596.4636178585783,City_33 -> City_9 -> City_24 -> City_12 -> City_8 -> City_3 -> City_29 -> City_30 -> City_21 -> City_14 -> City_23 -> City_13 -> City_34 -> City_4 -> City_37 -> City_22 -> City_17 -> City_35 -> City_6 -> City_1 -> City_28 -> City_5 -> City_38 -> City_27 -> City_18 -> City_26 -> City_2 -> City_20 -> City_10 -> City_40 -> City_19 -> City_15 -> City_39 -> City_36 -> City_7 -> City_32 -> City_16 -> City_11 -> City_25 -> City_31
560,602.2338285594433,596.4636178585783,City_33 -> City_9 -> City_24 -> City_12 -> City_8 -> City_3 -> City_29 -> City_30 -> City_21 -> City_14 -> City_23 -> City_13 -> City_34 -> City_37 -> City_4 -> City_22 -> City_35 -> City_6 -> City_17 -> City_1 -> City_28 -> City_5 -> City_38 -> City_27 -> City_18 -> City_26 -> City_2 -> City_20 -> City_31 -> City_40 -> City_19 -> City_15 -> City_39 -> City_36 -> City_7 -> City_32 -> City_11 -> City_16 -> City_25 -> City_10
565,599.832141596527,596.4636178585783,City_12 -> City_33 -> City_9 -> City_24 -> City_8 -> City_3 -> City_29 -> City_30 -> City_21 -> City_14 -> City_23 -> City_13 -> City_34 -> City_37 -> City_4 -> City_22 -> City_17 -> City_6 -> City_35 -> City_1 -> City_28 -> City_5 -> City_38 -> City_27 -> City_18 -> City_26 -> City_2 -> City_20 -> City_31 -> City_19 -> City_40 -> City_15 -> City_39 -> City_36 -> City_7 -> City_32 -> City_11 -> City_16 -> City_25 -> City_10
570,603.4937596046315,596.4636178585783,City_12 -> City_33 -> City_24 -> City_9 -> City_8 -> City_3 -> City_29 -> City_30 -> City_21 -> City_14 -> City_23 -> City_13 -> City_34 -> City_4 -> City_37 -> City_22 -> City_6 -> City_35 -> City_17 -> City_1 -> City_28 -> City_5 -> City_38 -> City_27 -> City_18 -> City_26 -> City_2 -> City_20 -> City_31 -> City_19 -> City_40 -> City_15 -> City_39 -> City_36 -> City_7 -> City_32 -> City_16 -> City_11 -> City_25 -> City_10
575,602.6699965896149,596.4636178585783,City_24 -> City_9 -> City_33 -> City_12 -> City_8 -> City_3 -> City_29 -> City_30 -> City_21 -> City_14 -> City_23 -> City_13 -> City_34 -> City_4 -> City_37 -> City_22 -> City_17 -> City_35 -> City_6 -> City_1 -> City_28 -> City_5 -> City_38 -> City_27 -> City_18 -> City_26 -> City_2 -> City_20 -> City_10 -> City_19 -> City_40 -> City_15 -> City_39 -> City_36 -> City_7 -> City_32 -> City_16 -> City_11 -> City_25 -> City_31
580,602.802739093201,596.4636178585783,City_33 -> City_9 -> City_24 -> City_12 -> City_8 -> City_3 -> City_29 -> City_30 -> City_21 -> City_14 -> City_23 -> City_13 -> City_34 -> City_37 -> City_4 -> City_22 -> City_35 -> City_6 -> City_17 -> City_1 -> City_28 -> City_5 -> City_38 -> City_27 -> City_18 -> City_26 -> City_2 -> City_20 -> City_10 -> City_40 -> City_19 -> City_15 -> City_39 -> City_36 -> City_7 -> City_32 -> City_16 -> City_11 -> City_25 -> City_31
585,600.2167252578311,596.4636178585783,City_12 -> City_24 -> City_9 -> City_33 -> City_8 -> City_3 -> City_29 -> City_30 -> City_21 -> City_14 -> City_23 -> City_13 -> City_34 -> City_37 -> City_4 -> City_22 -> City_17 -> City_6 -> City_35 -> City_1 -> City_28 -> City_5 -> City_38 -> City_27 -> City_18 -> City_26 -> City_2 -> City_20 -> City_31 -> City_40 -> City_19 -> City_15 -> City_39 -> City_36 -> City_7 -> City_32 -> City_11 -> City_16 -> City_25 -> City_10
590,601.8299185553824,596.4636178585783,City_12 -> City_33 -> City_24 -> City_9 -> City_8 -> City_3 -> City_29 -> City_30 -> City_21 -> City_14 -> City_23 -> City_13 -> City_34 -> City_37 -> City_4 -> City_22 -> City_6 -> City_35 -> City_17 -> City_1 -> City_28 -> City_5 -> City_38 -> City_27 -> City_18 -> City_26 -> City_2 -> City_20 -> City_31 -> City_19 -> City_40 -> City_15 -> City_39 -> City_36 -> City_7 -> City_32 -> City_11 -> City_16 -> City_25 -> City_10
595,605.8424622387266,596.4636178585783,City_12 -> City_24 -> City_33 -> City_9 -> City_8 -> City_3 -> City_29 -> City_30 -> City_21 -> City_14 -> City_23 -> City_13 -> City_34 -> City_4 -> City_37 -> City_22 -> City_17 -> City_35 -> City_6 -> City_1 -> City_28 -> City_5 -> City_38 -> City_27 -> City_18 -> City_26 -> City_2 -> City_20 -> City_10 -> City_19 -> City_40 -> City_15 -> City_39 -> City_36 -> City_7 -> City_32 -> City_16 -> City_11 -> City_25 -> City_31
600,607.320128966941,596.4636178585783,City_33 -> City_9 -> City_24 -> City_12 -> City_8 -> City_3 -> City_29 -> City_30 -> City_21 -> City_14 -> City_23 -> City_13 -> City_34 -> City_4 -> City_37 -> City_22 -> City_35 -> City_17 -> City_6 -> City_1 -> City_28 -> City_5 -> City_38 -> City_27 -> City_18 -> City_26 -> City_2 -> City_20 -> City_10 -> City_40 -> City_19 -> City_15 -> City_39 -> City_36 -> City_7 -> City_32 -> City_16 -> City_11 -> City_25 -> City_31
605,603.503518556169,596.4636178585783,City_33 -> City_24 -> City_9 -> City_12 -> City_8 -> City_3 -> City_29 -> City_30 -> City_21 -> City_14 -> City_23 -> City_13 -> City_34 -> City_37 -> City_4 -> City_22 -> City_35 -> City_6 -> City_17 -> City_1 -> City_28 -> City_5 -> City_38 -> City_27 -> City_18 -> City_26 -> City_2 -> City_20 -> City_31 -> City_40 -> City_19 -> City_15 -> City_39 -> City_36 -> City_7 -> City_32 -> City_11 -> City_16 -> City_25 -> City_10
610,600.8898078916111,596.4636178585783,City_12 -> City_33 -> City_24 -> City_9 -> City_8 -> City_3 -> City_29 -> City_30 -> City_21 -> City_14 -> City_23 -> City_13 -> City_34 -> City_37 -> City_4 -> City_22 -> City_17 -> City_6 -> City_35 -> City_1 -> City_28 -> City_5 -> City_38 -> City_27 -> City_18 -> City_26 -> City_2 -> City_20 -> City_31 -> City_19 -> City_40 -> City_15 -> City_39 -> City_36 -> City_7 -> City_32 -> City_11 -> City_16 -> City_25 -> City_10
615,602.6678454846561,596.4636178585783,City_12 -> City_33 -> City_24 -> City_9 -> City_8 -> City_3 -> City_29 -> City_30 -> City_21 -> City_14 -> City_23 -> City_13 -> City_34 -> City_4 -> City_37 -> City_22 -> City_6 -> City_35 -> City_17 -> City_1 -> City_28 -> City_5 -> City_38 -> City_27 -> City_18 -> City_26 -> City_2 -> City_20 -> City_10 -> City_19 -> City_40 -> City_15 -> City_39 -> City_36 -> City_7 -> City_32 -> City_16 -> City_11 -> City_25 -> City_31
620,603.3440889090261,596.4636178585783,City_24 -> City_9 -> City_33 -> City_12 -> City_8 -> City_3 -> City_29 -> City_30 -> City_21 -> City_14 -> City_23 -> City_13 -> City_34 -> City_4 -> City_37 -> City_22 -> City_17 -> City_35 -> City_6 -> City_1 -> City_28 -> City_5 -> City_38 -> City_27 -> City_18 -> City_26 -> City_2 -> City_20 -> City_10 -> City_40 -> City_19 -> City_15 -> City_39 -> City_36 -> City_7 -> City_32 -> City_16 -> City_11 -> City_25 -> City_31
625,602.8983984294176,596.4636178585783,City_33 -> City_9 -> City_24 -> City_12 -> City_8 -> City_3 -> City_29 -> City_30 -> City_21 -> City_14 -> City_23 -> City_13 -> City_34 -> City_37 -> City_4 -> City_22 -> City_35 -> City_6 -> City_17 -> City_1 -> City_28 -> City_5 -> City_38 -> City_27 -> City_18 -> City_26 -> City_2 -> City_20 -> City_10 -> City_40 -> City_19 -> City_15 -> City_39 -> City_36 -> City_7 -> City_32 -> City_11 -> City_16 -> City_25 -> City_31
630,601.2050385095868,596.4636178585783,City_12 -> City_33 -> City_9 -> City_24 -> City_8 -> City_3 -> City_29 -> City_30 -> City_21 -> City_14 -> City_23 -> City_13 -> City_34 -> City_37 -> City_4 -> City_22 -> City_17 -> City_6 -> City_35 -> City_1 -> City_28 -> City_5 -> City_38 -> City_27 -> City_18 -> City_26 -> City_2 -> City_20 -> City_31 -> City_40 -> City_19 -> City_15 -> City_39 -> City_36 -> City_7 -> City_32 -> City_11 -> City_16 -> City_25 -> City_10
635,603.589418940848,596.4636178585783,City_12 -> City_33 -> City_24 -> City_9 -> City_8 -> City_3 -> City_29 -> City_30 -> City_21 -> City_14 -> City_23 -> City_13 -> City_34 -> City_4 -> City_37 -> City_22 -> City_6 -> City_35 -> City_17 -> City_1 -> City_28 -> City_5 -> City_38 -> City_27 -> City_18 -> City_26 -> City_2 -> City_20 -> City_31 -> City_19 -> City_40 -> City_15 -> City_39 -> City_36 -> City_7 -> City_32 -> City_11 -> City_16 -> City_25 -> City_10
640,604.2236194337988,596.4636178585783,City_9 -> City_24 -> City_33 -> City_12 -> City_8 -> City_3 -> City_29 -> City_30 -> City_21 -> City_14 -> City_23 -> City_13 -> City_34 -> City_4 -> City_37 -> City_22 -> City_17 -> City_35 -> City_6 -> City_1 -> City_28 -> City_5 -> City_38 -> City_27 -> City_18 -> City_26 -> City_2 -> City_20 -> City_10 -> City_19 -> City_40 -> City_15 -> City_39 -> City_36 -> City_7 -> City_32 -> City_16 -> City_11 -> City_25 -> City_31
645,604.5622394786668,596.4636178585783,City_33 -> City_9 -> City_24 -> City_12 -> City_8 -> City_3 -> City_29 -> City_30 -> City_21 -> City_14 -> City_23 -> City_13 -> City_34 -> City_4 -> City_37 -> City_22 -> City_35 -> City_6 -> City_17 -> City_1 -> City_28 -> City_5 -> City_38 -> City_27 -> City_18 -> City_26 -> City_2 -> City_20 -> City_10 -> City_40 -> City_19 -> City_15 -> City_39 -> City_36 -> City_7 -> City_32 -> City_16 -> City_11 -> City_25 -> City_31
650,599.0412539257488,596.4636178585783,City_33 -> City_24 -> City_9 -> City_12 -> City_8 -> City_3 -> City_29 -> City_30 -> City_21 -> City_14 -> City_23 -> City_13 -> City_34 -> City_37 -> City_4 -> City_22 -> City_17 -> City_6 -> City_35 -> City_1 -> City_28 -> City_5 -> City_38 -> City_27 -> City_18 -> City_26 -> City_2 -> City_20 -> City_31 -> City_40 -> City_19 -> City_15 -> City_39 -> City_36 -> City_7 -> City_32 -> City_11 -> City_16 -> City_25 -> City_10
655,600.3580987096916,596.4636178585783,City_12 -> City_33 -> City_24 -> City_9 -> City_8 -> City_3 -> City_29 -> City_30 -> City_21 -> City_14 -> City_23 -> City_13 -> City_34 -> City_37 -> City_4 -> City_22 -> City_6 -> City_17 -> City_35 -> City_1 -> City_28 -> City_5 -> City_38 -> City_27 -> City_18 -> City_26 -> City_2 -> City_20 -> City_31 -> City_19 -> City_40 -> City_15 -> City_39 -> City_36 -> City_7 -> City_32 -> City_11 -> City_16 -> City_25 -> City_10
660,602.5528635685329,596.4636178585783,City_12 -> City_24 -> City_33 -> City_9 -> City_8 -> City_3 -> City_29 -> City_30 -> City_21 -> City_14 -> City_23 -> City_13 -> City_34 -> City_4 -> City_37 -> City_22 -> City_6 -> City_35 -> City_17 -> City_1 -> City_28 -> City_5 -> City_38 -> City_27 -> City_18 -> City_26 -> City_2 -> City_20 -> City_10 -> City_19 -> City_40 -> City_15 -> City_39 -> City_36 -> City_7 -> City_32 -> City_16 -> City_11 -> City_25 -> City_31
665,604.3296841822116,596.4636178585783,City_33 -> City_9 -> City_24 -> City_12 -> City_8 -> City_3 -> City_29 -> City_30 -> City_21 -> City_14 -> City_23 -> City_13 -> City_34 -> City_4 -> City_37 -> City_22 -> City_17 -> City_35 -> City_6 -> City_1 -> City_28 -> City_5 -> City_38 -> City_27 -> City_18 -> City_26 -> City_2 -> City_20 -> City_10 -> City_40 -> City_19 -> City_15 -> City_39 -> City_36 -> City_7 -> City_32 -> City_16 -> City_11 -> City_25 -> City_31
670,602.2338285594433,596.4636178585783,City_33 -> City_9 -> City_24 -> City_12 -> City_8 -> City_3 -> City_29 -> City_30 -> City_21 -> City_14 -> City_23 -> City_13 -> City_34 -> City_37 -> City_4 -> City_22 -> City_35 -> City_6 -> City_17 -> City_1 -> City_28 -> City_5 -> City_38 -> City_27 -> City_18 -> City_26 -> City_2 -> City_20 -> City_31 -> City_40 -> City_19 -> City_15 -> City_39 -> City_36 -> City_7 -> City_32 -> City_11 -> City_16 -> City_25 -> City_10
675,599.832141596527,596.4636178585783,City_12 -> City_33 -> City_9 -> City_24 -> City_8 -> City_3 -> City_29 -> City_30 -> City_21 -> City_14 -> City_23 -> City_13 -> City_34 -> City_37 -> City_4 -> City_22 -> City_17 -> City_6 -> City_35 -> City_1 -> City_28 -> City_5 -> City_38 -> City_27 -> City_18 -> City_26 -> City_2 -> City_20 -> City_31 -> City_19 -> City_40 -> City_15 -> City_39 -> City_36 -> City_7 -> City_32 -> City_11 -> City_16 -> City_25 -> City_10
680,603.4937596046315,596.4636178585783,City_12 -> City_33 -> City_24 -> City_9 -> City_8 -> City_3 -> City_29 -> City_30 -> City_21 -> City_14 -> City_23 -> City_13 -> City_34 -> City_4 -> City_37 -> City_22 -> City_6 -> City_35 -> City_17 -> City_1 -> City_28 -> City_5 -> City_38 -> City_27 -> City_18 -> City_26 -> City_2 -> City_20 -> City_31 -> City_19 -> City_40 -> City_15 -> City_39 -> City_36 -> City_7 -> City_32 -> City_16 -> City_11 -> City_25 -> City_10
685,602.6699965896149,596.4636178585783,City_24 -> City_9 -> City_33 -> City_12 -> City_8 -> City_3 -> City_29 -> City_30 -> City_21 -> City_14 -> City_23 -> City_13 -> City_34 -> City_4 -> City_37 -> City_22 -> City_17 -> City_35 -> City_6 -> City_1 -> City_28 -> City_5 -> City_38 -> City_27 -> City_18 -> City_26 -> City_2 -> City_20 -> City_10 -> City_19 -> City_40 -> City_15 -> City_39 -> City_36 -> City_7 -> City_32 -> City_16 -> City_11 -> City_25 -> City_31
690,602.802739093201,596.4636178585783,City_33 -> City_9 -> City_24 -> City_12 -> City_8 -> City_3 -> City_29 -> City_30 -> City_21 -> City_14 -> City_23 -> City_13 -> City_34 -> City_37 -> City_4 -> City_22 -> City_35 -> City_6 -> City_17 -> City_1 -> City_28 -> City_5 -> City_38 -> City_27 -> City_18 -> City_26 -> City_2 -> City_20 -> City_10 -> City_40 -> City_19 -> City_15 -> City_39 -> City_36 -> City_7 -> City_32 -> City_16 -> City_11 -> City_25 -> City_31
695,600.2167252578311,596.4636178585783,City_12 -> City_24 -> City_9 -> City_33 -> City_8 -> City_3 -> City_29 -> City_30 -> City_21 -> City_14 -> City_23 -> City_13 -> City_34 -> City_37 -> City_4 -> City_22 -> City_17 -> City_6 -> City_35 -> City_1 -> City_28 -> City_5 -> City_38 -> City_27 -> City_18 -> City_26 -> City_2 -> City_20 -> City_31 -> City_40 -> City_19 -> City_15 -> City_39 -> City_36 -> City_7 -> City_32 -> City_11 -> City_16 -> City_25 -> City_10
700,601.8299185553824,596.4636178585783,City_12 -> City_33 -> City_24 -> City_9 -> City_8 -> City_3 -> City_29 -> City_30 -> City_21 -> City_14 -> City_23 -> City_13 -> City_34 -> City_37 -> City_4 -> City_22 -> City_6 -> City_35 -> City_17 -> City_1 -> City_28 -> City_5 -> City_38 -> City_27 -> City_18 -> City_26 -> City_2 -> City_20 -> City_31 -> City_19 -> City_40 -> City_15 -> City_39 -> City_36 -> City_7 -> City_32 -> City_11 -> City_16 -> City_25 -> City_10
705,605.8424622387266,596.4636178585783,City_12 -> City_24 -> City_33 -> City_9 -> City_8 -> City_3 -> City_29 -> City_30 -> City_21 -> City_14 -> City_23 -> City_13 -> City_34 -> City_4 -> City_37 -> City_22 -> City_17 -> City_35 -> City_6 -> City_1 -> City_28 -> City_5 -> City_38 -> City_27 -> City_18 -> City_26 -> City_2 -> City_20 -> City_10 -> City_19 -> City_40 -> City_15 -> City_39 -> City_36 -> City_7 -> City_32 -> City_16 -> City_11 -> City_25 -> City_31
710,607.320128966941,596.4636178585783,City_33 -> City_9 -> City_24 -> City_12 -> City_8 -> City_3 -> City_29 -> City_30 -> City_21 -> City_14 -> City_23 -> City_13 -> City_34 -> City_4 -> City_37 -> City_22 -> City_35 -> City_17 -> City_6 -> City_1 -> City_28 -> City_5 -> City_38 -> City_27 -> City_18 -> City_26 -> City_2 -> City_20 -> City_10 -> City_40 -> City_19 -> City_15 -> City_39 -> City_36 -> City_7 -> City_32 -> City_16 -> City_11 -> City_25 -> City_31
715,603.503518556169,596.4636178585783,City_33 -> City_24 -> City_9 -> City_12 -> City_8 -> City_3 -> City_29 -> City_30 -> City_21 -> City_14 -> City_23 -> City_13 -> City_34 -> City_37 -> City_4 -> City_22 -> City_35 -> City_6 -> City_17 -> City_1 -> City_28 -> City_5 -> City_38 -> City_27 -> City_18 -> City_26 -> City_2 -> City_20 -> City_31 -> City_40 -> City_19 -> City_15 -> City_39 -> City_36 -> City_7 -> City_32 -> City_11 -> City_16 -> City_25 -> City_10
720,600.8898078916111,596.4636178585783,City_12 -> City_33 -> City_24 -> City_9 -> City_8 -> City_3 -> City_29 -> City_30 -> City_21 -> City_14 -> City_23 -> City_13 -> City_34 -> City_37 -> City_4 -> City_22 -> City_17 -> City_6 -> City_35 -> City_1 -> City_28 -> City_5 -> City_38 -> City_27 -> City_18 -> City_26 -> City_2 -> City_20 -> City_31 -> City_19 -> City_40 -> City_15 -> City_39 -> City_36 -> City_7 -> City_32 -> City_11 -> City_16 -> City_25 -> City_10
725,602.6678454846561,596.4636178585783,City_12 -> City_33 -> City_24 -> City_9 -> City_8 -> City_3 -> City_29 -> City_30 -> City_21 -> City_14 -> City_23 -> City_13 -> City_34 -> City_4 -> City_37 -> City_22 -> City_6 -> City_35 -> City_17 -> City_1 -> City_28 -> City_5 -> City_38 -> City_27 -> City_18 -> City_26 -> City_2 -> City_20 -> City_10 -> City_19 -> City_40 -> City_15 -> City_39 -> City_36 -> City_7 -> City_32 -> City_16 -> City_11 -> City_25 -> City_31
730,603.3440889090261,596.4636178585783,City_24 -> City_9 -> City_33 -> City_12 -> City_8 -> City_3 -> City_29 -> City_30 -> City_21 -> City_14 -> City_23 -> City_13 -> City_34 -> City_4 -> City_37 -> City_22 -> City_17 -> City_35 -> City_6 -> City_1 -> City_28 -> City_5 -> City_38 -> City_27 -> City_18 -> City_26 -> City_2 -> City_20 -> City_10 -> City_40 -> City_19 -> City_15 -> City_39 -> City_36 -> City_7 -> City_32 -> City_16 -> City_11 -> City_25 -> City_31
735,602.8983984294176,596.4636178585783,City_33 -> City_9 -> City_24 -> City_12 -> City_8 -> City_3 -> City_29 -> City_30 -> City_21 -> City_14 -> City_23 -> City_13 -> City_34 -> City_37 -> City_4 -> City_22 -> City_35 -> City_6 -> City_17 -> City_1 -> City_28 -> City_5 -> City_38 -> City_27 -> City_18 -> City_26 -> City_2 -> City_20 -> City_10 -> City_40 -> City_19 -> City_15 -> City_39 -> City_36 -> City_7 -> City_32 -> City_11 -> City_16 -> City_25 -> City_31
740,601.2050385095868,596.4636178585783,City_12 -> City_33 -> City_9 -> City_24 -> City_8 -> City_3 -> City_29 -> City_30 -> City_21 -> City_14 -> City_23 -> City_13 -> City_34 -> City_37 -> City_4 -> City_22 -> City_17 -> City_6 -> City_35 -> City_1 -> City_28 -> City_5 -> City_38 -> City_27 -> City_18 -> City_26 -> City_2 -> City_20 -> City_31 -> City_40 -> City_19 -> City_15 -> City_39 -> City_36 -> City_7 -> City_32 -> City_11 -> City_16 -> City_25 -> City_10
745,603.589418940848,596.4636178585783,City_12 -> City_33 -> City_24 -> City_9 -> City_8 -> City_3 -> City_29 -> City_30 -> City_21 -> City_14 -> City_23 -> City_13 -> City_34 -> City_4 -> City_37 -> City_22 -> City_6 -> City_35 -> City_17 -> City_1 -> City_28 -> City_5 -> City_38 -> City_27 -> City_18 -> City_26 -> City_2 -> City_20 -> City_31 -> City_19 -> City_40 -> City_15 -> City_39 -> City_36 -> City_7 -> City_32 -> City_11 -> City_16 -> City_25 -> City_10
750,604.2236194337988,596.4636178585783,City_9 -> City_24 -> City_33 -> City_12 -> City_8 -> City_3 -> City_29 -> City_30 -> City_21 -> City_14 -> City_23 -> City_13 -> City_34 -> City_4 -> City_37 -> City_22 -> City_17 -> City_35 -> City_6 -> City_1 -> City_28 -> City_5 -> City_38 -> City_27 -> City_18 -> City_26 -> City_2 -> City_20 -> City_10 -> City_19 -> City_40 -> City_15 -> City_39 -> City_36 -> City_7 -> City_32 -> City_16 -> City_11 -> City_25 -> City_31
755,604.5622394786668,596.4636178585783,City_33 -> City_9 -> City_24 -> City_12 -> City_8 -> City_3 -> City_29 -> City_30 -> City_21 -> City_14 -> City_23 -> City_13 -> City_34 -> City_4 -> City_37 -> City_22 -> City_35 -> City_6 -> City_17 -> City_1 -> City_28 -> City_5 -> City_38 -> City_27 -> City_18 -> City_26 -> City_2 -> City_20 -> City_10 -> City_40 -> City_19 -> City_15 -> City_39 -> City_36 -> City_7 -> City_32 -> City_16 -> City_11 -> City_25 -> City_31
760,599.0412539257488,596.4636178585783,City_33 -> City_24 -> City_9 -> City_12 -> City_8 -> City_3 -> City_29 -> City_30 -> City_21 -> City_14 -> City_23 -> City_13 -> City_34 -> City_37 -> City_4 -> City_22 -> City_17 -> City_6 -> City_35 -> City_1 -> City_28 -> City_5 -> City_38 -> City_27 -> City_18 -> City_26 -> City_2 -> City_20 -> City_31 -> City_40 -> City_19 -> City_15 -> City_39 -> City_36 -> City_7 -> City_32 -> City_11 -> City_16 -> City_25 -> City_10
765,600.3580987096916,596.4636178585783,City_12 -> City_33 -> City_24 -> City_9 -> City_8 -> City_3 -> City_29 -> City_30 -> City_21 -> City_14 -> City_23 -> City_13 -> City_34 -> City_37 -> City_4 -> City_22 -> City_6 -> City_17 -> City_35 -> City_1 -> City_28 -> City_5 -> City_38 -> City_27 -> City_18 -> City_26 -> City_2 -> City_20 -> City_31 -> City_19 -> City_40 -> City_15 -> City_39 -> City_36 -> City_7 -> City_32 -> City_11 -> City_16 -> City_25 -> City_10
770,602.5528635685329,596.4636178585783,City_12 -> City_24 -> City_33 -> City_9 -> City_8 -> City_3 -> City_29 -> City_30 -> City_21 -> City_14 -> City_23 -> City_13 -> City_34 -> City_4 -> City_37 -> City_22 -> City_6 -> City_35 -> City_17 -> City_1 -> City_28 -> City_5 -> City_38 -> City_27 -> City_18 -> City_26 -> City_2 -> City_20 -> City_10 -> City_19 -> City_40 -> City_15 -> City_39 -> City_36 -> City_7 -> City_32 -> City_16 -> City_11 -> City_25 -> City_31
775,604.3296841822116,596.4636178585783,City_33 -> City_9 -> City_24 -> City_12 -> City_8 -> City_3 -> City_29 -> City_30 -> City_21 -> City_14 -> City_23 -> City_13 -> City_34 -> City_4 -> City_37 -> City_22 -> City_17 -> City_35 -> City_6 -> City_1 -> City_28 -> City_5 -> City_38 -> City_27 -> City_18 -> City_26 -> City_2 -> City_20 -> City_10 -> City_40 -> City_19 -> City_15 -> City_39 -> City_36 -> City_7 -> City_32 -> City_16 -> City_11 -> City_25 -> City_31
780,602.2338285594433,596.4636178585783,City_33 -> City_9 -> City_24 -> City_12 -> City_8 -> City_3 -> City_29 -> City_30 -> City_21 -> City_14 -> City_23 -> City_13 -> City_34 -> City_37 -> City_4 -> City_22 -> City_35 -> City_6 -> City_17 -> City_1 -> City_28 -> City_5 -> City_38 -> City_27 -> City_18 -> City_26 -> City_2 -> City_20 -> City_31 -> City_40 -> City_19 -> City_15 -> City_39 -> City_36 -> City_7 -> City_32 -> City_11 -> City_16 -> City_25 -> City_10
785,599.832141596527,596.4636178585783,City_12 -> City_33 -> City_9 -> City_24 -> City_8 -> City_3 -> City_29 -> City_30 -> City_21 -> City_14 -> City_23 -> City_13 -> City_34 -> City_37 -> City_4 -> City_22 -> City_17 -> City_6 -> City_35 -> City_1 -> City_28 -> City_5 -> City_38 -> City_27 -> City_18 -> City_26 -> City_2 -> City_20 -> City_31 -> City_19 -> City_40 -> City_15 -> City_39 -> City_36 -> City_7 -> City_32 -> City_11 -> City_16 -> City_25 -> City_10
790,603.4937596046315,596.4636178585783,City_12 -> City_33 -> City_24 -> City_9 -> City_8 -> City_3 -> City_29 -> City_30 -> City_21 -> City_14 -> City_23 -> City_13 -> City_34 -> City_4 -> City_37 -> City_22 -> City_6 -> City_35 -> City_17 -> City_1 -> City_28 -> City_5 -> City_38 -> City_27 -> City_18 -> City_26 -> City_2 -> City_20 -> City_31 -> City_19 -> City_40 -> City_15 -> City_39 -> City_36 -> City_7 -> City_32 -> City_16 -> City_11 -> City_25 -> City_10
795,602.6699965896149,596.4636178585783,City_24 -> City_9 -> City_33 -> City_12 -> City_8 -> City_3 -> City_29 -> City_30 -> City_21 -> City_14 -> City_23 -> City_13 -> City_34 -> City_4 -> City_37 -> City_22 -> City_17 -> City_35 -> City_6 -> City_1 -> City_28 -> City_5 -> City_38 -> City_27 -> City_18 -> City_26 -> City_2 -> City_20 -> City_10 -> City_19 -> City_40 -> City_15 -> City_39 -> City_36 -> City_7 -> City_32 -> City_16 -> City_11 -> City_25 -> City_31
800,602.802739093201,596.4636178585783,City_33 -> City_9 -> City_24 -> City_12 -> City_8 -> City_3 -> City_29 -> City_30 -> City_21 -> City_14 -> City_23 -> City_13 -> City_34 -> City_37 -> City_4 -> City_22 -> City_35 -> City_6 -> City_17 -> City_1 -> City_28 -> City_5 -> City_38 -> City_27 -> City_18 -> City_26 -> City_2 -> City_20 -> City_10 -> City_40 -> City_19 -> City_15 -> City_39 -> City_36 -> City_7 -> City_32 -> City_16 -> City_11 -> City_25 -> City_31
805,600.2167252578311,596.4636178585783,City_12 -> City_24 -> City_9 -> City_33 -> City_8 -> City_3 -> City_29 -> City_30 -> City_21 -> City_14 -> City_23 -> City_13 -> City_34 -> City_37 -> City_4 -> City_22 -> City_17 -> City_6 -> City_35 -> City_1 -> City_28 -> City_5 -> City_38 -> City_27 -> City_18 -> City_26 -> City_2 -> City_20 -> City_31 -> City_40 -> City_19 -> City_15 -> City_39 -> City_36 -> City_7 -> City_32 -> City_11 -> City_16 -> City_25 -> City_10
810,601.8299185553824,596.4636178585783,City_12 -> City_33 -> City_24 -> City_9 -> City_8 -> City_3 -> City_29 -> City_30 -> City_21 -> City_14 -> City_23 -> City_13 -> City_34 -> City_37 -> City_4 -> City_22 -> City_6 -> City_35 -> City_17 -> City_1 -> City_28 -> City_5 -> City_38 -> City_27 -> City_18 -> City_26 -> City_2 -> City_20 -> City_31 -> City_19 -> City_40 -> City_15 -> City_39 -> City_36 -> City_7 -> City_32 -> City_11 -> City_16 -> City_25 -> City_10
815,605.8424622387266,596.4636178585783,City_12 -> City_24 -> City_33 -> City_9 -> City_8 -> City_3 -> City_29 -> City_30 -> City_21 -> City_14 -> City_23 -> City_13 -> City_34 -> City_4 -> City_37 -> City_22 -> City_17 -> City_35 -> City_6 -> City_1 -> City_28 -> City_5 -> City_38 -> City_27 -> City_18 -> City_26 -> City_2 -> City_20 -> City_10 -> City_19 -> City_40 -> City_15 -> City_39 -> City_36 -> City_7 -> City_32 -> City_16 -> City_11 -> City_25 -> City_31
820,607.320128966941,596.4636178585783,City_33 -> City_9 -> City_24 -> City_12 -> City_8 -> City_3 -> City_29 -> City_30 -> City_21 -> City_14 -> City_23 -> City_13 -> City_34 -> City_4 -> City_37 -> City_22 -> City_35 -> City_17 -> City_6 -> City_1 -> City_28 -> City_5 -> City_38 -> City_27 -> City_18 -> City_26 -> City_2 -> City_20 -> City_10 -> City_40 -> City_19 -> City_15 -> City_39 -> City_36 -> City_7 -> City_32 -> City_16 -> City_11 -> City_25 -> City_31
825,603.503518556169,596.4636178585783,City_33 -> City_24 -> City_9 -> City_12 -> City_8 -> City_3 -> City_29 -> City_30 -> City_21 -> City_14 -> City_23 -> City_13 -> City_34 -> City_37 -> City_4 -> City_22 -> City_35 -> City_6 -> City_17 -> City_1 -> City_28 -> City_5 -> City_38 -> City_27 -> City_18 -> City_26 -> City_2 -> City_20 -> City_31 -> City_40 -> City_19 -> City_15 -> City_39 -> City_36 -> City_7 -> City_32 -> City_11 -> City_16 -> City_25 -> City_10
830,600.8898078916111,596.4636178585783,City_12 -> City_33 -> City_24 -> City_9 -> City_8 -> City_3 -> City_29 -> City_30 -> City_21 -> City_14 -> City_23 -> City_13 -> City_34 -> City_37 -> City_4 -> City_22 -> City_17 -> City_6 -> City_35 -> City_1 -> City_28 -> City_5 -> City_38 -> City_27 -> City_18 -> City_26 -> City_2 -> City_20 -> City_31 -> City_19 -> City_40 -> City_15 -> City_39 -> City_36 -> City_7 -> City_32 -> City_11 -> City_16 -> City_25 -> City_10
835,602.6678454846561,596.4636178585783,City_12 -> City_33 -> City_24 -> City_9 -> City_8 -> City_3 -> City_29 -> City_30 -> City_21 -> City_14 -> City_23 -> City_13 -> City_34 -> City_4 -> City_37 -> City_22 -> City_6 -> City_35 -> City_17 -> City_1 -> City_28 -> City_5 -> City_38 -> City_27 -> City_18 -> City_26 -> City_2 -> City_20 -> City_10 -> City_19 -> City_40 -> City_15 -> City_39 -> City_36 -> City_7 -> City_32 -> City_16 -> City_11 -> City_25 -> City_31
840,603.3440889090261,596.4636178585783,City_24 -> City_9 -> City_33 -> City_12 -> City_8 -> City_3 -> City_29 -> City_30 -> City_21 -> City_14 -> City_23 -> City_13 -> City_34 -> City_4 -> City_37 -> City_22 -> City_17 -> City_35 -> City_6 -> City_1 -> City_28 -> City_5 -> City_38 -> City_27 -> City_18 -> City_26 -> City_2 -> City_20 -> City_10 -> City_40 -> City_19 -> City_15 -> City_39 -> City_36 -> City_7 -> City_32 -> City_16 -> City_11 -> City_25 -> City_31
845,602.8983984294176,596.4636178585783,City_33 -> City_9 -> City_24 -> City_12 -> City_8 -> City_3 -> City_29 -> City_30 -> City_21 -> City_14 -> City_23 -> City_13 -> City_34 -> City_37 -> City_4 -> City_22 -> City_35 -> City_6 -> City_17 -> City_1 -> City_28 -> City_5 -> City_38 -> City_27 -> City_18 -> City_26 -> City_2 -> City_20 -> City_10 -> City_40 -> City_19 -> City_15 -> City_39 -> City_36 -> City_7 -> City_32 -> City_11 -> City_16 -> City_25 -> City_31
850,601.2050385095868,596.4636178585783,City_12 -> City_33 -> City_9 -> City_24 -> City_8 -> City_3 -> City_29 -> City_30 -> City_21 -> City_14 -> City_23 -> City_13 -> City_34 -> City_37 -> City_4 -> City_22 -> City_17 -> City_6 -> City_35 -> City_1 -> City_28 -> City_5 -> City_38 -> City_27 -> City_18 -> City_26 -> City_2 -> City_20 -> City_31 -> City_40 -> City_19 -> City_15 -> City_39 -> City_36 -> City_7 -> City_32 -> City_11 -> City_16 -> City_25 -> City_10
855,603.589418940848,596.4636178585783,City_12 -> City_33 -> City_24 -> City_9 -> City_8 -> City_3 -> City_29 -> City_30 -> City_21 -> City_14 -> City_23 -> City_13 -> City_34 -> City_4 -> City_37 -> City_22 -> City_6 -> City_35 -> City_17 -> City_1 -> City_28 -> City_5 -> City_38 -> City_27 -> City_18 -> City_26 -> City_2 -> City_20 -> City_31 -> City_19 -> City_40 -> City_15 -> City_39 -> City_36 -> City_7 -> City_32 -> City_11 -> City_16 -> City_25 -> City_10
860,604.2236194337988,596.4636178585783,City_9 -> City_24 -> City_33 -> City_12 -> City_8 -> City_3 -> City_29 -> City_30 -> City_21 -> City_14 -> City_23 -> City_13 -> City_34 -> City_4 -> City_37 -> City_22 -> City_17 -> City_35 -> City_6 -> City_1 -> City_28 -> City_5 -> City_38 -> City_27 -> City_18 -> City_26 -> City_2 -> City_20 -> City_10 -> City_19 -> City_40 -> City_15 -> City_39 -> City_36 -> City_7 -> City_32 -> City_16 -> City_11 -> City_25 -> City_31
865,604.5622394786668,596.4636178585783,City_33 -> City_9 -> City_24 -> City_12 -> City_8 -> City_3 -> City_29 -> City_30 -> City_21 -> City_14 -> City_23 -> City_13 -> City_34 -> City_4 -> City_37 -> City_22 -> City_35 -> City_6 -> City_17 -> City_1 -> City_28 -> City_5 -> City_38 -> City_27 -> City_18 -> City_26 -> City_2 -> City_20 -> City_10 -> City_40 -> City_19 -> City_15 -> City_39 -> City_36 -> City_7 -> City_32 -> City_16 -> City_11 -> City_25 -> City_31
870,599.0412539257488,596.4636178585783,City_33 -> City_24 -> City_9 -> City_12 -> City_8 -> City_3 -> City_29 -> City_30 -> City_21 -> City_14 -> City_23 -> City_13 -> City_34 -> City_37 -> City_4 -> City_22 -> City_17 -> City_6 -> City_35 -> City_1 -> City_28 -> City_5 -> City_38 -> City_27 -> City_18 -> City_26 -> City_2 -> City_20 -> City_31 -> City_40 -> City_19 -> City_15 -> City_39 -> City_36 -> City_7 -> City_32 -> City_11 -> City_16 -> City_25 -> City_10
875,600.3580987096916,596.4636178585783,City_12 -> City_33 -> City_24 -> City_9 -> City_8 -> City_3 -> City_29 -> City_30 -> City_21 -> City_14 -> City_23 -> City_13 -> City_34 -> City_37 -> City_4 -> City_22 -> City_6 -> City_17 -> City_35 -> City_1 -> City_28 -> City_5 -> City_38 -> City_27 -> City_18 -> City_26 -> City_2 -> City_20 -> City_31 -> City_19 -> City_40 -> City_15 -> City_39 -> City_36 -> City_7 -> City_32 -> City_11 -> City_16 -> City_25 -> City_10
880,602.5528635685329,596.4636178585783,City_12 -> City_24 -> City_33 -> City_9 -> City_8 -> City_3 -> City_29 -> City_30 -> City_21 -> City_14 -> City_23 -> City_13 -> City_34 -> City_4 -> City_37 -> City_22 -> City_6 -> City_35 -> City_17 -> City_1 -> City_28 -> City_5 -> City_38 -> City_27 -> City_18 -> City_26 -> City_2 -> City_20 -> City_10 -> City_19 -> City_40 -> City_15 -> City_39 -> City_36 -> City_7 -> City_32 -> City_16 -> City_11 -> City_25 -> City_31
885,604.3296841822116,596.4636178585783,City_33 -> City_9 -> City_24 -> City_12 -> City_8 -> City_3 -> City_29 -> City_30 -> City_21 -> City_14 -> City_23 -> City_13 -> City_34 -> City_4 -> City_37 -> City_22 -> City_17 -> City_35 -> City_6 -> City_1 -> City_28 -> City_5 -> City_38 -> City_27 -> City_18 -> City_26 -> City_2 -> City_20 -> City_10 -> City_40 -> City_19 -> City_15 -> City_39 -> City_36 -> City_7 -> City_32 -> City_16 -> City_11 -> City_25 -> City_31
890,602.2338285594433,596.4636178585783,City_33 -> City_9 -> City_24 -> City_12 -> City_8 -> City_3 -> City_29 -> City_30 -> City_21 -> City_14 -> City_23 -> City_13 -> City_34 -> City_37 -> City_4 -> City_22 -> City_35 -> City_6 -> City_17 -> City_1 -> City_28 -> City_5 -> City_38 -> City_27 -> City_18 -> City_26 -> City_2 -> City_20 -> City_31 -> City_40 -> City_19 -> City_15 -> City_39 -> City_36 -> City_7 -> City_32 -> City_11 -> City_16 -> City_25 -> City_10
895,599.832141596527,596.4636178585783,City_12 -> City_33 -> City_9 -> City_24 -> City_8 -> City_3 -> City_29 -> City_30 -> City_21 -> City_14 -> City_23 -> City_13 -> City_34 -> City_37 -> City_4 -> City_22 -> City_17 -> City_6 -> City_35 -> City_1 -> City_28 -> City_5 -> City_38 -> City_27 -> City_18 -> City_26 -> City_2 -> City_20 -> City_31 -> City_19 -> City_40 -> City_15 -> City_39 -> City_36 -> City_7 -> City_32 -> City_11 -> City_16 -> City_25 -> City_10
900,603.4937596046315,596.4636178585783,City_12 -> City_33 -> City_24 -> City_9 -> City_8 -> City_3 -> City_29 -> City_30 -> City_21 -> City_14 -> City_23 -> City_13 -> City_34 -> City_4 -> City_37 -> City_22 -> City_6 -> City_35 -> City_17 -> City_1 -> City_28 -> City_5 -> City_38 -> City_27 -> City_18 -> City_26 -> City_2 -> City_20 -> City_31 -> City_19 -> City_40 -> City_15 -> City_39 -> City_36 -> City_7 -> City_32 -> City_16 -> City_11 -> City_25 -> City_10
905,602.6699965896149,596.4636178585783,City_24 -> City_9 -> City_33 -> City_12 -> City_8 -> City_3 -> City_29 -> City_30 -> City_21 -> City_14 -> City_23 -> City_13 -> City_34 -> City_4 -> City_37 -> City_22 -> City_17 -> City_35 -> City_6 -> City_1 -> City_28 -> City_5 -> City_38 -> City_27 -> City_18 -> City_26 -> City_2 -> City_20 -> City_10 -> City_19 -> City_40 -> City_15 -> City_39 -> City_36 -> City_7 -> City_32 -> City_16 -> City_11 -> City_25 -> City_31
910,602.802739093201,596.4636178585783,City_33 -> City_9 -> City_24 -> City_12 -> City_8 -> City_3 -> City_29 -> City_30 -> City_21 -> City_14 -> City_23 -> City_13 -> City_34 -> City_37 -> City_4 -> City_22 -> City_35 -> City_6 -> City_17 -> City_1 -> City_28 -> City_5 -> City_38 -> City_27 -> City_18 -> City_26 -> City_2 -> City_20 -> City_10 -> City_40 -> City_19 -> City_15 -> City_39 -> City_36 -> City_7 -> City_32 -> City_16 -> City_11 -> City_25 -> City_31
915,600.2167252578311,596.4636178585783,City_12 -> City_24 -> City_9 -> City_33 -> City_8 -> City_3 -> City_29 -> City_30 -> City_21 -> City_14 -> City_23 -> City_13 -> City_34 -> City_37 -> City_4 -> City_22 -> City_17 -> City_6 -> City_35 -> City_1 -> City_28 -> City_5 -> City_38 -> City_27 -> City_18 -> City_26 -> City_2 -> City_20 -> City_31 -> City_40 -> City_19 -> City_15 -> City_39 -> City_36 -> City_7 -> City_32 -> City_11 -> City_16 -> City_25 -> City_10
920,601.8299185553824,596.4636178585783,City_12 -> City_33 -> City_24 -> City_9 -> City_8 -> City_3 -> City_29 -> City_30 -> City_21 -> City_14 -> City_23 -> City_13 -> City_34 -> City_37 -> City_4 -> City_22 -> City_6 -> City_35 -> City_17 -> City_1 -> City_28 -> City_5 -> City_38 -> City_27 -> City_18 -> City_26 -> City_2 -> City_20 -> City_31 -> City_19 -> City_40 -> City_15 -> City_39 -> City_36 -> City_7 -> City_32 -> City_11 -> City_16 -> City_25 -> City_10
925,605.8424622387266,596.4636178585783,City_12 -> City_24 -> City_33 -> City_9 -> City_8 -> City_3 -> City_29 -> City_30 -> City_21 -> City_14 -> City_23 -> City_13 -> City_34 -> City_4 -> City_37 -> City_22 -> City_17 -> City_35 -> City_6 -> City_1 -> City_28 -> City_5 -> City_38 -> City_27 -> City_18 -> City_26 -> City_2 -> City_20 -> City_10 -> City_19 -> City_40 -> City_15 -> City_39 -> City_36 -> City_7 -> City_32 -> City_16 -> City_11 -> City_25 -> City_31
930,607.320128966941,596.4636178585783,City_33 -> City_9 -> City_24 -> City_12 -> City_8 -> City_3 -> City_29 -> City_30 -> City_21 -> City_14 -> City_23 -> City_13 -> City_34 -> City_4 -> City_37 -> City_22 -> City_35 -> City_17 -> City_6 -> City_1 -> City_28 -> City_5 -> City_38 -> City_27 -> City_18 -> City_26 -> City_2 -> City_20 -> City_10 -> City_40 -> City_19 -> City_15 -> City_39 -> City_36 -> City_7 -> City_32 -> City_16 -> City_11 -> City_25 -> City_31
935,603.503518556169,596.4636178585783,City_33 -> City_24 -> City_9 -> City_12 -> City_8 -> City_3 -> City_29 -> City_30 -> City_21 -> City_14 -> City_23 -> City_13 -> City_34 -> City_37 -> City_4 -> City_22 -> City_35 -> City_6 -> City_17 -> City_1 -> City_28 -> City_5 -> City_38 -> City_27 -> City_18 -> City_26 -> City_2 -> City_20 -> City_31 -> City_40 -> City_19 -> City_15 -> City_39 -> City_36 -> City_7 -> City_32 -> City_11 -> City_16 -> City_25 -> City_10
940,600.8898078916111,596.4636178585783,City_12 -> City_33 -> City_24 -> City_9 -> City_8 -> City_3 -> City_29 -> City_30 -> City_21 -> City_14 -> City_23 -> City_13 -> City_34 -> City_37 -> City_4 -> City_22 -> City_17 -> City_6 -> City_35 -> City_1 -> City_28 -> City_5 -> City_38 -> City_27 -> City_18 -> City_26 -> City_2 -> City_20 -> City_31 -> City_19 -> City_40 -> City_15 -> City_39 -> City_36 -> City_7 -> City_32 -> City_11 -> City_16 -> City_25 -> City_10
945,602.6678454846561,596.4636178585783,City_12 -> City_33 -> City_24 -> City_9 -> City_8 -> City_3 -> City_29 -> City_30 -> City_21 -> City_14 -> City_23 -> City_13 -> City_34 -> City_4 -> City_37 -> City_22 -> City_6 -> City_35 -> City_17 -> City_1 -> City_28 -> City_5 -> City_38 -> City_27 -> City_18 -> City_26 -> City_2 -> City_20 -> City_10 -> City_19 -> City_40 -> City_15 -> City_39 -> City_36 -> City_7 -> City_32 -> City_16 -> City_11 -> City_25 -> City_31
950,603.3440889090261,596.4636178585783,City_24 -> City_9 -> City_33 -> City_12 -> City_8 -> City_3 -> City_29 -> City_30 -> City_21 -> City_14 -> City_23 -> City_13 -> City_34 -> City_4 -> City_37 -> City_22 -> City_17 -> City_35 -> City_6 -> City_1 -> City_28 -> City_5 -> City_38 -> City_27 -> City_18 -> City_26 -> City_2 -> City_20 -> City_10 -> City_40 -> City_19 -> City_15 -> City_39 -> City_36 -> City_7 -> City_32 -> City_16 -> City_11 -> City_25 -> City_31
955,602.8983984294176,596.4636178585783,City_33 -> City_9 -> City_24 -> City_12 -> City_8 -> City_3 -> City_29 -> City_30 -> City_21 -> City_14 -> City_23 -> City_13 -> City_34 -> City_37 -> City_4 -> City_22 -> City_35 -> City_6 -> City_17 -> City_1 -> City_28 -> City_5 -> City_38 -> City_27 -> City_18 -> City_26 -> City_2 -> City_20 -> City_10 -> City_40 -> City_19 -> City_15 -> City_39 -> City_36 -> City_7 -> City_32 -> City_11 -> City_16 -> City_25 -> City_31
960,601.2050385095868,596.4636178585783,City_12 -> City_33 -> City_9 -> City_24 -> City_8 -> City_3 -> City_29 -> City_30 -> City_21 -> City_14 -> City_23 -> City_13 -> City_34 -> City_37 -> City_4 -> City_22 -> City_17 -> City_6 -> City_35 -> City_1 -> City_28 -> City_5 -> City_38 -> City_27 -> City_18 -> City_26 -> City_2 -> City_20 -> City_31 -> City_40 -> City_19 -> City_15 -> City_39 -> City_36 -> City_7 -> City_32 -> City_11 -> City_16 -> City_25 -> City_10
965,603.589418940848,596.4636178585783,City_12 -> City_33 -> City_24 -> City_9 -> City_8 -> City_3 -> City_29 -> City_30 -> City_21 -> City_14 -> City_23 -> City_13 -> City_34 -> City_4 -> City_37 -> City_22 -> City_6 -> City_35 -> City_17 -> City_1 -> City_28 -> City_5 -> City_38 -> City_27 -> City_18 -> City_26 -> City_2 -> City_20 -> City_31 -> City_19 -> City_40 -> City_15 -> City_39 -> City_36 -> City_7 -> City_32 -> City_11 -> City_16 -> City_25 -> City_10
970,604.2236194337988,596.4636178585783,City_9 -> City_24 -> City_33 -> City_12 -> City_8 -> City_3 -> City_29 -> City_30 -> City_21 -> City_14 -> City_23 -> City_13 -> City_34 -> City_4 -> City_37 -> City_22 -> City_17 -> City_35 -> City_6 -> City_1 -> City_28 -> City_5 -> City_38 -> City_27 -> City_18 -> City_26 -> City_2 -> City_20 -> City_10 -> City_19 -> City_40 -> City_15 -> City_39 -> City_36 -> City_7 -> City_32 -> City_16 -> City_11 -> City_25 -> City_31
975,604.5622394786668,596.4636178585783,City_33 -> City_9 -> City_24 -> City_12 -> City_8 -> City_3 -> City_29 -> City_30 -> City_21 -> City_14 -> City_23 -> City_13 -> City_34 -> City_4 -> City_37 -> City_22 -> City_35 -> City_6 -> City_17 -> City_1 -> City_28 -> City_5 -> City_38 -> City_27 -> City_18 -> City_26 -> City_2 -> City_20 -> City_10 -> City_40 -> City_19 -> City_15 -> City_39 -> City_36 -> City_7 -> City_32 -> City_16 -> City_11 -> City_25 -> City_31
980,599.0412539257488,596.4636178585783,City_33 -> City_24 -> City_9 -> City_12 -> City_8 -> City_3 -> City_29 -> City_30 -> City_21 -> City_14 -> City_23 -> City_13 -> City_34 -> City_37 -> City_4 -> City_22 -> City_17 -> City_6 -> City_35 -> City_1 -> City_28 -> City_5 -> City_38 -> City_27 -> City_18 -> City_26 -> City_2 -> City_20 -> City_31 -> City_40 -> City_19 -> City_15 -> City_39 -> City_36 -> City_7 -> City_32 -> City_11 -> City_16 -> City_25 -> City_10
985,600.3580987096916,596.4636178585783,City_12 -> City_33 -> City_24 -> City_9 -> City_8 -> City_3 -> City_29 -> City_30 -> City_21 -> City_14 -> City_23 -> City_13 -> City_34 -> City_37 -> City_4 -> City_22 -> City_6 -> City_17 -> City_35 -> City_1 -> City_28 -> City_5 -> City_38 -> City_27 -> City_18 -> City_26 -> City_2 -> City_20 -> City_31 -> City_19 -> City_40 -> City_15 -> City_39 -> City_36 -> City_7 -> City_32 -> City_11 -> City_16 -> City_25 -> City_10
990,602.5528635685329,596.4636178585783,City_12 -> City_24 -> City_33 -> City_9 -> City_8 -> City_3 -> City_29 -> City_30 -> City_21 -> City_14 -> City_23 -> City_13 -> City_34 -> City_4 -> City_37 -> City_22 -> City_6 -> City_35 -> City_17 -> City_1 -> City_28 -> City_5 -> City_38 -> City_27 -> City_18 -> City_26 -> City_2 -> City_20 -> City_10 -> City_19 -> City_40 -> City_15 -> City_39 -> City_36 -> City_7 -> City_32 -> City_16 -> City_11 -> City_25 -> City_31
995,604.3296841822116,596.4636178585783,City_33 -> City_9 -> City_24 -> City_12 -> City_8 -> City_3 -> City_29 -> City_30 -> City_21 -> City_14 -> City_23 -> City_13 -> City_34 -> City_4 -> City_37 -> City_22 -> City_17 -> City_35 -> City_6 -> City_1 -> City_28 -> City_5 -> City_38 -> City_27 -> City_18 -> City_26 -> City_2 -> City_20 -> City_10 -> City_40 -> City_19 -> City_15 -> City_39 -> City_36 -> City_7 -> City_32 -> City_16 -> City_11 -> City_25 -> City_31
1000,602.2338285594433,596.4636178585783,City_33 -> City_9 -> City_24 -> City_12 -> City_8 -> City_3 -> City_29 -> City_30 -> City_21 -> City_14 -> City_23 -> City_13 -> City_34 -> City_37 -> City_4 -> City_22 -> City_35 -> City_6 -> City_17 -> City_1 -> City_28 -> City_5 -> City_38 -> City_27 -> City_18 -> City_26 -> City_2 -> City_20 -> City_31 -> City_40 -> City_19 -> City_15 -> City_39 -> City_36 -> City_7 -> City_32 -> City_11 -> City_16 -> City_25 -> City_10
1005,599.832141596527,596.4636178585783,City_12 -> City_33 -> City_9 -> City_24 -> City_8 -> City_3 -> City_29 -> City_30 -> City_21 -> City_14 -> City_23 -> City_13 -> City_34 -> City_37 -> City_4 -> City_22 -> City_17 -> City_6 -> City_35 -> City_1 -> City_28 -> City_5 -> City_38 -> City_27 -> City_18 -> City_26 -> City_2 -> City_20 -> City_31 -> City_19 -> City_40 -> City_15 -> City_39 -> City_36 -> City_7 -> City_32 -> City_11 -> City_16 -> City_25 -> City_10
1010,603.4937596046315,596.4636178585783,City_12 -> City_33 -> City_24 -> City_9 -> City_8 -> City_3 -> City_29 -> City_30 -> City_21 -> City_14 -> City_23 -> City_13 -> City_34 -> City_4 -> City_37 -> City_22 -> City_6 -> City_35 -> City_17 -> City_1 -> City_28 -> City_5 -> City_38 -> City_27 -> City_18 -> City_26 -> City_2 -> City_20 -> City_31 -> City_19 -> City_40 -> City_15 -> City_39 -> City_36 -> City_7 -> City_32 -> City_16 -> City_11 -> City_25 -> City_10
1015,602.6699965896149,596.4636178585783,City_24 -> City_9 -> City_33 -> City_12 -> City_8 -> City_3 -> City_29 -> City_30 -> City_21 -> City_14 -> City_23 -> City_13 -> City_34 -> City_4 -> City_37 -> City_22 -> City_17 -> City_35 -> City_6 -> City_1 -> City_28 -> City_5 -> City_38 -> City_27 -> City_18 -> City_26 -> City_2 -> City_20 -> City_10 -> City_19 -> City_40 -> City_15 -> City_39 -> City_36 -> City_7 -> City_32 -> City_16 -> City_11 -> City_25 -> City_31
1020,602.802739093201,596.4636178585783,City_33 -> City_9 -> City_24 -> City_12 -> City_8 -> City_3 -> City_29 -> City_30 -> City_21 -> City_14 -> City_23 -> City_13 -> City_34 -> City_37 -> City_4 -> City_22 -> City_35 -> City_6 -> City_17 -> City_1 -> City_28 -> City_5 -> City_38 -> City_27 -> City_18 -> City_26 -> City_2 -> City_20 -> City_10 -> City_40 -> City_19 -> City_15 -> City_39 -> City_36 -> City_7 -> City_32 -> City_16 -> City_11 -> City_25 -> City_31
1025,600.2167252578311,596.4636178585783,City_12 -> City_24 -> City_9 -> City_33 -> City_8 -> City_3 -> City_29 -> City_30 -> City_21 -> City_14 -> City_23 -> City_13 -> City_34 -> City_37 -> City_4 -> City_22 -> City_17 -> City_6 -> City_35 -> City_1 -> City_28 -> City_5 -> City_38 -> City_27 -> City_18 -> City_26 -> City_2 -> City_20 -> City_31 -> City_40 -> City_19 -> City_15 -> City_39 -> City_36 -> City_7 -> City_32 -> City_11 -> City_16 -> City_25 -> City_10
1030,601.8299185553824,596.4636178585783,City_12 -> City_33 -> City_24 -> City_9 -> City_8 -> City_3 -> City_29 -> City_30 -> City_21 -> City_14 -> City_23 -> City_13 -> City_34 -> City_37 -> City_4 -> City_22 -> City_6 -> City_35 -> City_17 -> City_1 -> City_28 -> City_5 -> City_38 -> City_27 -> City_18 -> City_26 -> City_2 -> City_20 -> City_31 -> City_19 -> City_40 -> City_15 -> City_39 -> City_36 -> City_7 -> City_32 -> City_11 -> City_16 -> City_25 -> City_10
1035,605.8424622387266,596.4636178585783,City_12 -> City_24 -> City_33 -> City_9 -> City_8 -> City_3 -> City_29 -> City_30 -> City_21 -> City_14 -> City_23 -> City_13 -> City_34 -> City_4 -> City_37 -> City_22 -> City_17 -> City_35 -> City_6 -> City_1 -> City_28 -> City_5 -> City_38 -> City_27 -> City_18 -> City_26 -> City_2 -> City_20 -> City_10 -> City_19 -> City_40 -> City_15 -> City_39 -> City_36 -> City_7 -> City_32 -> City_16 -> City_11 -> City_25 -> City_31
1040,607.320128966941,596.4636178585783,City_33 -> City_9 -> City_24 -> City_12 -> City_8 -> City_3 -> City_29 -> City_30 -> City_21 -> City_14 -> City_23 -> City_13 -> City_34 -> City_4 -> City_37 -> City_22 -> City_35 -> City_17 -> City_6 -> City_1 -> City_28 -> City_5 -> City_38 -> City_27 -> City_18 -> City_26 -> City_2 -> City_20 -> City_10 -> City_40 -> City_19 -> City_15 -> City_39 -> City_36 -> City_7 -> City_32 -> City_16 -> City_11 -> City_25 -> City_31
1045,603.503518556169,596.4636178585783,City_33 -> City_24 -> City_9 -> City_12 -> City_8 -> City_3 -> City_29 -> City_30 -> City_21 -> City_14 -> City_23 -> City_13 -> City_34 -> City_37 -> City_4 -> City_22 -> City_35 -> City_6 -> City_17 -> City_1 -> City_28 -> City_5 -> City_38 -> City_27 -> City_18 -> City_26 -> City_2 -> City_20 -> City_31 -> City_40 -> City_19 -> City_15 -> City_39 -> City_36 -> City_7 -> City_32 -> City_11 -> City_16 -> City_25 -> City_10
1050,600.8898078916111,596.4636178585783,City_12 -> City_33 -> City_24 -> City_9 -> City_8 -> City_3 -> City_29 -> City_30 -> City_21 -> City_14 -> City_23 -> City_13 -> City_34 -> City_37 -> City_4 -> City_22 -> City_17 -> City_6 -> City_35 -> City_1 -> City_28 -> City_5 -> City_38 -> City_27 -> City_18 -> City_26 -> City_2 -> City_20 -> City_31 -> City_19 -> City_40 -> City_15 -> City_39 -> City_36 -> City_7 -> City_32 -> City_11 -> City_16 -> City_25 -> City_10
1055,602.6678454846561,596.4636178585783,City_12 -> City_33 -> City_24 -> City_9 -> City_8 -> City_3 -> City_29 -> City_30 -> City_21 -> City_14 -> City_23 -> City_13 -> City_34 -> City_4 -> City_37 -> City_22 -> City_6 -> City_35 -> City_17 -> City_1 -> City_28 -> City_5 -> City_38 -> City_27 -> City_18 -> City_26 -> City_2 -> City_20 -> City_10 -> City_19 -> City_40 -> City_15 -> City_39 -> City_36 -> City_7 -> City_32 -> City_16 -> City_11 -> City_25 -> City_31
1060,603.3440889090261,596.4636178585783,City_24 -> City_9 -> City_33 -> City_12 -> City_8 -> City_3 -> City_29 -> City_30 -> City_21 -> City_14 -> City_23 -> City_13 -> City_34 -> City_4 -> City_37 -> City_22 -> City_17 -> City_35 -> City_6 -> City_1 -> City_28 -> City_5 -> City_38 -> City_27 -> City_18 -> City_26 -> City_2 -> City_20 -> City_10 -> City_40 -> City_19 -> City_15 -> City_39 -> City_36 -> City_7 -> City_32 -> City_16 -> City_11 -> City_25 -> City_31
1065,602.8983984294176,596.4636178585783,City_33 -> City_9 -> City_24 -> City_12 -> City_8 -> City_3 -> City_29 -> City_30 -> City_21 -> City_14 -> City_23 -> City_13 -> City_34 -> City_37 -> City_4 -> City_22 -> City_35 -> City_6 -> City_17 -> City_1 -> City_28 -> City_5 -> City_38 -> City_27 -> City_18 -> City_26 -> City_2 -> City_20 -> City_10 -> City_40 -> City_19 -> City_15 -> City_39 -> City_36 -> City_7 -> City_32 -> City_11 -> City_16 -> City_25 -> City_31
1070,601.2050385095868,596.4636178585783,City_12 -> City_33 -> City_9 -> City_24 -> City_8 -> City_3 -> City_29 -> City_30 -> City_21 -> City_14 -> City_23 -> City_13 -> City_34 -> City_37 -> City_4 -> City_22 -> City_17 -> City_6 -> City_35 -> City_1 -> City_28 -> City_5 -> City_38 -> City_27 -> City_18 -> City_26 -> City_2 -> City_20 -> City_31 -> City_40 -> City_19 -> City_15 -> City_39 -> City_36 -> City_7 -> City_32 -> City_11 -> City_16 -> City_25 -> City_10
1075,603.589418940848,596.4636178585783,City_12 -> City_33 -> City_24 -> City_9 -> City_8 -> City_3 -> City_29 -> City_30 -> City_21 -> City_14 -> City_23 -> City_13 -> City_34 -> City_4 -> City_37 -> City_22 -> City_6 -> City_35 -> City_17 -> City_1 -> City_28 -> City_5 -> City_38 -> City_27 -> City_18 -> City_26 -> City_2 -> City_20 -> City_31 -> City_19 -> City_40 -> City_15 -> City_39 -> City_36 -> City_7 -> City_32 -> City_11 -> City_16 -> City_25 -> City_10
1080,604.2236194337988,596.4636178585783,City_9 -> City_24 -> City_33 -> City_12 -> City_8 -> City_3 -> City_29 -> City_30 -> City_21 -> City_14 -> City_23 -> City_13 -> City_34 -> City_4 -> City_37 -> City_22 -> City_17 -> City_35 -> City_6 -> City_1 -> City_28 -> City_5 -> City_38 -> City_27 -> City_18 -> City_26 -> City_2 -> City_20 -> City_10 -> City_19 -> City_40 -> City_15 -> City_39 -> City_36 -> City_7 -> City_32 -> City_16 -> City_11 -> City_25 -> City_31
1085,604.5622394786668,596.4636178585783,City_33 -> City_9 -> City_24 -> City_12 -> City_8 -> City_3 -> City_29 -> City_30 -> City_21 -> City_14 -> City_23 -> City_13 -> City_34 -> City_4 -> City_37 -> City_22 -> City_35 -> City_6 -> City_17 -> City_1 -> City_28 -> City_5 -> City_38 -> City_27 -> City_18 -> City_26 -> City_2 -> City_20 -> City_10 -> City_40 -> City_19 -> City_15 -> City_39 -> City_36 -> City_7 -> City_32 -> City_16 -> City_11 -> City_25 -> City_31
1090,599.0412539257488,596.4636178585783,City_33 -> City_24 -> City_9 -> City_12 -> City_8 -> City_3 -> City_29 -> City_30 -> City_21 -> City_14 -> City_23 -> City_13 -> City_34 -> City_37 -> City_4 -> City_22 -> City_17 -> City_6 -> City_35 -> City_1 -> City_28 -> City_5 -> City_38 -> City_27 -> City_18 -> City_26 -> City_2 -> City_20 -> City_31 -> City_40 -> City_19 -> City_15 -> City_39 -> City_36 -> City_7 -> City_32 -> City_11 -> City_16 -> City_25 -> City_10
1095,600.3580987096916,596.4636178585783,City_12 -> City_33 -> City_24 -> City_9 -> City_8 -> City_3 -> City_29 -> City_30 -> City_21 -> City_14 -> City_23 -> City_13 -> City_34 -> City_37 -> City_4 -> City_22 -> City_6 -> City_17 -> City_35 -> City_1 -> City_28 -> City_5 -> City_38 -> City_27 -> City_18 -> City_26 -> City_2 -> City_20 -> City_31 -> City_19 -> City_40 -> City_15 -> City_39 -> City_36 -> City_7 -> City_32 -> City_11 -> City_16 -> City_25 -> City_10
1100,602.5528635685329,596.4636178585783,City_12 -> City_24 -> City_33 -> City_9 -> City_8 -> City_3 -> City_29 -> City_30 -> City_21 -> City_14 -> City_23 -> City_13 -> City_34 -> City_4 -> City_37 -> City_22 -> City_6 -> City_35 -> City_17 -> City_1 -> City_28 -> City_5 -> City_38 -> City_27 -> City_18 -> City_26 -> City_2 -> City_20 -> City_10 -> City_19 -> City_40 -> City_15 -> City_39 -> City_36 -> City_7 -> City_32 -> City_16 -> City_11 -> City_25 -> City_31
1105,604.3296841822116,596.4636178585783,City_33 -> City_9 -> City_24 -> City_12 -> City_8 -> City_3 -> City_29 -> City_30 -> City_21 -> City_14 -> City_23 -> City_13 -> City_34 -> City_4 -> City_37 -> City_22 -> City_17 -> City_35 -> City_6 -> City_1 -> City_28 -> City_5 -> City_38 -> City_27 -> City_18 -> City_26 -> City_2 -> City_20 -> City_10 -> City_40 -> City_19 -> City_15 -> City_39 -> City_36 -> City_7 -> City_32 -> City_16 -> City_11 -> City_25 -> City_31
1110,602.2338285594433,596.4636178585783,City_33 -> City_9 -> City_24 -> City_12 -> City_8 -> City_3 -> City_29 -> City_30 -> City_21 -> City_14 -> City_23 -> City_13 -> City_34 -> City_37 -> City_4 -> City_22 -> City_35 -> City_6 -> City_17 -> City_1 -> City_28 -> City_5 -> City_38 -> City_27 -> City_18 -> City_26 -> City_2 -> City_20 -> City_31 -> City_40 -> City_19 -> City_15 -> City_39 -> City_36 -> City_7 -> City_32 -> City_11 -> City_16 -> City_25 -> City_10
1115,599.832141596527,596.4636178585783,City_12 -> City_33 -> City_9 -> City_24 -> City_8 -> City_3 -> City_29 -> City_30 -> City_21 -> City_14 -> City_23 -> City_13 -> City_34 -> City_37 -> City_4 -> City_22 -> City_17 -> City_6 -> City_35 -> City_1 -> City_28 -> City_5 -> City_38 -> City_27 -> City_18 -> City_26 -> City_2 -> City_20 -> City_31 -> City_19 -> City_40 -> City_15 -> City_39 -> City_36 -> City_7 -> City_32 -> City_11 -> City_16 -> City_25 -> City_10
1120,603.4937596046315,596.4636178585783,City_12 -> City_33 -> City_24 -> City_9 -> City_8 -> City_3 -> City_29 -> City_30 -> City_21 -> City_14 -> City_23 -> City_13 -> City_34 -> City_4 -> City_37 -> City_22 -> City_6 -> City_35 -> City_17 -> City_1 -> City_28 -> City_5 -> City_38 -> City_27 -> City_18 -> City_26 -> City_2 -> City_20 -> City_31 -> City_19 -> City_40 -> City_15 -> City_39 -> City_36 -> City_7 -> City_32 -> City_16 -> City_11 -> City_25 -> City_10
1125,602.6699965896149,596.4636178585783,City_24 -> City_9 -> City_33 -> City_12 -> City_8 -> City_3 -> City_29 -> City_30 -> City_21 -> City_14 -> City_23 -> City_13 -> City_34 -> City_4 -> City_37 -> City_22 -> City_17 -> City_35 -> City_6 -> City_1 -> City_28 -> City_5 -> City_38 -> City_27 -> City_18 -> City_26 -> City_2 -> City_20 -> City_10 -> City_19 -> City_40 -> City_15 -> City_39 -> City_36 -> City_7 -> City_32 -> City_16 -> City_11 -> City_25 -> City_31
1130,602.802739093201,596.4636178585783,City_33 -> City_9 -> City_24 -> City_12 -> City_8 -> City_3 -> City_29 -> City_30 -> City_21 -> City_14 -> City_23 -> City_13 -> City_34 -> City_37 -> City_4 -> City_22 -> City_35 -> City_6 -> City_17 -> City_1 -> City_28 -> City_5 -> City_38 -> City_27 -> City_18 -> City_26 -> City_2 -> City_20 -> City_10 -> City_40 -> City_19 -> City_15 -> City_39 -> City_36 -> City_7 -> City_32 -> City_16 -> City_11 -> City_25 -> City_31
1135,600.2167252578311,596.4636178585783,City_12 -> City_24 -> City_9 -> City_33 -> City_8 -> City_3 -> City_29 -> City_30 -> City_21 -> City_14 -> City_23 -> City_13 -> City_34 -> City_37 -> City_4 -> City_22 -> City_17 -> City_6 -> City_35 -> City_1 -> City_28 -> City_5 -> City_38 -> City_27 -> City_18 -> City_26 -> City_2 -> City_20 -> City_31 -> City_40 -> City_19 -> City_15 -> City_39 -> City_36 -> City_7 -> City_32 -> City_11 -> City_16 -> City_25 -> City_10
1140,601.8299185553824,596.4636178585783,City_12 -> City_33 -> City_24 -> City_9 -> City_8 -> City_3 -> City_29 -> City_30 -> City_21 -> City_14 -> City_23 -> City_13 -> City_34 -> City_37 -> City_4 -> City_22 -> City_6 -> City_35 -> City_17 -> City_1 -> City_28 -> City_5 -> City_38 -> City_27 -> City_18 -> City_26 -> City_2 -> City_20 -> City_31 -> City_19 -> City_40 -> City_15 -> City_39 -> City_36 -> City_7 -> City_32 -> City_11 -> City_16 -> City_25 -> City_10
1145,605.8424622387266,596.4636178585783,City_12 -> City_24 -> City_33 -> City_9 -> City_8 -> City_3 -> City_29 -> City_30 -> City_21 -> City_14 -> City_23 -> City_13 -> City_34 -> City_4 -> City_37 -> City_22 -> City_17 -> City_35 -> City_6 -> City_1 -> City_28 -> City_5 -> City_38 -> City_27 -> City_18 -> City_26 -> City_2 -> City_20 -> City_10 -> City_19 -> City_40 -> City_15 -> City_39 -> City_36 -> City_7 -> City_32 -> City_16 -> City_11 -> City_25 -> City_31
1150,607.320128966941,596.4636178585783,City_33 -> City_9 -> City_24 -> City_12 -> City_8 -> City_3 -> City_29 -> City_30 -> City_21 -> City_14 -> City_23 -> City_13 -> City_34 -> City_4 -> City_37 -> City_22 -> City_35 -> City_17 -> City_6 -> City_1 -> City_28 -> City_5 -> City_38 -> City_27 -> City_18 -> City_26 -> City_2 -> City_20 -> City_10 -> City_40 -> City_19 -> City_15 -> City_39 -> City_36 -> City_7 -> City_32 -> City_16 -> City_11 -> City_25 -> City_31
1155,603.503518556169,596.4636178585783,City_33 -> City_24 -> City_9 -> City_12 -> City_8 -> City_3 -> City_29 -> City_30 -> City_21 -> City_14 -> City_23 -> City_13 -> City_34 -> City_37 -> City_4 -> City_22 -> City_35 -> City_6 -> City_17 -> City_1 -> City_28 -> City_5 -> City_38 -> City_27 -> City_18 -> City_26 -> City_2 -> City_20 -> City_31 -> City_40 -> City_19 -> City_15 -> City_39 -> City_36 -> City_7 -> City_32 -> City_11 -> City_16 -> City_25 -> City_10
1160,600.8898078916111,596.4636178585783,City_12 -> City_33 -> City_24 -> City_9 -> City_8 -> City_3 -> City_29 -> City_30 -> City_21 -> City_14 -> City_23 -> City_13 -> City_34 -> City_37 -> City_4 -> City_22 -> City_17 -> City_6 -> City_35 -> City_1 -> City_28 -> City_5 -> City_38 -> City_27 -> City_18 -> City_26 -> City_2 -> City_20 -> City_31 -> City_19 -> City_40 -> City_15 -> City_39 -> City_36 -> City_7 -> City_32 -> City_11 -> City_16 -> City_25 -> City_10
1165,602.6678454846561,596.4636178585783,City_12 -> City_33 -> City_24 -> City_9 -> City_8 -> City_3 -> City_29 -> City_30 -> City_21 -> City_14 -> City_23 -> City_13 -> City_34 -> City_4 -> City_37 -> City_22 -> City_6 -> City_35 -> City_17 -> City_1 -> City_28 -> City_5 -> City_38 -> City_27 -> City_18 -> City_26 -> City_2 -> City_20 -> City_10 -> City_19 -> City_40 -> City_15 -> City_39 -> City_36 -> City_7 -> City_32 -> City_16 -> City_11 -> City_25 -> City_31
1170,603.3440889090261,596.4636178585783,City_24 -> City_9 -> City_33 -> City_12 -> City_8 -> City_3 -> City_29 -> City_30 -> City_21 -> City_14 -> City_23 -> City_13 -> City_34 -> City_4 -> City_37 -> City_22 -> City_17 -> City_35 -> City_6 -> City_1 -> City_28 -> City_5 -> City_38 -> City_27 -> City_18 -> City_26 -> City_2 -> City_20 -> City_10 -> City_40 -> City_19 -> City_15 -> City_39 -> City_36 -> City_7 -> City_32 -> City_16 -> City_11 -> City_25 -> City_31
1175,602.8983984294176,596.4636178585783,City_33 -> City_9 -> City_24 -> City_12 -> City_8 -> City_3 -> City_29 -> City_30 -> City_21 -> City_14 -> City_23 -> City_13 -> City_34 -> City_37 -> City_4 -> City_22 -> City_35 -> City_6 -> City_17 -> City_1 -> City_28 -> City_5 -> City_38 -> City_27 -> City_18 -> City_26 -> City_2 -> City_20 -> City_10 -> City_40 -> City_19 -> City_15 -> City_39 -> City_36 -> City_7 -> City_32 -> City_11 -> City_16 -> City_25 -> City_31
1180,601.2050385095868,596.4636178585783,City_12 -> City_33 -> City_9 -> City_24 -> City_8 -> City_3 -> City_29 -> City_30 -> City_21 -> City_14 -> City_23 -> City_13 -> City_34 -> City_37 -> City_4 -> City_22 -> City_17 -> City_6 -> City_35 -> City_1 -> City_28 -> City_5 -> City_38 -> City_27 -> City_18 -> City_26 -> City_2 -> City_20 -> City_31 -> City_40 -> City_19 -> City_15 -> City_39 -> City_36 -> City_7 -> City_32 -> City_11 -> City_16 -> City_25 -> City_10
1185,603.589418940848,596.4636178585783,City_12 -> City_33 -> City_24 -> City_9 -> City_8 -> City_3 -> City_29 -> City_30 -> City_21 -> City_14 -> City_23 -> City_13 -> City_34 -> City_4 -> City_37 -> City_22 -> City_6 -> City_35 -> City_17 -> City_1 -> City_28 -> City_5 -> City_38 -> City_27 -> City_18 -> City_26 -> City_2 -> City_20 -> City_31 -> City_19 -> City_40 -> City_15 -> City_39 -> City_36 -> City_7 -> City_32 -> City_11 -> City_16 -> City_25 -> City_10
1190,604.2236194337988,596.4636178585783,City_9 -> City_24 -> City_33 -> City_12 -> City_8 -> City_3 -> City_29 -> City_30 -> City_21 -> City_14 -> City_23 -> City_13 -> City_34 -> City_4 -> City_37 -> City_22 -> City_17 -> City_35 -> City_6 -> City_1 -> City_28 -> City_5 -> City_38 -> City_27 -> City_18 -> City_26 -> City_2 -> City_20 -> City_10 -> City_19 -> City_40 -> City_15 -> City_39 -> City_36 -> City_7 -> City_32 -> City_16 -> City_11 -> City_25 -> City_31
1195,604.5622394786668,596.4636178585783,City_33 -> City_9 -> City_24 -> City_12 -> City_8 -> City_3 -> City_29 -> City_30 -> City_21 -> City_14 -> City_23 -> City_13 -> City_34 -> City_4 -> City_37 -> City_22 -> City_35 -> City_6 -> City_17 -> City_1 -> City_28 -> City_5 -> City_38 -> City_27 -> City_18 -> City_26 -> City_2 -> City_20 -> City_10 -> City_40 -> City_19 -> City_15 -> City_39 -> City_36 -> City_7 -> City_32 -> City_16 -> City_11 -> City_25 -> City_31
1200,599.0412539257488,596.4636178585783,City_33 -> City_24 -> City_9 -> City_12 -> City_8 -> City_3 -> City_29 -> City_30 -> City_21 -> City_14 -> City_23 -> City_13 -> City_34 -> City_37 -> City_4 -> City_22 -> City_17 -> City_6 -> City_35 -> City_1 -> City_28 -> City_5 -> City_38 -> City_27 -> City_18 -> City_26 -> City_2 -> City_20 -> City_31 -> City_40 -> City_19 -> City_15 -> City_39 -> City_36 -> City_7 -> City_32 -> City_11 -> City_16 -> City_25 -> City_10
1205,600.3580987096916,596.4636178585783,City_12 -> City_33 -> City_24 -> City_9 -> City_8 -> City_3 -> City_29 -> City_30 -> City_21 -> City_14 -> City_23 -> City_13 -> City_34 -> City_37 -> City_4 -> City_22 -> City_6 -> City_17 -> City_35 -> City_1 -> City_28 -> City_5 -> City_38 -> City_27 -> City_18 -> City_26 -> City_2 -> City_20 -> City_31 -> City_19 -> City_40 -> City_15 -> City_39 -> City_36 -> City_7 -> City_32 -> City_11 -> City_16 -> City_25 -> City_10
1210,602.5528635685329,596.4636178585783,City_12 -> City_24 -> City_33 -> City_9 -> City_8 -> City_3 -> City_29 -> City_30 -> City_21 -> City_14 -> City_23 -> City_13 -> City_34 -> City_4 -> City_37 -> City_22 -> City_6 -> City_35 -> City_17 -> City_1 -> City_28 -> City_5 -> City_38 -> City_27 -> City_18 -> City_26 -> City_2 -> City_20 -> City_10 -> City_19 -> City_40 -> City_15 -> City_39 -> City_36 -> City_7 -> City_32 -> City_16 -> City_11 -> City_25 -> City_31
1215,604.3296841822116,596.4636178585783,City_33 -> City_9 -> City_24 -> City_12 -> City_8 -> City_3 -> City_29 -> City_30 -> City_21 -> City_14 -> City_23 -> City_13 -> City_34 -> City_4 -> City_37 -> City_22 -> City_17 -> City_35 -> City_6 -> City_1 -> City_28 -> City_5 -> City_38 -> City_27 -> City_18 -> City_26 -> City_2 -> City_20 -> City_10 -> City_40 -> City_19 -> City_15 -> City_39 -> City_36 -> City_7 -> City_32 -> City_16 -> City_11 -> City_25 -> City_31
1220,602.2338285594433,596.4636178585783,City_33 -> City_9 -> City_24 -> City_12 -> City_8 -> City_3 -> City_29 -> City_30 -> City_21 -> City_14 -> City_23 -> City_13 -> City_34 -> City_37 -> City_4 -> City_22 -> City_35 -> City_6 -> City_17 -> City_1 -> City_28 -> City_5 -> City_38 -> City_27 -> City_18 -> City_26 -> City_2 -> City_20 -> City_31 -> City_40 -> City_19 -> City_15 -> City_39 -> City_36 -> City_7 -> City_32 -> City_11 -> City_16 -> City_25 -> City_10
1225,599.832141596527,596.4636178585783,City_12 -> City_33 -> City_9 -> City_24 -> City_8 -> City_3 -> City_29 -> City_30 -> City_21 -> City_14 -> City_23 -> City_13 -> City_34 -> City_37 -> City_4 -> City_22 -> City_17 -> City_6 -> City_35 -> City_1 -> City_28 -> City_5 -> City_38 -> City_27 -> City_18 -> City_26 -> City_2 -> City_20 -> City_31 -> City_19 -> City_40 -> City_15 -> City_39 -> City_36 -> City_7 -> City_32 -> City_11 -> City_16 -> City_25 -> City_10
1230,603.4937596046315,596.4636178585783,City_12 -> City_33 -> City_24 -> City_9 -> City_8 -> City_3 -> City_29 -> City_30 -> City_21 -> City_14 -> City_23 -> City_13 -> City_34 -> City_4 -> City_37 -> City_22 -> City_6 -> City_35 -> City_17 -> City_1 -> City_28 -> City_5 -> City_38 -> City_27 -> City_18 -> City_26 -> City_2 -> City_20 -> City_31 -> City_19 -> City_40 -> City_15 -> City_39 -> City_36 -> City_7 -> City_32 -> City_16 -> City_11 -> City_25 -> City_10
1235,602.6699965896149,596.4636178585783,City_24 -> City_9 -> City_33 -> City_12 -> City_8 -> City_3 -> City_29 -> City_30 -> City_21 -> City_14 -> City_23 -> City_13 -> City_34 -> City_4 -> City_37 -> City_22 -> City_17 -> City_35 -> City_6 -> City_1 -> City_28 -> City_5 -> City_38 -> City_27 -> City_18 -> City_26 -> City_2 -> City_20 -> City_10 -> City_19 -> City_40 -> City_15 -> City_39 -> City_36 -> City_7 -> City_32 -> City_16 -> City_11 -> City_25 -> City_31
1240,602.802739093201,596.4636178585783,City_33 -> City_9 -> City_24 -> City_12 -> City_8 -> City_3 -> City_29 -> City_30 -> City_21 -> City_14 -> City_23 -> City_13 -> City_34 -> City_37 -> City_4 -> City_22 -> City_35 -> City_6 -> City_17 -> City_1 -> City_28 -> City_5 -> City_38 -> City_27 -> City_18 -> City_26 -> City_2 -> City_20 -> City_10 -> City_40 -> City_19 -> City_15 -> City_39 -> City_36 -> City_7 -> City_32 -> City_16 -> City_11 -> City_25 -> City_31
1245,600.2167252578311,596.4636178585783,City_12 -> City_24 -> City_9 -> City_33 -> City_8 -> City_3 -> City_29 -> City_30 -> City_21 -> City_14 -> City_23 -> City_13 -> City_34 -> City_37 -> City_4 -> City_22 -> City_17 -> City_6 -> City_35 -> City_1 -> City_28 -> City_5 -> City_38 -> City_27 -> City_18 -> City_26 -> City_2 -> City_20 -> City_31 -> City_40 -> City_19 -> City_15 -> City_39 -> City_36 -> City_7 -> City_32 -> City_11 -> City_16 -> City_25 -> City_10
1250,601.8299185553824,596.4636178585783,City_12 -> City_33 -> City_24 -> City_9 -> City_8 -> City_3 -> City_29 -> City_30 -> City_21 -> City_14 -> City_23 -> City_13 -> City_34 -> City_37 -> City_4 -> City_22 -> City_6 -> City_35 -> City_17 -> City_1 -> City_28 -> City_5 -> City_38 -> City_27 -> City_18 -> City_26 -> City_2 -> City_20 -> City_31 -> City_19 -> City_40 -> City_15 -> City_39 -> City_36 -> City_7 -> City_32 -> City_11 -> City_16 -> City_25 -> City_10
1255,605.8424622387266,596.4636178585783,City_12 -> City_24 -> City_33 -> City_9 -> City_8 -> City_3 -> City_29 -> City_30 -> City_21 -> City_14 -> City_23 -> City_13 -> City_34 -> City_4 -> City_37 -> City_22 -> City_17 -> City_35 -> City_6 -> City_1 -> City_28 -> City_5 -> City_38 -> City_27 -> City_18 -> City_26 -> City_2 -> City_20 -> City_10 -> City_19 -> City_40 -> City_15 -> City_39 -> City_36 -> City_7 -> City_32 -> City_16 -> City_11 -> City_25 -> City_31
1260,607.320128966941,596.4636178585783,City_33 -> City_9 -> City_24 -> City_12 -> City_8 -> City_3 -> City_29 -> City_30 -> City_21 -> City_14 -> City_23 -> City_13 -> City_34 -> City_4 -> City_37 -> City_22 -> City_35 -> City_17 -> City_6 -> City_1 -> City_28 -> City_5 -> City_38 -> City_27 -> City_18 -> City_26 -> City_2 -> City_20 -> City_10 -> City_40 -> City_19 -> City_15 -> City_39 -> City_36 -> City_7 -> City_32 -> City_16 -> City_11 -> City_25 -> City_31
1265,603.503518556169,596.4636178585783,City_33 -> City_24 -> City_9 -> City_12 -> City_8 -> City_3 -> City_29 -> City_30 -> City_21 -> City_14 -> City_23 -> City_13 -> City_34 -> City_37 -> City_4 -> City_22 -> City_35 -> City_6 -> City_17 -> City_1 -> City_28 -> City_5 -> City_38 -> City_27 -> City_18 -> City_26 -> City_2 -> City_20 -> City_31 -> City_40 -> City_19 -> City_15 -> City_39 -> City_36 -> City_7 -> City_32 -> City_11 -> City_16 -> City_25 -> City_10
1270,600.8898078916111,596.4636178585783,City_12 -> City_33 -> City_24 -> City_9 -> City_8 -> City_3 -> City_29 -> City_30 -> City_21 -> City_14 -> City_23 -> City_13 -> City_34 -> City_37 -> City_4 -> City_22 -> City_17 -> City_6 -> City_35 -> City_1 -> City_28 -> City_5 -> City_38 -> City_27 -> City_18 -> City_26 -> City_2 -> City_20 -> City_31 -> City_19 -> City_40 -> City_15 -> City_39 -> City_36 -> City_7 -> City_32 -> City_11 -> City_16 -> City_25 -> City_10
1275,602.6678454846561,596.4636178585783,City_12 -> City_33 -> City_24 -> City_9 -> City_8 -> City_3 -> City_29 -> City_30 -> City_21 -> City_14 -> City_23 -> City_13 -> City_34 -> City_4 -> City_37 -> City_22 -> City_6 -> City_35 -> City_17 -> City_1 -> City_28 -> City_5 -> City_38 -> City_27 -> City_18 -> City_26 -> City_2 -> City_20 -> City_10 -> City_19 -> City_40 -> City_15 -> City_39 -> City_36 -> City_7 -> City_32 -> City_16 -> City_11 -> City_25 -> City_31
1280,603.3440889090261,596.4636178585783,City_24 -> City_9 -> City_33 -> City_12 -> City_8 -> City_3 -> City_29 -> City_30 -> City_21 -> City_14 -> City_23 -> City_13 -> City_34 -> City_4 -> City_37 -> City_22 -> City_17 -> City_35 -> City_6 -> City_1 -> City_28 -> City_5 -> City_38 -> City_27 -> City_18 -> City_26 -> City_2 -> City_20 -> City_10 -> City_40 -> City_19 -> City_15 -> City_39 -> City_36 -> City_7 -> City_32 -> City_16 -> City_11 -> City_25 -> City_31
1285,602.8983984294176,596.4636178585783,City_33 -> City_9 -> City_24 -> City_12 -> City_8 -> City_3 -> City_29 -> City_30 -> City_21 -> City_14 -> City_23 -> City_13 -> City_34 -> City_37 -> City_4 -> City_22 -> City_35 -> City_6 -> City_17 -> City_1 -> City_28 -> City_5 -> City_38 -> City_27 -> City_18 -> City_26 -> City_2 -> City_20 -> City_10 -> City_40 -> City_19 -> City_15 -> City_39 -> City_36 -> City_7 -> City_32 -> City_11 -> City_16 -> City_25 -> City_31
1290,601.2050385095868,596.4636178585783,City_12 -> City_33 -> City_9 -> City_24 -> City_8 -> City_3 -> City_29 -> City_30 -> City_21 -> City_14 -> City_23 -> City_13 -> City_34 -> City_37 -> City_4 -> City_22 -> City_17 -> City_6 -> City_35 -> City_1 -> City_28 -> City_5 -> City_38 -> City_27 -> City_18 -> City_26 -> City_2 -> City_20 -> City_31 -> City_40 -> City_19 -> City_15 -> City_39 -> City_36 -> City_7 -> City_32 -> City_11 -> City_16 -> City_25 -> City_10
1295,603.589418940848,596.4636178585783,City_12 -> City_33 -> City_24 -> City_9 -> City_8 -> City_3 -> City_29 -> City_30 -> City_21 -> City_14 -> City_23 -> City_13 -> City_34 -> City_4 -> City_37 -> City_22 -> City_6 -> City_35 -> City_17 -> City_1 -> City_28 -> City_5 -> City_38 -> City_27 -> City_18 -> City_26 -> City_2 -> City_20 -> City_31 -> City_19 -> City_40 -> City_15 -> City_39 -> City_36 -> City_7 -> City_32 -> City_11 -> City_16 -> City_25 -> City_10
1300,604.2236194337988,596.4636178585783,City_9 -> City_24 -> City_33 -> City_12 -> City_8 -> City_3 -> City_29 -> City_30 -> City_21 -> City_14 -> City_23 -> City_13 -> City_34 -> City_4 -> City_37 -> City_22 -> City_17 -> City_35 -> City_6 -> City_1 -> City_28 -> City_5 -> City_38 -> City_27 -> City_18 -> City_26 -> City_2 -> City_20 -> City_10 -> City_19 -> City_40 -> City_15 -> City_39 -> City_36 -> City_7 -> City_32 -> City_16 -> City_11 -> City_25 -> City_31
1305,604.5622394786668,596.4636178585783,City_33 -> City_9 -> City_24 -> City_12 -> City_8 -> City_3 -> City_29 -> City_30 -> City_21 -> City_14 -> City_23 -> City_13 -> City_34 -> City_4 -> City_37 -> City_22 -> City_35 -> City_6 -> City_17 -> City_1 -> City_28 -> City_5 -> City_38 -> City_27 -> City_18 -> City_26 -> City_2 -> City_20 -> City_10 -> City_40 -> City_19 -> City_15 -> City_39 -> City_36 -> City_7 -> City_32 -> City_16 -> City_11 -> City_25 -> City_31
1310,599.0412539257488,596.4636178585783,City_33 -> City_24 -> City_9 -> City_12 -> City_8 -> City_3 -> City_29 -> City_30 -> City_21 -> City_14 -> City_23 -> City_13 -> City_34 -> City_37 -> City_4 -> City_22 -> City_17 -> City_6 -> City_35 -> City_1 -> City_28 -> City_5 -> City_38 -> City_27 -> City_18 -> City_26 -> City_2 -> City_20 -> City_31 -> City_40 -> City_19 -> City_15 -> City_39 -> City_36 -> City_7 -> City_32 -> City_11 -> City_16 -> City_25 -> City_10
1315,600.3580987096916,596.4636178585783,City_12 -> City_33 -> City_24 -> City_9 -> City_8 -> City_3 -> City_29 -> City_30 -> City_21 -> City_14 -> City_23 -> City_13 -> City_34 -> City_37 -> City_4 -> City_22 -> City_6 -> City_17 -> City_35 -> City_1 -> City_28 -> City_5 -> City_38 -> City_27 -> City_18 -> City_26 -> City_2 -> City_20 -> City_31 -> City_19 -> City_40 -> City_15 -> City_39 -> City_36 -> City_7 -> City_32 -> City_11 -> City_16 -> City_25 -> City_10
1320,602.5528635685329,596.4636178585783,City_12 -> City_24 -> City_33 -> City_9 -> City_8 -> City_3 -> City_29 -> City_30 -> City_21 -> City_14 -> City_23 -> City_13 -> City_34 -> City_4 -> City_37 -> City_22 -> City_6 -> City_35 -> City_17 -> City_1 -> City_28 -> City_5 -> City_38 -> City_27 -> City_18 -> City_26 -> City_2 -> City_20 -> City_10 -> City_19 -> City_40 -> City_15 -> City_39 -> City_36 -> City_7 -> City_32 -> City_16 -> City_11 -> City_25 -> City_31
1325,604.3296841822116,596.4636178585783,City_33 -> City_9 -> City_24 -> City_12 -> City_8 -> City_3 -> City_29 -> City_30 -> City_21 -> City_14 -> City_23 -> City_13 -> City_34 -> City_4 -> City_37 -> City_22 -> City_17 -> City_35 -> City_6 -> City_1 -> City_28 -> City_5 -> City_38 -> City_27 -> City_18 -> City_26 -> City_2 -> City_20 -> City_10 -> City_40 -> City_19 -> City_15 -> City_39 -> City_36 -> City_7 -> City_32 -> City_16 -> City_11 -> City_25 -> City_31
1330,602.2338285594433,596.4636178585783,City_33 -> City_9 -> City_24 -> City_12 -> City_8 -> City_3 -> City_29 -> City_30 -> City_21 -> City_14 -> City_23 -> City_13 -> City_34 -> City_37 -> City_4 -> City_22 -> City_35 -> City_6 -> City_17 -> City_1 -> City_28 -> City_5 -> City_38 -> City_27 -> City_18 -> City_26 -> City_2 -> City_20 -> City_31 -> City_40 -> City_19 -> City_15 -> City_39 -> City_36 -> City_7 -> City_32 -> City_11 -> City_16 -> City_25 -> City_10
1335,599.832141596527,596.4636178585783,City_12 -> City_33 -> City_9 -> City_24 -> City_8 -> City_3 -> City_29 -> City_30 -> City_21 -> City_14 -> City_23 -> City_13 -> City_34 -> City_37 -> City_4 -> City_22 -> City_17 -> City_6 -> City_35 -> City_1 -> City_28 -> City_5 -> City_38 -> City_27 -> City_18 -> City_26 -> City_2 -> City_20 -> City_31 -> City_19 -> City_40 -> City_15 -> City_39 -> City_36 -> City_7 -> City_32 -> City_11 -> City_16 -> City_25 -> City_10
1340,603.4937596046315,596.4636178585783,City_12 -> City_33 -> City_24 -> City_9 -> City_8 -> City_3 -> City_29 -> City_30 -> City_21 -> City_14 -> City_23 -> City_13 -> City_34 -> City_4 -> City_37 -> City_22 -> City_6 -> City_35 -> City_17 -> City_1 -> City_28 -> City_5 -> City_38 -> City_27 -> City_18 -> City_26 -> City_2 -> City_20 -> City_31 -> City_19 -> City_40 -> City_15 -> City_39 -> City_36 -> City_7 -> City_32 -> City_16 -> City_11 -> City_25 -> City_10
1345,602.6699965896149,596.4636178585783,City_24 -> City_9 -> City_33 -> City_12 -> City_8 -> City_3 -> City_29 -> City_30 -> City_21 -> City_14 -> City_23 -> City_13 -> City_34 -> City_4 -> City_37 -> City_22 -> City_17 -> City_35 -> City_6 -> City_1 -> City_28 -> City_5 -> City_38 -> City_27 -> City_18 -> City_26 -> City_2 -> City_20 -> City_10 -> City_19 -> City_40 -> City_15 -> City_39 -> City_36 -> City_7 -> City_32 -> City_16 -> City_11 -> City_25 -> City_31
1350,602.802739093201,596.4636178585783,City_33 -> City_9 -> City_24 -> City_12 -> City_8 -> City_3 -> City_29 -> City_30 -> City_21 -> City_14 -> City_23 -> City_13 -> City_34 -> City_37 -> City_4 -> City_22 -> City_35 -> City_6 -> City_17 -> City_1 -> City_28 -> City_5 -> City_38 -> City_27 -> City_18 -> City_26 -> City_2 -> City_20 -> City_10 -> City_40 -> City_19 -> City_15 -> City_39 -> City_36 -> City_7 -> City_32 -> City_16 -> City_11 -> City_25 -> City_31
1355,600.2167252578311,596.4636178585783,City_12 -> City_24 -> City_9 -> City_33 -> City_8 -> City_3 -> City_29 -> City_30 -> City_21 -> City_14 -> City_23 -> City_13 -> City_34 -> City_37 -> City_4 -> City_22 -> City_17 -> City_6 -> City_35 -> City_1 -> City_28 -> City_5 -> City_38 -> City_27 -> City_18 -> City_26 -> City_2 -> City_20 -> City_31 -> City_40 -> City_19 -> City_15 -> City_39 -> City_36 -> City_7 -> City_32 -> City_11 -> City_16 -> City_25 -> City_10
1360,601.8299185553824,596.4636178585783,City_12 -> City_33 -> City_24 -> City_9 -> City_8 -> City_3 -> City_29 -> City_30 -> City_21 -> City_14 -> City_23 -> City_13 -> City_34 -> City_37 -> City_4 -> City_22 -> City_6 -> City_35 -> City_17 -> City_1 -> City_28 -> City_5 -> City_38 -> City_27 -> City_18 -> City_26 -> City_2 -> City_20 -> City_31 -> City_19 -> City_40 -> City_15 -> City_39 -> City_36 -> City_7 -> City_32 -> City_11 -> City_16 -> City_25 -> City_10
1365,605.8424622387266,596.4636178585783,City_12 -> City_24 -> City_33 -> City_9 -> City_8 -> City_3 -> City_29 -> City_30 -> City_21 -> City_14 -> City_23 -> City_13 -> City_34 -> City_4 -> City_37 -> City_22 -> City_17 -> City_35 -> City_6 -> City_1 -> City_28 -> City_5 -> City_38 -> City_27 -> City_18 -> City_26 -> City_2 -> City_20 -> City_10 -> City_19 -> City_40 -> City_15 -> City_39 -> City_36 -> City_7 -> City_32 -> City_16 -> City_11 -> City_25 -> City_31
1370,607.320128966941,596.4636178585783,City_33 -> City_9 -> City_24 -> City_12 -> City_8 -> City_3 -> City_29 -> City_30 -> City_21 -> City_14 -> City_23 -> City_13 -> City_34 -> City_4 -> City_37 -> City_22 -> City_35 -> City_17 -> City_6 -> City_1 -> City_28 -> City_5 -> City_38 -> City_27 -> City_18 -> City_26 -> City_2 -> City_20 -> City_10 -> City_40 -> City_19 -> City_15 -> City_39 -> City_36 -> City_7 -> City_32 -> City_16 -> City_11 -> City_25 -> City_31
1375,603.503518556169,596.4636178585783,City_33 -> City_24 -> City_9 -> City_12 -> City_8 -> City_3 -> City_29 -> City_30 -> City_21 -> City_14 -> City_23 -> City_13 -> City_34 -> City_37 -> City_4 -> City_22 -> City_35 -> City_6 -> City_17 -> City_1 -> City_28 -> City_5 -> City_38 -> City_27 -> City_18 -> City_26 -> City_2 -> City_20 -> City_31 -> City_40 -> City_19 -> City_15 -> City_39 -> City_36 -> City_7 -> City_32 -> City_11 -> City_16 -> City_25 -> City_10
1380,600.8898078916111,596.4636178585783,City_12 -> City_33 -> City_24 -> City_9 -> City_8 -> City_3 -> City_29 -> City_30 -> City_21 -> City_14 -> City_23 -> City_13 -> City_34 -> City_37 -> City_4 -> City_22 -> City_17 -> City_6 -> City_35 -> City_1 -> City_28 -> City_5 -> City_38 -> City_27 -> City_18 -> City_26 -> City_2 -> City_20 -> City_31 -> City_19 -> City_40 -> City_15 -> City_39 -> City_36 -> City_7 -> City_32 -> City_11 -> City_16 -> City_25 -> City_10
1385,602.6678454846561,596.4636178585783,City_12 -> City_33 -> City_24 -> City_9 -> City_8 -> City_3 -> City_29 -> City_30 -> City_21 -> City_14 -> City_23 -> City_13 -> City_34 -> City_4 -> City_37 -> City_22 -> City_6 -> City_35 -> City_17 -> City_1 -> City_28 -> City_5 -> City_38 -> City_27 -> City_18 -> City_26 -> City_2 -> City_20 -> City_10 -> City_19 -> City_40 -> City_15 -> City_39 -> City_36 -> City_7 -> City_32 -> City_16 -> City_11 -> City_25 -> City_31
1390,603.3440889090261,596.4636178585783,City_24 -> City_9 -> City_33 -> City_12 -> City_8 -> City_3 -> City_29 -> City_30 -> City_21 -> City_14 -> City_23 -> City_13 -> City_34 -> City_4 -> City_37 -> City_22 -> City_17 -> City_35 -> City_6 -> City_1 -> City_28 -> City_5 -> City_38 -> City_27 -> City_18 -> City_26 -> City_2 -> City_20 -> City_10 -> City_40 -> City_19 -> City_15 -> City_39 -> City_36 -> City_7 -> City_32 -> City_16 -> City_11 -> City_25 -> City_31
1395,602.8983984294176,596.4636178585783,City_33 -> City_9 -> City_24 -> City_12 -> City_8 -> City_3 -> City_29 -> City_30 -> City_21 -> City_14 -> City_23 -> City_13 -> City_34 -> City_37 -> City_4 -> City_22 -> City_35 -> City_6 -> City_17 -> City_1 -> City_28 -> City_5 -> City_38 -> City_27 -> City_18 -> City_26 -> City_2 -> City_20 -> City_10 -> City_40 -> City_19 -> City_15 -> City_39 -> City_36 -> City_7 -> City_32 -> City_11 -> City_16 -> City_25 -> City_31
1400,601.2050385095868,596.4636178585783,City_12 -> City_33 -> City_9 -> City_24 -> City_8 -> City_3 -> City_29 -> City_30 -> City_21 -> City_14 -> City_23 -> City_13 -> City_34 -> City_37 -> City_4 -> City_22 -> City_17 -> City_6 -> City_35 -> City_1 -> City_28 -> City_5 -> City_38 -> City_27 -> City_18 -> City_26 -> City_2 -> City_20 -> City_31 -> City_40 -> City_19 -> City_15 -> City_39 -> City_36 -> City_7 -> City_32 -> City_11 -> City_16 -> City_25 -> City_10
1405,603.589418940848,596.4636178585783,City_12 -> City_33 -> City_24 -> City_9 -> City_8 -> City_3 -> City_29 -> City_30 -> City_21 -> City_14 -> City_23 -> City_13 -> City_34 -> City_4 -> City_37 -> City_22 -> City_6 -> City_35 -> City_17 -> City_1 -> City_28 -> City_5 -> City_38 -> City_27 -> City_18 -> City_26 -> City_2 -> City_20 -> City_31 -> City_19 -> City_40 -> City_15 -> City_39 -> City_36 -> City_7 -> City_32 -> City_11 -> City_16 -> City_25 -> City_10
1410,604.2236194337988,596.4636178585783,City_9 -> City_24 -> City_33 -> City_12 -> City_8 -> City_3 -> City_29 -> City_30 -> City_21 -> City_14 -> City_23 -> City_13 -> City_34 -> City_4 -> City_37 -> City_22 -> City_17 -> City_35 -> City_6 -> City_1 -> City_28 -> City_5 -> City_38 -> City_27 -> City_18 -> City_26 -> City_2 -> City_20 -> City_10 -> City_19 -> City_40 -> City_15 -> City_39 -> City_36 -> City_7 -> City_32 -> City_16 -> City_11 -> City_25 -> City_31
1415,604.5622394786668,596.4636178585783,City_33 -> City_9 -> City_24 -> City_12 -> City_8 -> City_3 -> City_29 -> City_30 -> City_21 -> City_14 -> City_23 -> City_13 -> City_34 -> City_4 -> City_37 -> City_22 -> City_35 -> City_6 -> City_17 -> City_1 -> City_28 -> City_5 -> City_38 -> City_27 -> City_18 -> City_26 -> City_2 -> City_20 -> City_10 -> City_40 -> City_19 -> City_15 -> City_39 -> City_36 -> City_7 -> City_32 -> City_16 -> City_11 -> City_25 -> City_31
1420,599.0412539257488,596.4636178585783,City_33 -> City_24 -> City_9 -> City_12 -> City_8 -> City_3 -> City_29 -> City_30 -> City_21 -> City_14 -> City_23 -> City_13 -> City_34 -> City_37 -> City_4 -> City_22 -> City_17 -> City_6 -> City_35 -> City_1 -> City_28 -> City_5 -> City_38 -> City_27 -> City_18 -> City_26 -> City_2 -> City_20 -> City_31 -> City_40 -> City_19 -> City_15 -> City_39 -> City_36 -> City_7 -> City_32 -> City_11 -> City_16 -> City_25 -> City_10
1425,600.3580987096916,596.4636178585783,City_12 -> City_33 -> City_24 -> City_9 -> City_8 -> City_3 -> City_29 -> City_30 -> City_21 -> City_14 -> City_23 -> City_13 -> City_34 -> City_37 -> City_4 -> City_22 -> City_6 -> City_17 -> City_35 -> City_1 -> City_28 -> City_5 -> City_38 -> City_27 -> City_18 -> City_26 -> City_2 -> City_20 -> City_31 -> City_19 -> City_40 -> City_15 -> City_39 -> City_36 -> City_7 -> City_32 -> City_11 -> City_16 -> City_25 -> City_10
1430,602.5528635685329,596.4636178585783,City_12 -> City_24 -> City_33 -> City_9 -> City_8 -> City_3 -> City_29 -> City_30 -> City_21 -> City_14 -> City_23 -> City_13 -> City_34 -> City_4 -> City_37 -> City_22 -> City_6 -> City_35 -> City_17 -> City_1 -> City_28 -> City_5 -> City_38 -> City_27 -> City_18 -> City_26 -> City_2 -> City_20 -> City_10 -> City_19 -> City_40 -> City_15 -> City_39 -> City_36 -> City_7 -> City_32 -> City_16 -> City_11 -> City_25 -> City_31
1435,604.3296841822116,596.4636178585783,City_33 -> City_9 -> City_24 -> City_12 -> City_8 -> City_3 -> City_29 -> City_30 -> City_21 -> City_14 -> City_23 -> City_13 -> City_34 -> City_4 -> City_37 -> City_22 -> City_17 -> City_35 -> City_6 -> City_1 -> City_28 -> City_5 -> City_38 -> City_27 -> City_18 -> City_26 -> City_2 -> City_20 -> City_10 -> City_40 -> City_19 -> City_15 -> City_39 -> City_36 -> City_7 -> City_32 -> City_16 -> City_11 -> City_25 -> City_31
1440,602.2338285594433,596.4636178585783,City_33 -> City_9 -> City_24 -> City_12 -> City_8 -> City_3 -> City_29 -> City_30 -> City_21 -> City_14 -> City_23 -> City_13 -> City_34 -> City_37 -> City_4 -> City_22 -> City_35 -> City_6 -> City_17 -> City_1 -> City_28 -> City_5 -> City_38 -> City_27 -> City_18 -> City_26 -> City_2 -> City_20 -> City_31 -> City_40 -> City_19 -> City_15 -> City_39 -> City_36 -> City_7 -> City_32 -> City_11 -> City_16 -> City_25 -> City_10
1445,599.832141596527,596.4636178585783,City_12 -> City_33 -> City_9 -> City_24 -> City_8 -> City_3 -> City_29 -> City_30 -> City_21 -> City_14 -> City_23 -> City_13 -> City_34 -> City_37 -> City_4 -> City_22 -> City_17 -> City_6 -> City_35 -> City_1 -> City_28 -> City_5 -> City_38 -> City_27 -> City_18 -> City_26 -> City_2 -> City_20 -> City_31 -> City_19 -> City_40 -> City_15 -> City_39 -> City_36 -> City_7 -> City_32 -> City_11 -> City_16 -> City_25 -> City_10
1450,603.4937596046315,596.4636178585783,City_12 -> City_33 -> City_24 -> City_9 -> City_8 -> City_3 -> City_29 -> City_30 -> City_21 -> City_14 -> City_23 -> City_13 -> City_34 -> City_4 -> City_37 -> City_22 -> City_6 -> City_35 -> City_17 -> City_1 -> City_28 -> City_5 -> City_38 -> City_27 -> City_18 -> City_26 -> City_2 -> City_20 -> City_31 -> City_19 -> City_40 -> City_15 -> City_39 -> City_36 -> City_7 -> City_32 -> City_16 -> City_11 -> City_25 -> City_10
1455,602.6699965896149,596.4636178585783,City_24 -> City_9 -> City_33 -> City_12 -> City_8 -> City_3 -> City_29 -> City_30 -> City_21 -> City_14 -> City_23 -> City_13 -> City_34 -> City_4 -> City_37 -> City_22 -> City_17 -> City_35 -> City_6 -> City_1 -> City_28 -> City_5 -> City_38 -> City_27 -> City_18 -> City_26 -> City_2 -> City_20 -> City_10 -> City_19 -> City_40 -> City_15 -> City_39 -> City_36 -> City_7 -> City_32 -> City_16 -> City_11 -> City_25 -> City_31
1460,602.802739093201,596.4636178585783,City_33 -> City_9 -> City_24 -> City_12 -> City_8 -> City_3 -> City_29 -> City_30 -> City_21 -> City_14 -> City_23 -> City_13 -> City_34 -> City_37 -> City_4 -> City_22 -> City_35 -> City_6 -> City_17 -> City_1 -> City_28 -> City_5 -> City_38 -> City_27 -> City_18 -> City_26 -> City_2 -> City_20 -> City_10 -> City_40 -> City_19 -> City_15 -> City_39 -> City_36 -> City_7 -> City_32 -> City_16 -> City_11 -> City_25 -> City_31
1465,600.2167252578311,596.4636178585783,City_12 -> City_24 -> City_9 -> City_33 -> City_8 -> City_3 -> City_29 -> City_30 -> City_21 -> City_14 -> City_23 -> City_13 -> City_34 -> City_37 -> City_4 -> City_22 -> City_17 -> City_6 -> City_35 -> City_1 -> City_28 -> City_5 -> City_38 -> City_27 -> City_18 -> City_26 -> City_2 -> City_20 -> City_31 -> City_40 -> City_19 -> City_15 -> City_39 -> City_36 -> City_7 -> City_32 -> City_11 -> City_16 -> City_25 -> City_10
1470,601.8299185553824,596.4636178585783,City_12 -> City_33 -> City_24 -> City_9 -> City_8 -> City_3 -> City_29 -> City_30 -> City_21 -> City_14 -> City_23 -> City_13 -> City_34 -> City_37 -> City_4 -> City_22 -> City_6 -> City_35 -> City_17 -> City_1 -> City_28 -> City_5 -> City_38 -> City_27 -> City_18 -> City_26 -> City_2 -> City_20 -> City_31 -> City_19 -> City_40 -> City_15 -> City_39 -> City_36 -> City_7 -> City_32 -> City_11 -> City_16 -> City_25 -> City_10
1475,605.8424622387266,596.4636178585783,City_12 -> City_24 -> City_33 -> City_9 -> City_8 -> City_3 -> City_29 -> City_30 -> City_21 -> City_14 -> City_23 -> City_13 -> City_34 -> City_4 -> City_37 -> City_22 -> City_17 -> City_35 -> City_6 -> City_1 -> City_28 -> City_5 -> City_38 -> City_27 -> City_18 -> City_26 -> City_2 -> City_20 -> City_10 -> City_19 -> City_40 -> City_15 -> City_39 -> City_36 -> City_7 -> City_32 -> City_16 -> City_11 -> City_25 -> City_31
1480,607.320128966941,596.4636178585783,City_33 -> City_9 -> City_24 -> City_12 -> City_8 -> City_3 -> City_29 -> City_30 -> City_21 -> City_14 -> City_23 -> City_13 -> City_34 -> City_4 -> City_37 -> City_22 -> City_35 -> City_17 -> City_6 -> City_1 -> City_28 -> City_5 -> City_38 -> City_27 -> City_18 -> City_26 -> City_2 -> City_20 -> City_10 -> City_40 -> City_19 -> City_15 -> City_39 -> City_36 -> City_7 -> City_32 -> City_16 -> City_11 -> City_25 -> City_31
1485,603.503518556169,596.4636178585783,City_33 -> City_24 -> City_9 -> City_12 -> City_8 -> City_3 -> City_29 -> City_30 -> City_21 -> City_14 -> City_23 -> City_13 -> City_34 -> City_37 -> City_4 -> City_22 -> City_35 -> City_6 -> City_17 -> City_1 -> City_28 -> City_5 -> City_38 -> City_27 -> City_18 -> City_26 -> City_2 -> City_20 -> City_31 -> City_40 -> City_19 -> City_15 -> City_39 -> City_36 -> City_7 -> City_32 -> City_11 -> City_16 -> City_25 -> City_10
1490,600.8898078916111,596.4636178585783,City_12 -> City_33 -> City_24 -> City_9 -> City_8 -> City_3 -> City_29 -> City_30 -> City_21 -> City_14 -> City_23 -> City_13 -> City_34 -> City_37 -> City_4 -> City_22 -> City_17 -> City_6 -> City_35 -> City_1 -> City_28 -> City_5 -> City_38 -> City_27 -> City_18 -> City_26 -> City_2 -> City_20 -> City_31 -> City_19 -> City_40 -> City_15 -> City_39 -> City_36 -> City_7 -> City_32 -> City_11 -> City_16 -> City_25 -> City_10
1495,602.6678454846561,596.4636178585783,City_12 -> City_33 -> City_24 -> City_9 -> City_8 -> City_3 -> City_29 -> City_30 -> City_21 -> City_14 -> City_23 -> City_13 -> City_34 -> City_4 -> City_37 -> City_22 -> City_6 -> City_35 -> City_17 -> City_1 -> City_28 -> City_5 -> City_38 -> City_27 -> City_18 -> City_26 -> City_2 -> City_20 -> City_10 -> City_19 -> City_40 -> City_15 -> City_39 -> City_36 -> City_7 -> City_32 -> City_16 -> City_11 -> City_25 -> City_31
1500,603.3440889090261,596.4636178585783,City_24 -> City_9 -> City_33 -> City_12 -> City_8 -> City_3 -> City_29 -> City_30 -> City_21 -> City_14 -> City_23 -> City_13 -> City_34 -> City_4 -> City_37 -> City_22 -> City_17 -> City_35 -> City_6 -> City_1 -> City_28 -> City_5 -> City_38 -> City_27 -> City_18 -> City_26 -> City_2 -> City_20 -> City_10 -> City_40 -> City_19 -> City_15 -> City_39 -> City_36 -> City_7 -> City_32 -> City_16 -> City_11 -> City_25 -> City_31
1505,602.8983984294176,596.4636178585783,City_33 -> City_9 -> City_24 -> City_12 -> City_8 -> City_3 -> City_29 -> City_30 -> City_21 -> City_14 -> City_23 -> City_13 -> City_34 -> City_37 -> City_4 -> City_22 -> City_35 -> City_6 -> City_17 -> City_1 -> City_28 -> City_5 -> City_38 -> City_27 -> City_18 -> City_26 -> City_2 -> City_20 -> City_10 -> City_40 -> City_19 -> City_15 -> City_39 -> City_36 -> City_7 -> City_32 -> City_11 -> City_16 -> City_25 -> City_31
1510,601.2050385095868,596.4636178585783,City_12 -> City_33 -> City_9 -> City_24 -> City_8 -> City_3 -> City_29 -> City_30 -> City_21 -> City_14 -> City_23 -> City_13 -> City_34 -> City_37 -> City_4 -> City_22 -> City_17 -> City_6 -> City_35 -> City_1 -> City_28 -> City_5 -> City_38 -> City_27 -> City_18 -> City_26 -> City_2 -> City_20 -> City_31 -> City_40 -> City_19 -> City_15 -> City_39 -> City_36 -> City_7 -> City_32 -> City_11 -> City_16 -> City_25 -> City_10
1515,603.589418940848,596.4636178585783,City_12 -> City_33 -> City_24 -> City_9 -> City_8 -> City_3 -> City_29 -> City_30 -> City_21 -> City_14 -> City_23 -> City_13 -> City_34 -> City_4 -> City_37 -> City_22 -> City_6 -> City_35 -> City_17 -> City_1 -> City_28 -> City_5 -> City_38 -> City_27 -> City_18 -> City_26 -> City_2 -> City_20 -> City_31 -> City_19 -> City_40 -> City_15 -> City_39 -> City_36 -> City_7 -> City_32 -> City_11 -> City_16 -> City_25 -> City_10
1520,604.2236194337988,596.4636178585783,City_9 -> City_24 -> City_33 -> City_12 -> City_8 -> City_3 -> City_29 -> City_30 -> City_21 -> City_14 -> City_23 -> City_13 -> City_34 -> City_4 -> City_37 -> City_22 -> City_17 -> City_35 -> City_6 -> City_1 -> City_28 -> City_5 -> City_38 -> City_27 -> City_18 -> City_26 -> City_2 -> City_20 -> City_10 -> City_19 -> City_40 -> City_15 -> City_39 -> City_36 -> City_7 -> City_32 -> City_16 -> City_11 -> City_25 -> City_31
1525,604.5622394786668,596.4636178585783,City_33 -> City_9 -> City_24 -> City_12 -> City_8 -> City_3 -> City_29 -> City_30 -> City_21 -> City_14 -> City_23 -> City_13 -> City_34 -> City_4 -> City_37 -> City_22 -> City_35 -> City_6 -> City_17 -> City_1 -> City_28 -> City_5 -> City_38 -> City_27 -> City_18 -> City_26 -> City_2 -> City_20 -> City_10 -> City_40 -> City_19 -> City_15 -> City_39 -> City_36 -> City_7 -> City_32 -> City_16 -> City_11 -> City_25 -> City_31
1530,599.0412539257488,596.4636178585783,City_33 -> City_24 -> City_9 -> City_12 -> City_8 -> City_3 -> City_29 -> City_30 -> City_21 -> City_14 -> City_23 -> City_13 -> City_34 -> City_37 -> City_4 -> City_22 -> City_17 -> City_6 -> City_35 -> City_1 -> City_28 -> City_5 -> City_38 -> City_27 -> City_18 -> City_26 -> City_2 -> City_20 -> City_31 -> City_40 -> City_19 -> City_15 -> City_39 -> City_36 -> City_7 -> City_32 -> City_11 -> City_16 -> City_25 -> City_10
1535,600.3580987096916,596.4636178585783,City_12 -> City_33 -> City_24 -> City_9 -> City_8 -> City_3 -> City_29 -> City_30 -> City_21 -> City_14 -> City_23 -> City_13 -> City_34 -> City_37 -> City_4 -> City_22 -> City_6 -> City_17 -> City_35 -> City_1 -> City_28 -> City_5 -> City_38 -> City_27 -> City_18 -> City_26 -> City_2 -> City_20 -> City_31 -> City_19 -> City_40 -> City_15 -> City_39 -> City_36 -> City_7 -> City_32 -> City_11 -> City_16 -> City_25 -> City_10
1540,602.5528635685329,596.4636178585783,City_12 -> City_24 -> City_33 -> City_9 -> City_8 -> City_3 -> City_29 -> City_30 -> City_21 -> City_14 -> City_23 -> City_13 -> City_34 -> City_4 -> City_37 -> City_22 -> City_6 -> City_35 -> City_17 -> City_1 -> City_28 -> City_5 -> City_38 -> City_27 -> City_18 -> City_26 -> City_2 -> City_20 -> City_10 -> City_19 -> City_40 -> City_15 -> City_39 -> City_36 -> City_7 -> City_32 -> City_16 -> City_11 -> City_25 -> City_31
1545,604.3296841822116,596.4636178585783,City_33 -> City_9 -> City_24 -> City_12 -> City_8 -> City_3 -> City_29 -> City_30 -> City_21 -> City_14 -> City_23 -> City_13 -> City_34 -> City_4 -> City_37 -> City_22 -> City_17 -> City_35 -> City_6 -> City_1 -> City_28 -> City_5 -> City_38 -> City_27 -> City_18 -> City_26 -> City_2 -> City_20 -> City_10 -> City_40 -> City_19 -> City_15 -> City_39 -> City_36 -> City_7 -> City_32 -> City_16 -> City_11 -> City_25 -> City_31
1550,602.2338285594433,596.4636178585783,City_33 -> City_9 -> City_24 -> City_12 -> City_8 -> City_3 -> City_29 -> City_30 -> City_21 -> City_14 -> City_23 -> City_13 -> City_34 -> City_37 -> City_4 -> City_22 -> City_35 -> City_6 -> City_17 -> City_1 -> City_28 -> City_5 -> City_38 -> City_27 -> City_18 -> City_26 -> City_2 -> City_20 -> City_31 -> City_40 -> City_19 -> City_15 -> City_39 -> City_36 -> City_7 -> City_32 -> City_11 -> City_16 -> City_25 -> City_10
1555,599.832141596527,596.4636178585783,City_12 -> City_33 -> City_9 -> City_24 -> City_8 -> City_3 -> City_29 -> City_30 -> City_21 -> City_14 -> City_23 -> City_13 -> City_34 -> City_37 -> City_4 -> City_22 -> City_17 -> City_6 -> City_35 -> City_1 -> City_28 -> City_5 -> City_38 -> City_27 -> City_18 -> City_26 -> City_2 -> City_20 -> City_31 -> City_19 -> City_40 -> City_15 -> City_39 -> City_36 -> City_7 -> City_32 -> City_11 -> City_16 -> City_25 -> City_10
1560,603.4937596046315,596.4636178585783,City_12 -> City_33 -> City_24 -> City_9 -> City_8 -> City_3 -> City_29 -> City_30 -> City_21 -> City_14 -> City_23 -> City_13 -> City_34 -> City_4 -> City_37 -> City_22 -> City_6 -> City_35 -> City_17 -> City_1 -> City_28 -> City_5 -> City_38 -> City_27 -> City_18 -> City_26 -> City_2 -> City_20 -> City_31 -> City_19 -> City_40 -> City_15 -> City_39 -> City_36 -> City_7 -> City_32 -> City_16 -> City_11 -> City_25 -> City_10
1565,602.6699965896149,596.4636178585783,City_24 -> City_9 -> City_33 -> City_12 -> City_8 -> City_3 -> City_29 -> City_30 -> City_21 -> City_14 -> City_23 -> City_13 -> City_34 -> City_4 -> City_37 -> City_22 -> City_17 -> City_35 -> City_6 -> City_1 -> City_28 -> City_5 -> City_38 -> City_27 -> City_18 -> City_26 -> City_2 -> City_20 -> City_10 -> City_19 -> City_40 -> City_15 -> City_39 -> City_36 -> City_7 -> City_32 -> City_16 -> City_11 -> City_25 -> City_31
1570,602.802739093201,596.4636178585783,City_33 -> City_9 -> City_24 -> City_12 -> City_8 -> City_3 -> City_29 -> City_30 -> City_21 -> City_14 -> City_23 -> City_13 -> City_34 -> City_37 -> City_4 -> City_22 -> City_35 -> City_6 -> City_17 -> City_1 -> City_28 -> City_5 -> City_38 -> City_27 -> City_18 -> City_26 -> City_2 -> City_20 -> City_10 -> City_40 -> City_19 -> City_15 -> City_39 -> City_36 -> City_7 -> City_32 -> City_16 -> City_11 -> City_25 -> City_31
1575,600.2167252578311,596.4636178585783,City_12 -> City_24 -> City_9 -> City_33 -> City_8 -> City_3 -> City_29 -> City_30 -> City_21 -> City_14 -> City_23 -> City_13 -> City_34 -> City_37 -> City_4 -> City_22 -> City_17 -> City_6 -> City_35 -> City_1 -> City_28 -> City_5 -> City_38 -> City_27 -> City_18 -> City_26 -> City_2 -> City_20 -> City_31 -> City_40 -> City_19 -> City_15 -> City_39 -> City_36 -> City_7 -> City_32 -> City_11 -> City_16 -> City_25 -> City_10
1580,601.8299185553824,596.4636178585783,City_12 -> City_33 -> City_24 -> City_9 -> City_8 -> City_3 -> City_29 -> City_30 -> City_21 -> City_14 -> City_23 -> City_13 -> City_34 -> City_37 -> City_4 -> City_22 -> City_6 -> City_35 -> City_17 -> City_1 -> City_28 -> City_5 -> City_38 -> City_27 -> City_18 -> City_26 -> City_2 -> City_20 -> City_31 -> City_19 -> City_40 -> City_15 -> City_39 -> City_36 -> City_7 -> City_32 -> City_11 -> City_16 -> City_25 -> City_10
1585,605.8424622387266,596.4636178585783,City_12 -> City_24 -> City_33 -> City_9 -> City_8 -> City_3 -> City_29 -> City_30 -> City_21 -> City_14 -> City_23 -> City_13 -> City_34 -> City_4 -> City_37 -> City_22 -> City_17 -> City_35 -> City_6 -> City_1 -> City_28 -> City_5 -> City_38 -> City_27 -> City_18 -> City_26 -> City_2 -> City_20 -> City_10 -> City_19 -> City_40 -> City_15 -> City_39 -> City_36 -> City_7 -> City_32 -> City_16 -> City_11 -> City_25 -> City_31
1590,607.320128966941,596.4636178585783,City_33 -> City_9 -> City_24 -> City_12 -> City_8 -> City_3 -> City_29 -> City_30 -> City_21 -> City_14 -> City_23 -> City_13 -> City_34 -> City_4 -> City_37 -> City_22 -> City_35 -> City_17 -> City_6 -> City_1 -> City_28 -> City_5 -> City_38 -> City_27 -> City_18 -> City_26 -> City_2 -> City_20 -> City_10 -> City_40 -> City_19 -> City_15 -> City_39 -> City_36 -> City_7 -> City_32 -> City_16 -> City_11 -> City_25 -> City_31
1595,603.503518556169,596.4636178585783,City_33 -> City_24 -> City_9 -> City_12 -> City_8 -> City_3 -> City_29 -> City_30 -> City_21 -> City_14 -> City_23 -> City_13 -> City_34 -> City_37 -> City_4 -> City_22 -> City_35 -> City_6 -> City_17 -> City_1 -> City_28 -> City_5 -> City_38 -> City_27 -> City_18 -> City_26 -> City_2 -> City_20 -> City_31 -> City_40 -> City_19 -> City_15 -> City_39 -> City_36 -> City_7 -> City_32 -> City_11 -> City_16 -> City_25 -> City_10
1600,600.8898078916111,596.4636178585783,City_12 -> City_33 -> City_24 -> City_9 -> City_8 -> City_3 -> City_29 -> City_30 -> City_21 -> City_14 -> City_23 -> City_13 -> City_34 -> City_37 -> City_4 -> City_22 -> City_17 -> City_6 -> City_35 -> City_1 -> City_28 -> City_5 -> City_38 -> City_27 -> City_18 -> City_26 -> City_2 -> City_20 -> City_31 -> City_19 -> City_40 -> City_15 -> City_39 -> City_36 -> City_7 -> City_32 -> City_11 -> City_16 -> City_25 -> City_10
1605,602.6678454846561,596.4636178585783,City_12 -> City_33 -> City_24 -> City_9 -> City_8 -> City_3 -> City_29 -> City_30 -> City_21 -> City_14 -> City_23 -> City_13 -> City_34 -> City_4 -> City_37 -> City_22 -> City_6 -> City_35 -> City_17 -> City_1 -> City_28 -> City_5 -> City_38 -> City_27 -> City_18 -> City_26 -> City_2 -> City_20 -> City_10 -> City_19 -> City_40 -> City_15 -> City_39 -> City_36 -> City_7 -> City_32 -> City_16 -> City_11 -> City_25 -> City_31
1610,603.3440889090261,596.4636178585783,City_24 -> City_9 -> City_33 -> City_12 -> City_8 -> City_3 -> City_29 -> City_30 -> City_21 -> City_14 -> City_23 -> City_13 -> City_34 -> City_4 -> City_37 -> City_22 -> City_17 -> City_35 -> City_6 -> City_1 -> City_28 -> City_5 -> City_38 -> City_27 -> City_18 -> City_26 -> City_2 -> City_20 -> City_10 -> City_40 -> City_19 -> City_15 -> City_39 -> City_36 -> City_7 -> City_32 -> City_16 -> City_11 -> City_25 -> City_31
1615,602.8983984294176,596.4636178585783,City_33 -> City_9 -> City_24 -> City_12 -> City_8 -> City_3 -> City_29 -> City_30 -> City_21 -> City_14 -> City_23 -> City_13 -> City_34 -> City_37 -> City_4 -> City_22 -> City_35 -> City_6 -> City_17 -> City_1 -> City_28 -> City_5 -> City_38 -> City_27 -> City_18 -> City_26 -> City_2 -> City_20 -> City_10 -> City_40 -> City_19 -> City_15 -> City_39 -> City_36 -> City_7 -> City_32 -> City_11 -> City_16 -> City_25 -> City_31
1620,601.2050385095868,596.4636178585783,City_12 -> City_33 -> City_9 -> City_24 -> City_8 -> City_3 -> City_29 -> City_30 -> City_21 -> City_14 -> City_23 -> City_13 -> City_34 -> City_37 -> City_4 -> City_22 -> City_17 -> City_6 -> City_35 -> City_1 -> City_28 -> City_5 -> City_38 -> City_27 -> City_18 -> City_26 -> City_2 -> City_20 -> City_31 -> City_40 -> City_19 -> City_15 -> City_39 -> City_36 -> City_7 -> City_32 -> City_11 -> City_16 -> City_25 -> City_10
1625,603.589418940848,596.4636178585783,City_12 -> City_33 -> City_24 -> City_9 -> City_8 -> City_3 -> City_29 -> City_30 -> City_21 -> City_14 -> City_23 -> City_13 -> City_34 -> City_4 -> City_37 -> City_22 -> City_6 -> City_35 -> City_17 -> City_1 -> City_28 -> City_5 -> City_38 -> City_27 -> City_18 -> City_26 -> City_2 -> City_20 -> City_31 -> City_19 -> City_40 -> City_15 -> City_39 -> City_36 -> City_7 -> City_32 -> City_11 -> City_16 -> City_25 -> City_10
1630,604.2236194337988,596.4636178585783,City_9 -> City_24 -> City_33 -> City_12 -> City_8 -> City_3 -> City_29 -> City_30 -> City_21 -> City_14 -> City_23 -> City_13 -> City_34 -> City_4 -> City_37 -> City_22 -> City_17 -> City_35 -> City_6 -> City_1 -> City_28 -> City_5 -> City_38 -> City_27 -> City_18 -> City_26 -> City_2 -> City_20 -> City_10 -> City_19 -> City_40 -> City_15 -> City_39 -> City_36 -> City_7 -> City_32 -> City_16 -> City_11 -> City_25 -> City_31
1635,604.5622394786668,596.4636178585783,City_33 -> City_9 -> City_24 -> City_12 -> City_8 -> City_3 -> City_29 -> City_30 -> City_21 -> City_14 -> City_23 -> City_13 -> City_34 -> City_4 -> City_37 -> City_22 -> City_35 -> City_6 -> City_17 -> City_1 -> City_28 -> City_5 -> City_38 -> City_27 -> City_18 -> City_26 -> City_2 -> City_20 -> City_10 -> City_40 -> City_19 -> City_15 -> City_39 -> City_36 -> City_7 -> City_32 -> City_16 -> City_11 -> City_25 -> City_31
1640,599.0412539257488,596.4636178585783,City_33 -> City_24 -> City_9 -> City_12 -> City_8 -> City_3 -> City_29 -> City_30 -> City_21 -> City_14 -> City_23 -> City_13 -> City_34 -> City_37 -> City_4 -> City_22 -> City_17 -> City_6 -> City_35 -> City_1 -> City_28 -> City_5 -> City_38 -> City_27 -> City_18 -> City_26 -> City_2 -> City_20 -> City_31 -> City_40 -> City_19 -> City_15 -> City_39 -> City_36 -> City_7 -> City_32 -> City_11 -> City_16 -> City_25 -> City_10
1645,600.3580987096916,596.4636178585783,City_12 -> City_33 -> City_24 -> City_9 -> City_8 -> City_3 -> City_29 -> City_30 -> City_21 -> City_14 -> City_23 -> City_13 -> City_34 -> City_37 -> City_4 -> City_22 -> City_6 -> City_17 -> City_35 -> City_1 -> City_28 -> City_5 -> City_38 -> City_27 -> City_18 -> City_26 -> City_2 -> City_20 -> City_31 -> City_19 -> City_40 -> City_15 -> City_39 -> City_36 -> City_7 -> City_32 -> City_11 -> City_16 -> City_25 -> City_10
1650,602.5528635685329,596.4636178585783,City_12 -> City_24 -> City_33 -> City_9 -> City_8 -> City_3 -> City_29 -> City_30 -> City_21 -> City_14 -> City_23 -> City_13 -> City_34 -> City_4 -> City_37 -> City_22 -> City_6 -> City_35 -> City_17 -> City_1 -> City_28 -> City_5 -> City_38 -> City_27 -> City_18 -> City_26 -> City_2 -> City_20 -> City_10 -> City_19 -> City_40 -> City_15 -> City_39 -> City_36 -> City_7 -> City_32 -> City_16 -> City_11 -> City_25 -> City_31
1655,604.3296841822116,596.4636178585783,City_33 -> City_9 -> City_24 -> City_12 -> City_8 -> City_3 -> City_29 -> City_30 -> City_21 -> City_14 -> City_23 -> City_13 -> City_34 -> City_4 -> City_37 -> City_22 -> City_17 -> City_35 -> City_6 -> City_1 -> City_28 -> City_5 -> City_38 -> City_27 -> City_18 -> City_26 -> City_2 -> City_20 -> City_10 -> City_40 -> City_19 -> City_15 -> City_39 -> City_36 -> City_7 -> City_32 -> City_16 -> City_11 -> City_25 -> City_31
1660,602.2338285594433,596.4636178585783,City_33 -> City_9 -> City_24 -> City_12 -> City_8 -> City_3 -> City_29 -> City_30 -> City_21 -> City_14 -> City_23 -> City_13 -> City_34 -> City_37 -> City_4 -> City_22 -> City_35 -> City_6 -> City_17 -> City_1 -> City_28 -> City_5 -> City_38 -> City_27 -> City_18 -> City_26 -> City_2 -> City_20 -> City_31 -> City_40 -> City_19 -> City_15 -> City_39 -> City_36 -> City_7 -> City_32 -> City_11 -> City_16 -> City_25 -> City_10
1665,599.832141596527,596.4636178585783,City_12 -> City_33 -> City_9 -> City_24 -> City_8 -> City_3 -> City_29 -> City_30 -> City_21 -> City_14 -> City_23 -> City_13 -> City_34 -> City_37 -> City_4 -> City_22 -> City_17 -> City_6 -> City_35 -> City_1 -> City_28 -> City_5 -> City_38 -> City_27 -> City_18 -> City_26 -> City_2 -> City_20 -> City_31 -> City_19 -> City_40 -> City_15 -> City_39 -> City_36 -> City_7 -> City_32 -> City_11 -> City_16 -> City_25 -> City_10
1670,603.4937596046315,596.4636178585783,City_12 -> City_33 -> City_24 -> City_9 -> City_8 -> City_3 -> City_29 -> City_30 -> City_21 -> City_14 -> City_23 -> City_13 -> City_34 -> City_4 -> City_37 -> City_22 -> City_6 -> City_35 -> City_17 -> City_1 -> City_28 -> City_5 -> City_38 -> City_27 -> City_18 -> City_26 -> City_2 -> City_20 -> City_31 -> City_19 -> City_40 -> City_15 -> City_39 -> City_36 -> City_7 -> City_32 -> City_16 -> City_11 -> City_25 -> City_10
1675,602.6699965896149,596.4636178585783,City_24 -> City_9 -> City_33 -> City_12 -> City_8 -> City_3 -> City_29 -> City_30 -> City_21 -> City_14 -> City_23 -> City_13 -> City_34 -> City_4 -> City_37 -> City_22 -> City_17 -> City_35 -> City_6 -> City_1 -> City_28 -> City_5 -> City_38 -> City_27 -> City_18 -> City_26 -> City_2 -> City_20 -> City_10 -> City_19 -> City_40 -> City_15 -> City_39 -> City_36 -> City_7 -> City_32 -> City_16 -> City_11 -> City_25 -> City_31
1680,602.802739093201,596.4636178585783,City_33 -> City_9 -> City_24 -> City_12 -> City_8 -> City_3 -> City_29 -> City_30 -> City_21 -> City_14 -> City_23 -> City_13 -> City_34 -> City_37 -> City_4 -> City_22 -> City_35 -> City_6 -> City_17 -> City_1 -> City_28 -> City_5 -> City_38 -> City_27 -> City_18 -> City_26 -> City_2 -> City_20 -> City_10 -> City_40 -> City_19 -> City_15 -> City_39 -> City_36 -> City_7 -> City_32 -> City_16 -> City_11 -> City_25 -> City_31
1685,600.2167252578311,596.4636178585783,City_12 -> City_24 -> City_9 -> City_33 -> City_8 -> City_3 -> City_29 -> City_30 -> City_21 -> City_14 -> City_23 -> City_13 -> City_34 -> City_37 -> City_4 -> City_22 -> City_17 -> City_6 -> City_35 -> City_1 -> City_28 -> City_5 -> City_38 -> City_27 -> City_18 -> City_26 -> City_2 -> City_20 -> City_31 -> City_40 -> City_19 -> City_15 -> City_39 -> City_36 -> City_7 -> City_32 -> City_11 -> City_16 -> City_25 -> City_10
1690,601.8299185553824,596.4636178585783,City_12 -> City_33 -> City_24 -> City_9 -> City_8 -> City_3 -> City_29 -> City_30 -> City_21 -> City_14 -> City_23 -> City_13 -> City_34 -> City_37 -> City_4 -> City_22 -> City_6 -> City_35 -> City_17 -> City_1 -> City_28 -> City_5 -> City_38 -> City_27 -> City_18 -> City_26 -> City_2 -> City_20 -> City_31 -> City_19 -> City_40 -> City_15 -> City_39 -> City_36 -> City_7 -> City_32 -> City_11 -> City_16 -> City_25 -> City_10
1695,605.8424622387266,596.4636178585783,City_12 -> City_24 -> City_33 -> City_9 -> City_8 -> City_3 -> City_29 -> City_30 -> City_21 -> City_14 -> City_23 -> City_13 -> City_34 -> City_4 -> City_37 -> City_22 -> City_17 -> City_35 -> City_6 -> City_1 -> City_28 -> City_5 -> City_38 -> City_27 -> City_18 -> City_26 -> City_2 -> City_20 -> City_10 -> City_19 -> City_40 -> City_15 -> City_39 -> City_36 -> City_7 -> City_32 -> City_16 -> City_11 -> City_25 -> City_31
1700,607.320128966941,596.4636178585783,City_33 -> City_9 -> City_24 -> City_12 -> City_8 -> City_3 -> City_29 -> City_30 -> City_21 -> City_14 -> City_23 -> City_13 -> City_34 -> City_4 -> City_37 -> City_22 -> City_35 -> City_17 -> City_6 -> City_1 -> City_28 -> City_5 -> City_38 -> City_27 -> City_18 -> City_26 -> City_2 -> City_20 -> City_10 -> City_40 -> City_19 -> City_15 -> City_39 -> City_36 -> City_7 -> City_32 -> City_16 -> City_11 -> City_25 -> City_31
1705,603.503518556169,596.4636178585783,City_33 -> City_24 -> City_9 -> City_12 -> City_8 -> City_3 -> City_29 -> City_30 -> City_21 -> City_14 -> City_23 -> City_13 -> City_34 -> City_37 -> City_4 -> City_22 -> City_35 -> City_6 -> City_17 -> City_1 -> City_28 -> City_5 -> City_38 -> City_27 -> City_18 -> City_26 -> City_2 -> City_20 -> City_31 -> City_40 -> City_19 -> City_15 -> City_39 -> City_36 -> City_7 -> City_32 -> City_11 -> City_16 -> City_25 -> City_10
1710,600.8898078916111,596.4636178585783,City_12 -> City_33 -> City_24 -> City_9 -> City_8 -> City_3 -> City_29 -> City_30 -> City_21 -> City_14 -> City_23 -> City_13 -> City_34 -> City_37 -> City_4 -> City_22 -> City_17 -> City_6 -> City_35 -> City_1 -> City_28 -> City_5 -> City_38 -> City_27 -> City_18 -> City_26 -> City_2 -> City_20 -> City_31 -> City_19 -> City_40 -> City_15 -> City_39 -> City_36 -> City_7 -> City_32 -> City_11 -> City_16 -> City_25 -> City_10
1715,602.6678454846561,596.4636178585783,City_12 -> City_33 -> City_24 -> City_9 -> City_8 -> City_3 -> City_29 -> City_30 -> City_21 -> City_14 -> City_23 -> City_13 -> City_34 -> City_4 -> City_37 -> City_22 -> City_6 -> City_35 -> City_17 -> City_1 -> City_28 -> City_5 -> City_38 -> City_27 -> City_18 -> City_26 -> City_2 -> City_20 -> City_10 -> City_19 -> City_40 -> City_15 -> City_39 -> City_36 -> City_7 -> City_32 -> City_16 -> City_11 -> City_25 -> City_31
1720,603.3440889090261,596.4636178585783,City_24 -> City_9 -> City_33 -> City_12 -> City_8 -> City_3 -> City_29 -> City_30 -> City_21 -> City_14 -> City_23 -> City_13 -> City_34 -> City_4 -> City_37 -> City_22 -> City_17 -> City_35 -> City_6 -> City_1 -> City_28 -> City_5 -> City_38 -> City_27 -> City_18 -> City_26 -> City_2 -> City_20 -> City_10 -> City_40 -> City_19 -> City_15 -> City_39 -> City_36 -> City_7 -> City_32 -> City_16 -> City_11 -> City_25 -> City_31
1725,602.8983984294176,596.4636178585783,City_33 -> City_9 -> City_24 -> City_12 -> City_8 -> City_3 -> City_29 -> City_30 -> City_21 -> City_14 -> City_23 -> City_13 -> City_34 -> City_37 -> City_4 -> City_22 -> City_35 -> City_6 -> City_17 -> City_1 -> City_28 -> City_5 -> City_38 -> City_27 -> City_18 -> City_26 -> City_2 -> City_20 -> City_10 -> City_40 -> City_19 -> City_15 -> City_39 -> City_36 -> City_7 -> City_32 -> City_11 -> City_16 -> City_25 -> City_31
1730,601.2050385095868,596.4636178585783,City_12 -> City_33 -> City_9 -> City_24 -> City_8 -> City_3 -> City_29 -> City_30 -> City_21 -> City_14 -> City_23 -> City_13 -> City_34 -> City_37 -> City_4 -> City_22 -> City_17 -> City_6 -> City_35 -> City_1 -> City_28 -> City_5 -> City_38 -> City_27 -> City_18 -> City_26 -> City_2 -> City_20 -> City_31 -> City_40 -> City_19 -> City_15 -> City_39 -> City_36 -> City_7 -> City_32 -> City_11 -> City_16 -> City_25 -> City_10
1735,603.589418940848,596.4636178585783,City_12 -> City_33 -> City_24 -> City_9 -> City_8 -> City_3 -> City_29 -> City_30 -> City_21 -> City_14 -> City_23 -> City_13 -> City_34 -> City_4 -> City_37 -> City_22 -> City_6 -> City_35 -> City_17 -> City_1 -> City_28 -> City_5 -> City_38 -> City_27 -> City_18 -> City_26 -> City_2 -> City_20 -> City_31 -> City_19 -> City_40 -> City_15 -> City_39 -> City_36 -> City_7 -> City_32 -> City_11 -> City_16 -> City_25 -> City_10
1740,604.2236194337988,596.4636178585783,City_9 -> City_24 -> City_33 -> City_12 -> City_8 -> City_3 -> City_29 -> City_30 -> City_21 -> City_14 -> City_23 -> City_13 -> City_34 -> City_4 -> City_37 -> City_22 -> City_17 -> City_35 -> City_6 -> City_1 -> City_28 -> City_5 -> City_38 -> City_27 -> City_18 -> City_26 -> City_2 -> City_20 -> City_10 -> City_19 -> City_40 -> City_15 -> City_39 -> City_36 -> City_7 -> City_32 -> City_16 -> City_11 -> City_25 -> City_31
1745,604.5622394786668,596.4636178585783,City_33 -> City_9 -> City_24 -> City_12 -> City_8 -> City_3 -> City_29 -> City_30 -> City_21 -> City_14 -> City_23 -> City_13 -> City_34 -> City_4 -> City_37 -> City_22 -> City_35 -> City_6 -> City_17 -> City_1 -> City_28 -> City_5 -> City_38 -> City_27 -> City_18 -> City_26 -> City_2 -> City_20 -> City_10 -> City_40 -> City_19 -> City_15 -> City_39 -> City_36 -> City_7 -> City_32 -> City_16 -> City_11 -> City_25 -> City_31
1750,599.0412539257488,596.4636178585783,City_33 -> City_24 -> City_9 -> City_12 -> City_8 -> City_3 -> City_29 -> City_30 -> City_21 -> City_14 -> City_23 -> City_13 -> City_34 -> City_37 -> City_4 -> City_22 -> City_17 -> City_6 -> City_35 -> City_1 -> City_28 -> City_5 -> City_38 -> City_27 -> City_18 -> City_26 -> City_2 -> City_20 -> City_31 -> City_40 -> City_19 -> City_15 -> City_39 -> City_36 -> City_7 -> City_32 -> City_11 -> City_16 -> City_25 -> City_10
1755,600.3580987096916,596.4636178585783,City_12 -> City_33 -> City_24 -> City_9 -> City_8 -> City_3 -> City_29 -> City_30 -> City_21 -> City_14 -> City_23 -> City_13 -> City_34 -> City_37 -> City_4 -> City_22 -> City_6 -> City_17 -> City_35 -> City_1 -> City_28 -> City_5 -> City_38 -> City_27 -> City_18 -> City_26 -> City_2 -> City_20 -> City_31 -> City_19 -> City_40 -> City_15 -> City_39 -> City_36 -> City_7 -> City_32 -> City_11 -> City_16 -> City_25 -> City_10
1760,602.5528635685329,596.4636178585783,City_12 -> City_24 -> City_33 -> City_9 -> City_8 -> City_3 -> City_29 -> City_30 -> City_21 -> City_14 -> City_23 -> City_13 -> City_34 -> City_4 -> City_37 -> City_22 -> City_6 -> City_35 -> City_17 -> City_1 -> City_28 -> City_5 -> City_38 -> City_27 -> City_18 -> City_26 -> City_2 -> City_20 -> City_10 -> City_19 -> City_40 -> City_15 -> City_39 -> City_36 -> City_7 -> City_32 -> City_16 -> City_11 -> City_25 -> City_31
1765,604.3296841822116,596.4636178585783,City_33 -> City_9 -> City_24 -> City_12 -> City_8 -> City_3 -> City_29 -> City_30 -> City_21 -> City_14 -> City_23 -> City_13 -> City_34 -> City_4 -> City_37 -> City_22 -> City_17 -> City_35 -> City_6 -> City_1 -> City_28 -> City_5 -> City_38 -> City_27 -> City_18 -> City_26 -> City_2 -> City_20 -> City_10 -> City_40 -> City_19 -> City_15 -> City_39 -> City_36 -> City_7 -> City_32 -> City_16 -> City_11 -> City_25 -> City_31
1770,602.2338285594433,596.4636178585783,City_33 -> City_9 -> City_24 -> City_12 -> City_8 -> City_3 -> City_29 -> City_30 -> City_21 -> City_14 -> City_23 -> City_13 -> City_34 -> City_37 -> City_4 -> City_22 -> City_35 -> City_6 -> City_17 -> City_1 -> City_28 -> City_5 -> City_38 -> City_27 -> City_18 -> City_26 -> City_2 -> City_20 -> City_31 -> City_40 -> City_19 -> City_15 -> City_39 -> City_36 -> City_7 -> City_32 -> City_11 -> City_16 -> City_25 -> City_10
1775,599.832141596527,596.4636178585783,City_12 -> City_33 -> City_9 -> City_24 -> City_8 -> City_3 -> City_29 -> City_30 -> City_21 -> City_14 -> City_23 -> City_13 -> City_34 -> City_37 -> City_4 -> City_22 -> City_17 -> City_6 -> City_35 -> City_1 -> City_28 -> City_5 -> City_38 -> City_27 -> City_18 -> City_26 -> City_2 -> City_20 -> City_31 -> City_19 -> City_40 -> City_15 -> City_39 -> City_36 -> City_7 -> City_32 -> City_11 -> City_16 -> City_25 -> City_10
1780,603.4937596046315,596.4636178585783,City_12 -> City_33 -> City_24 -> City_9 -> City_8 -> City_3 -> City_29 -> City_30 -> City_21 -> City_14 -> City_23 -> City_13 -> City_34 -> City_4 -> City_37 -> City_22 -> City_6 -> City_35 -> City_17 -> City_1 -> City_28 -> City_5 -> City_38 -> City_27 -> City_18 -> City_26 -> City_2 -> City_20 -> City_31 -> City_19 -> City_40 -> City_15 -> City_39 -> City_36 -> City_7 -> City_32 -> City_16 -> City_11 -> City_25 -> City_10
1785,602.6699965896149,596.4636178585783,City_24 -> City_9 -> City_33 -> City_12 -> City_8 -> City_3 -> City_29 -> City_30 -> City_21 -> City_14 -> City_23 -> City_13 -> City_34 -> City_4 -> City_37 -> City_22 -> City_17 -> City_35 -> City_6 -> City_1 -> City_28 -> City_5 -> City_38 -> City_27 -> City_18 -> City_26 -> City_2 -> City_20 -> City_10 -> City_19 -> City_40 -> City_15 -> City_39 -> City_36 -> City_7 -> City_32 -> City_16 -> City_11 -> City_25 -> City_31
1790,602.802739093201,596.4636178585783,City_33 -> City_9 -> City_24 -> City_12 -> City_8 -> City_3 -> City_29 -> City_30 -> City_21 -> City_14 -> City_23 -> City_13 -> City_34 -> City_37 -> City_4 -> City_22 -> City_35 -> City_6 -> City_17 -> City_1 -> City_28 -> City_5 -> City_38 -> City_27 -> City_18 -> City_26 -> City_2 -> City_20 -> City_10 -> City_40 -> City_19 -> City_15 -> City_39 -> City_36 -> City_7 -> City_32 -> City_16 -> City_11 -> City_25 -> City_31
1795,600.2167252578311,596.4636178585783,City_12 -> City_24 -> City_9 -> City_33 -> City_8 -> City_3 -> City_29 -> City_30 -> City_21 -> City_14 -> City_23 -> City_13 -> City_34 -> City_37 -> City_4 -> City_22 -> City_17 -> City_6 -> City_35 -> City_1 -> City_28 -> City_5 -> City_38 -> City_27 -> City_18 -> City_26 -> City_2 -> City_20 -> City_31 -> City_40 -> City_19 -> City_15 -> City_39 -> City_36 -> City_7 -> City_32 -> City_11 -> City_16 -> City_25 -> City_10
1800,601.8299185553824,596.4636178585783,City_12 -> City_33 -> City_24 -> City_9 -> City_8 -> City_3 -> City_29 -> City_30 -> City_21 -> City_14 -> City_23 -> City_13 -> City_34 -> City_37 -> City_4 -> City_22 -> City_6 -> City_35 -> City_17 -> City_1 -> City_28 -> City_5 -> City_38 -> City_27 -> City_18 -> City_26 -> City_2 -> City_20 -> City_31 -> City_19 -> City_40 -> City_15 -> City_39 -> City_36 -> City_7 -> City_32 -> City_11 -> City_16 -> City_25 -> City_10
1805,605.8424622387266,596.4636178585783,City_12 -> City_24 -> City_33 -> City_9 -> City_8 -> City_3 -> City_29 -> City_30 -> City_21 -> City_14 -> City_23 -> City_13 -> City_34 -> City_4 -> City_37 -> City_22 -> City_17 -> City_35 -> City_6 -> City_1 -> City_28 -> City_5 -> City_38 -> City_27 -> City_18 -> City_26 -> City_2 -> City_20 -> City_10 -> City_19 -> City_40 -> City_15 -> City_39 -> City_36 -> City_7 -> City_32 -> City_16 -> City_11 -> City_25 -> City_31
1810,607.320128966941,596.4636178585783,City_33 -> City_9 -> City_24 -> City_12 -> City_8 -> City_3 -> City_29 -> City_30 -> City_21 -> City_14 -> City_23 -> City_13 -> City_34 -> City_4 -> City_37 -> City_22 -> City_35 -> City_17 -> City_6 -> City_1 -> City_28 -> City_5 -> City_38 -> City_27 -> City_18 -> City_26 -> City_2 -> City_20 -> City_10 -> City_40 -> City_19 -> City_15 -> City_39 -> City_36 -> City_7 -> City_32 -> City_16 -> City_11 -> City_25 -> City_31
1815,603.503518556169,596.4636178585783,City_33 -> City_24 -> City_9 -> City_12 -> City_8 -> City_3 -> City_29 -> City_30 -> City_21 -> City_14 -> City_23 -> City_13 -> City_34 -> City_37 -> City_4 -> City_22 -> City_35 -> City_6 -> City_17 -> City_1 -> City_28 -> City_5 -> City_38 -> City_27 -> City_18 -> City_26 -> City_2 -> City_20 -> City_31 -> City_40 -> City_19 -> City_15 -> City_39 -> City_36 -> City_7 -> City_32 -> City_11 -> City_16 -> City_25 -> City_10
1820,600.8898078916111,596.4636178585783,City_12 -> City_33 -> City_24 -> City_9 -> City_8 -> City_3 -> City_29 -> City_30 -> City_21 -> City_14 -> City_23 -> City_13 -> City_34 -> City_37 -> City_4 -> City_22 -> City_17 -> City_6 -> City_35 -> City_1 -> City_28 -> City_5 -> City_38 -> City_27 -> City_18 -> City_26 -> City_2 -> City_20 -> City_31 -> City_19 -> City_40 -> City_15 -> City_39 -> City_36 -> City_7 -> City_32 -> City_11 -> City_16 -> City_25 -> City_10
1825,602.6678454846561,596.4636178585783,City_12 -> City_33 -> City_24 -> City_9 -> City_8 -> City_3 -> City_29 -> City_30 -> City_21 -> City_14 -> City_23 -> City_13 -> City_34 -> City_4 -> City_37 -> City_22 -> City_6 -> City_35 -> City_17 -> City_1 -> City_28 -> City_5 -> City_38 -> City_27 -> City_18 -> City_26 -> City_2 -> City_20 -> City_10 -> City_19 -> City_40 -> City_15 -> City_39 -> City_36 -> City_7 -> City_32 -> City_16 -> City_11 -> City_25 -> City_31
1830,603.3440889090261,596.4636178585783,City_24 -> City_9 -> City_33 -> City_12 -> City_8 -> City_3 -> City_29 -> City_30 -> City_21 -> City_14 -> City_23 -> City_13 -> City_34 -> City_4 -> City_37 -> City_22 -> City_17 -> City_35 -> City_6 -> City_1 -> City_28 -> City_5 -> City_38 -> City_27 -> City_18 -> City_26 -> City_2 -> City_20 -> City_10 -> City_40 -> City_19 -> City_15 -> City_39 -> City_36 -> City_7 -> City_32 -> City_16 -> City_11 -> City_25 -> City_31
1835,602.8983984294176,596.4636178585783,City_33 -> City_9 -> City_24 -> City_12 -> City_8 -> City_3 -> City_29 -> City_30 -> City_21 -> City_14 -> City_23 -> City_13 -> City_34 -> City_37 -> City_4 -> City_22 -> City_35 -> City_6 -> City_17 -> City_1 -> City_28 -> City_5 -> City_38 -> City_27 -> City_18 -> City_26 -> City_2 -> City_20 -> City_10 -> City_40 -> City_19 -> City_15 -> City_39 -> City_36 -> City_7 -> City_32 -> City_11 -> City_16 -> City_25 -> City_31
1840,601.2050385095868,596.4636178585783,City_12 -> City_33 -> City_9 -> City_24 -> City_8 -> City_3 -> City_29 -> City_30 -> City_21 -> City_14 -> City_23 -> City_13 -> City_34 -> City_37 -> City_4 -> City_22 -> City_17 -> City_6 -> City_35 -> City_1 -> City_28 -> City_5 -> City_38 -> City_27 -> City_18 -> City_26 -> City_2 -> City_20 -> City_31 -> City_40 -> City_19 -> City_15 -> City_39 -> City_36 -> City_7 -> City_32 -> City_11 -> City_16 -> City_25 -> City_10
1845,603.589418940848,596.4636178585783,City_12 -> City_33 -> City_24 -> City_9 -> City_8 -> City_3 -> City_29 -> City_30 -> City_21 -> City_14 -> City_23 -> City_13 -> City_34 -> City_4 -> City_37 -> City_22 -> City_6 -> City_35 -> City_17 -> City_1 -> City_28 -> City_5 -> City_38 -> City_27 -> City_18 -> City_26 -> City_2 -> City_20 -> City_31 -> City_19 -> City_40 -> City_15 -> City_39 -> City_36 -> City_7 -> City_32 -> City_11 -> City_16 -> City_25 -> City_10
1850,604.2236194337988,596.4636178585783,City_9 -> City_24 -> City_33 -> City_12 -> City_8 -> City_3 -> City_29 -> City_30 -> City_21 -> City_14 -> City_23 -> City_13 -> City_34 -> City_4 -> City_37 -> City_22 -> City_17 -> City_35 -> City_6 -> City_1 -> City_28 -> City_5 -> City_38 -> City_27 -> City_18 -> City_26 -> City_2 -> City_20 -> City_10 -> City_19 -> City_40 -> City_15 -> City_39 -> City_36 -> City_7 -> City_32 -> City_16 -> City_11 -> City_25 -> City_31
1855,604.5622394786668,596.4636178585783,City_33 -> City_9 -> City_24 -> City_12 -> City_8 -> City_3 -> City_29 -> City_30 -> City_21 -> City_14 -> City_23 -> City_13 -> City_34 -> City_4 -> City_37 -> City_22 -> City_35 -> City_6 -> City_17 -> City_1 -> City_28 -> City_5 -> City_38 -> City_27 -> City_18 -> City_26 -> City_2 -> City_20 -> City_10 -> City_40 -> City_19 -> City_15 -> City_39 -> City_36 -> City_7 -> City_32 -> City_16 -> City_11 -> City_25 -> City_31
1860,599.0412539257488,596.4636178585783,City_33 -> City_24 -> City_9 -> City_12 -> City_8 -> City_3 -> City_29 -> City_30 -> City_21 -> City_14 -> City_23 -> City_13 -> City_34 -> City_37 -> City_4 -> City_22 -> City_17 -> City_6 -> City_35 -> City_1 -> City_28 -> City_5 -> City_38 -> City_27 -> City_18 -> City_26 -> City_2 -> City_20 -> City_31 -> City_40 -> City_19 -> City_15 -> City_39 -> City_36 -> City_7 -> City_32 -> City_11 -> City_16 -> City_25 -> City_10
1865,600.3580987096916,596.4636178585783,City_12 -> City_33 -> City_24 -> City_9 -> City_8 -> City_3 -> City_29 -> City_30 -> City_21 -> City_14 -> City_23 -> City_13 -> City_34 -> City_37 -> City_4 -> City_22 -> City_6 -> City_17 -> City_35 -> City_1 -> City_28 -> City_5 -> City_38 -> City_27 -> City_18 -> City_26 -> City_2 -> City_20 -> City_31 -> City_19 -> City_40 -> City_15 -> City_39 -> City_36 -> City_7 -> City_32 -> City_11 -> City_16 -> City_25 -> City_10
1870,602.5528635685329,596.4636178585783,City_12 -> City_24 -> City_33 -> City_9 -> City_8 -> City_3 -> City_29 -> City_30 -> City_21 -> City_14 -> City_23 -> City_13 -> City_34 -> City_4 -> City_37 -> City_22 -> City_6 -> City_35 -> City_17 -> City_1 -> City_28 -> City_5 -> City_38 -> City_27 -> City_18 -> City_26 -> City_2 -> City_20 -> City_10 -> City_19 -> City_40 -> City_15 -> City_39 -> City_36 -> City_7 -> City_32 -> City_16 -> City_11 -> City_25 -> City_31
1875,604.3296841822116,596.4636178585783,City_33 -> City_9 -> City_24 -> City_12 -> City_8 -> City_3 -> City_29 -> City_30 -> City_21 -> City_14 -> City_23 -> City_13 -> City_34 -> City_4 -> City_37 -> City_22 -> City_17 -> City_35 -> City_6 -> City_1 -> City_28 -> City_5 -> City_38 -> City_27 -> City_18 -> City_26 -> City_2 -> City_20 -> City_10 -> City_40 -> City_19 -> City_15 -> City_39 -> City_36 -> City_7 -> City_32 -> City_16 -> City_11 -> City_25 -> City_31
1880,602.2338285594433,596.4636178585783,City_33 -> City_9 -> City_24 -> City_12 -> City_8 -> City_3 -> City_29 -> City_30 -> City_21 -> City_14 -> City_23 -> City_13 -> City_34 -> City_37 -> City_4 -> City_22 -> City_35 -> City_6 -> City_17 -> City_1 -> City_28 -> City_5 -> City_38 -> City_27 -> City_18 -> City_26 -> City_2 -> City_20 -> City_31 -> City_40 -> City_19 -> City_15 -> City_39 -> City_36 -> City_7 -> City_32 -> City_11 -> City_16 -> City_25 -> City_10
1885,599.832141596527,596.4636178585783,City_12 -> City_33 -> City_9 -> City_24 -> City_8 -> City_3 -> City_29 -> City_30 -> City_21 -> City_14 -> City_23 -> City_13 -> City_34 -> City_37 -> City_4 -> City_22 -> City_17 -> City_6 -> City_35 -> City_1 -> City_28 -> City_5 -> City_38 -> City_27 -> City_18 -> City_26 -> City_2 -> City_20 -> City_31 -> City_19 -> City_40 -> City_15 -> City_39 -> City_36 -> City_7 -> City_32 -> City_11 -> City_16 -> City_25 -> City_10
1890,603.4937596046315,596.4636178585783,City_12 -> City_33 -> City_24 -> City_9 -> City_8 -> City_3 -> City_29 -> City_30 -> City_21 -> City_14 -> City_23 -> City_13 -> City_34 -> City_4 -> City_37 -> City_22 -> City_6 -> City_35 -> City_17 -> City_1 -> City_28 -> City_5 -> City_38 -> City_27 -> City_18 -> City_26 -> City_2 -> City_20 -> City_31 -> City_19 -> City_40 -> City_15 -> City_39 -> City_36 -> City_7 -> City_32 -> City_16 -> City_11 -> City_25 -> City_10
1895,602.6699965896149,596.4636178585783,City_24 -> City_9 -> City_33 -> City_12 -> City_8 -> City_3 -> City_29 -> City_30 -> City_21 -> City_14 -> City_23 -> City_13 -> City_34 -> City_4 -> City_37 -> City_22 -> City_17 -> City_35 -> City_6 -> City_1 -> City_28 -> City_5 -> City_38 -> City_27 -> City_18 -> City_26 -> City_2 -> City_20 -> City_10 -> City_19 -> City_40 -> City_15 -> City_39 -> City_36 -> City_7 -> City_32 -> City_16 -> City_11 -> City_25 -> City_31
1900,602.802739093201,596.4636178585783,City_33 -> City_9 -> City_24 -> City_12 -> City_8 -> City_3 -> City_29 -> City_30 -> City_21 -> City_14 -> City_23 -> City_13 -> City_34 -> City_37 -> City_4 -> City_22 -> City_35 -> City_6 -> City_17 -> City_1 -> City_28 -> City_5 -> City_38 -> City_27 -> City_18 -> City_26 -> City_2 -> City_20 -> City_10 -> City_40 -> City_19 -> City_15 -> City_39 -> City_36 -> City_7 -> City_32 -> City_16 -> City_11 -> City_25 -> City_31
1905,600.2167252578311,596.4636178585783,City_12 -> City_24 -> City_9 -> City_33 -> City_8 -> City_3 -> City_29 -> City_30 -> City_21 -> City_14 -> City_23 -> City_13 -> City_34 -> City_37 -> City_4 -> City_22 -> City_17 -> City_6 -> City_35 -> City_1 -> City_28 -> City_5 -> City_38 -> City_27 -> City_18 -> City_26 -> City_2 -> City_20 -> City_31 -> City_40 -> City_19 -> City_15 -> City_39 -> City_36 -> City_7 -> City_32 -> City_11 -> City_16 -> City_25 -> City_10
1910,601.8299185553824,596.4636178585783,City_12 -> City_33 -> City_24 -> City_9 -> City_8 -> City_3 -> City_29 -> City_30 -> City_21 -> City_14 -> City_23 -> City_13 -> City_34 -> City_37 -> City_4 -> City_22 -> City_6 -> City_35 -> City_17 -> City_1 -> City_28 -> City_5 -> City_38 -> City_27 -> City_18 -> City_26 -> City_2 -> City_20 -> City_31 -> City_19 -> City_40 -> City_15 -> City_39 -> City_36 -> City_7 -> City_32 -> City_11 -> City_16 -> City_25 -> City_10
1915,605.8424622387266,596.4636178585783,City_12 -> City_24 -> City_33 -> City_9 -> City_8 -> City_3 -> City_29 -> City_30 -> City_21 -> City_14 -> City_23 -> City_13 -> City_34 -> City_4 -> City_37 -> City_22 -> City_17 -> City_35 -> City_6 -> City_1 -> City_28 -> City_5 -> City_38 -> City_27 -> City_18 -> City_26 -> City_2 -> City_20 -> City_10 -> City_19 -> City_40 -> City_15 -> City_39 -> City_36 -> City_7 -> City_32 -> City_16 -> City_11 -> City_25 -> City_31
1920,607.320128966941,596.4636178585783,City_33 -> City_9 -> City_24 -> City_12 -> City_8 -> City_3 -> City_29 -> City_30 -> City_21 -> City_14 -> City_23 -> City_13 -> City_34 -> City_4 -> City_37 -> City_22 -> City_35 -> City_17 -> City_6 -> City_1 -> City_28 -> City_5 -> City_38 -> City_27 -> City_18 -> City_26 -> City_2 -> City_20 -> City_10 -> City_40 -> City_19 -> City_15 -> City_39 -> City_36 -> City_7 -> City_32 -> City_16 -> City_11 -> City_25 -> City_31
1925,603.503518556169,596.4636178585783,City_33 -> City_24 -> City_9 -> City_12 -> City_8 -> City_3 -> City_29 -> City_30 -> City_21 -> City_14 -> City_23 -> City_13 -> City_34 -> City_37 -> City_4 -> City_22 -> City_35 -> City_6 -> City_17 -> City_1 -> City_28 -> City_5 -> City_38 -> City_27 -> City_18 -> City_26 -> City_2 -> City_20 -> City_31 -> City_40 -> City_19 -> City_15 -> City_39 -> City_36 -> City_7 -> City_32 -> City_11 -> City_16 -> City_25 -> City_10
1930,600.8898078916111,596.4636178585783,City_12 -> City_33 -> City_24 -> City_9 -> City_8 -> City_3 -> City_29 -> City_30 -> City_21 -> City_14 -> City_23 -> City_13 -> City_34 -> City_37 -> City_4 -> City_22 -> City_17 -> City_6 -> City_35 -> City_1 -> City_28 -> City_5 -> City_38 -> City_27 -> City_18 -> City_26 -> City_2 -> City_20 -> City_31 -> City_19 -> City_40 -> City_15 -> City_39 -> City_36 -> City_7 -> City_32 -> City_11 -> City_16 -> City_25 -> City_10
1935,602.6678454846561,596.4636178585783,City_12 -> City_33 -> City_24 -> City_9 -> City_8 -> City_3 -> City_29 -> City_30 -> City_21 -> City_14 -> City_23 -> City_13 -> City_34 -> City_4 -> City_37 -> City_22 -> City_6 -> City_35 -> City_17 -> City_1 -> City_28 -> City_5 -> City_38 -> City_27 -> City_18 -> City_26 -> City_2 -> City_20 -> City_10 -> City_19 -> City_40 -> City_15 -> City_39 -> City_36 -> City_7 -> City_32 -> City_16 -> City_11 -> City_25 -> City_31
1940,603.3440889090261,596.4636178585783,City_24 -> City_9 -> City_33 -> City_12 -> City_8 -> City_3 -> City_29 -> City_30 -> City_21 -> City_14 -> City_23 -> City_13 -> City_34 -> City_4 -> City_37 -> City_22 -> City_17 -> City_35 -> City_6 -> City_1 -> City_28 -> City_5 -> City_38 -> City_27 -> City_18 -> City_26 -> City_2 -> City_20 -> City_10 -> City_40 -> City_19 -> City_15 -> City_39 -> City_36 -> City_7 -> City_32 -> City_16 -> City_11 -> City_25 -> City_31
1945,602.8983984294176,596.4636178585783,City_33 -> City_9 -> City_24 -> City_12 -> City_8 -> City_3 -> City_29 -> City_30 -> City_21 -> City_14 -> City_23 -> City_13 -> City_34 -> City_37 -> City_4 -> City_22 -> City_35 -> City_6 -> City_17 -> City_1 -> City_28 -> City_5 -> City_38 -> City_27 -> City_18 -> City_26 -> City_2 -> City_20 -> City_10 -> City_40 -> City_19 -> City_15 -> City_39 -> City_36 -> City_7 -> City_32 -> City_11 -> City_16 -> City_25 -> City_31
1950,601.2050385095868,596.4636178585783,City_12 -> City_33 -> City_9 -> City_24 -> City_8 -> City_3 -> City_29 -> City_30 -> City_21 -> City_14 -> City_23 -> City_13 -> City_34 -> City_37 -> City_4 -> City_22 -> City_17 -> City_6 -> City_35 -> City_1 -> City_28 -> City_5 -> City_38 -> City_27 -> City_18 -> City_26 -> City_2 -> City_20 -> City_31 -> City_40 -> City_19 -> City_15 -> City_39 -> City_36 -> City_7 -> City_32 -> City_11 -> City_16 -> City_25 -> City_10
1955,603.589418940848,596.4636178585783,City_12 -> City_33 -> City_24 -> City_9 -> City_8 -> City_3 -> City_29 -> City_30 -> City_21 -> City_14 -> City_23 -> City_13 -> City_34 -> City_4 -> City_37 -> City_22 -> City_6 -> City_35 -> City_17 -> City_1 -> City_28 -> City_5 -> City_38 -> City_27 -> City_18 -> City_26 -> City_2 -> City_20 -> City_31 -> City_19 -> City_40 -> City_15 -> City_39 -> City_36 -> City_7 -> City_32 -> City_11 -> City_16 -> City_25 -> City_10
1960,604.2236194337988,596.4636178585783,City_9 -> City_24 -> City_33 -> City_12 -> City_8 -> City_3 -> City_29 -> City_30 -> City_21 -> City_14 -> City_23 -> City_13 -> City_34 -> City_4 -> City_37 -> City_22 -> City_17 -> City_35 -> City_6 -> City_1 -> City_28 -> City_5 -> City_38 -> City_27 -> City_18 -> City_26 -> City_2 -> City_20 -> City_10 -> City_19 -> City_40 -> City_15 -> City_39 -> City_36 -> City_7 -> City_32 -> City_16 -> City_11 -> City_25 -> City_31
1965,604.5622394786668,596.4636178585783,City_33 -> City_9 -> City_24 -> City_12 -> City_8 -> City_3 -> City_29 -> City_30 -> City_21 -> City_14 -> City_23 -> City_13 -> City_34 -> City_4 -> City_37 -> City_22 -> City_35 -> City_6 -> City_17 -> City_1 -> City_28 -> City_5 -> City_38 -> City_27 -> City_18 -> City_26 -> City_2 -> City_20 -> City_10 -> City_40 -> City_19 -> City_15 -> City_39 -> City_36 -> City_7 -> City_32 -> City_16 -> City_11 -> City_25 -> City_31
1970,599.0412539257488,596.4636178585783,City_33 -> City_24 -> City_9 -> City_12 -> City_8 -> City_3 -> City_29 -> City_30 -> City_21 -> City_14 -> City_23 -> City_13 -> City_34 -> City_37 -> City_4 -> City_22 -> City_17 -> City_6 -> City_35 -> City_1 -> City_28 -> City_5 -> City_38 -> City_27 -> City_18 -> City_26 -> City_2 -> City_20 -> City_31 -> City_40 -> City_19 -> City_15 -> City_39 -> City_36 -> City_7 -> City_32 -> City_11 -> City_16 -> City_25 -> City_10
1975,600.3580987096916,596.4636178585783,City_12 -> City_33 -> City_24 -> City_9 -> City_8 -> City_3 -> City_29 -> City_30 -> City_21 -> City_14 -> City_23 -> City_13 -> City_34 -> City_37 -> City_4 -> City_22 -> City_6 -> City_17 -> City_35 -> City_1 -> City_28 -> City_5 -> City_38 -> City_27 -> City_18 -> City_26 -> City_2 -> City_20 -> City_31 -> City_19 -> City_40 -> City_15 -> City_39 -> City_36 -> City_7 -> City_32 -> City_11 -> City_16 -> City_25 -> City_10
1980,602.5528635685329,596.4636178585783,City_12 -> City_24 -> City_33 -> City_9 -> City_8 -> City_3 -> City_29 -> City_30 -> City_21 -> City_14 -> City_23 -> City_13 -> City_34 -> City_4 -> City_37 -> City_22 -> City_6 -> City_35 -> City_17 -> City_1 -> City_28 -> City_5 -> City_38 -> City_27 -> City_18 -> City_26 -> City_2 -> City_20 -> City_10 -> City_19 -> City_40 -> City_15 -> City_39 -> City_36 -> City_7 -> City_32 -> City_16 -> City_11 -> City_25 -> City_31
1985,604.3296841822116,596.4636178585783,City_33 -> City_9 -> City_24 -> City_12 -> City_8 -> City_3 -> City_29 -> City_30 -> City_21 -> City_14 -> City_23 -> City_13 -> City_34 -> City_4 -> City_37 -> City_22 -> City_17 -> City_35 -> City_6 -> City_1 -> City_28 -> City_5 -> City_38 -> City_27 -> City_18 -> City_26 -> City_2 -> City_20 -> City_10 -> City_40 -> City_19 -> City_15 -> City_39 -> City_36 -> City_7 -> City_32 -> City_16 -> City_11 -> City_25 -> City_31
1990,602.2338285594433,596.4636178585783,City_33 -> City_9 -> City_24 -> City_12 -> City_8 -> City_3 -> City_29 -> City_30 -> City_21 -> City_14 -> City_23 -> City_13 -> City_34 -> City_37 -> City_4 -> City_22 -> City_35 -> City_6 -> City_17 -> City_1 -> City_28 -> City_5 -> City_38 -> City_27 -> City_18 -> City_26 -> City_2 -> City_20 -> City_31 -> City_40 -> City_19 -> City_15 -> City_39 -> City_36 -> City_7 -> City_32 -> City_11 -> City_16 -> City_25 -> City_10
1995,599.832141596527,596.4636178585783,City_12 -> City_33 -> City_9 -> City_24 -> City_8 -> City_3 -> City_29 -> City_30 -> City_21 -> City_14 -> City_23 -> City_13 -> City_34 -> City_37 -> City_4 -> City_22 -> City_17 -> City_6 -> City_35 -> City_1 -> City_28 -> City_5 -> City_38 -> City_27 -> City_18 -> City_26 -> City_2 -> City_20 -> City_31 -> City_19 -> City_40 -> City_15 -> City_39 -> City_36 -> City_7 -> City_32 -> City_11 -> City_16 -> City_25 -> City_10
2000,603.4937596046315,596.4636178585783,City_12 -> City_33 -> City_24 -> City_9 -> City_8 -> City_3 -> City_29 -> City_30 -> City_21 -> City_14 -> City_23 -> City_13 -> City_34 -> City_4 -> City_37 -> City_22 -> City_6 -> City_35 -> City_17 -> City_1 -> City_28 -> City_5 -> City_38 -> City_27 -> City_18 -> City_26 -> City_2 -> City_20 -> City_31 -> City_19 -> City_40 -> City_15 -> City_39 -> City_36 -> City_7 -> City_32 -> City_16 -> City_11 -> City_25 -> City_10
