iteration,current_distance,best_distance,route
0,1138.0457449989992,1138.0457449989992,City_20 -> City_6 -> City_15 -> City_5 -> City_10 -> City_14 -> City_16 -> City_19 -> City_7 -> City_13 -> City_18 -> City_11 -> City_2 -> City_12 -> City_3 -> City_17 -> City_8 -> City_9 -> City_1 -> City_4
5,577.1089142950425,577.1089142950425,City_17 -> City_6 -> City_14 -> City_11 -> City_10 -> City_15 -> City_16 -> City_20 -> City_7 -> City_2 -> City_18 -> City_5 -> City_13 -> City_12 -> City_3 -> City_19 -> City_8 -> City_9 -> City_1 -> City_4
10,482.1398246009354,482.1398246009354,City_17 -> City_4 -> City_14 -> City_10 -> City_11 -> City_15 -> City_16 -> City_7 -> City_20 -> City_2 -> City_18 -> City_5 -> City_9 -> City_12 -> City_19 -> City_3 -> City_8 -> City_13 -> City_1 -> City_6
15,477.23426364475574,473.814607399382,City_6 -> City_4 -> City_14 -> City_10 -> City_16 -> City_15 -> City_11 -> City_7 -> City_20 -> City_2 -> City_18 -> City_5 -> City_9 -> City_12 -> City_8 -> City_3 -> City_19 -> City_13 -> City_1 -> City_17
20,476.9407617309023,470.3155671475253,City_6 -> City_4 -> City_9 -> City_12 -> City_16 -> City_15 -> City_11 -> City_7 -> City_20 -> City_2 -> City_18 -> City_5 -> City_10 -> City_19 -> City_3 -> City_8 -> City_14 -> City_13 -> City_1 -> City_17
25,492.66787167355886,470.3155671475253,City_4 -> City_6 -> City_9 -> City_12 -> City_11 -> City_16 -> City_15 -> City_7 -> City_20 -> City_2 -> City_18 -> City_5 -> City_10 -> City_19 -> City_3 -> City_8 -> City_14 -> City_13 -> City_1 -> City_17
30,504.9287444143902,470.3155671475253,City_4 -> City_6 -> City_9 -> City_10 -> City_11 -> City_15 -> City_16 -> City_7 -> City_20 -> City_18 -> City_2 -> City_5 -> City_19 -> City_8 -> City_3 -> City_12 -> City_14 -> City_13 -> City_1 -> City_17
35,475.57233251466914,470.3155671475253,City_6 -> City_4 -> City_14 -> City_10 -> City_16 -> City_11 -> City_15 -> City_7 -> City_20 -> City_18 -> City_2 -> City_5 -> City_19 -> City_3 -> City_8 -> City_12 -> City_9 -> City_13 -> City_1 -> City_17
40,479.631353230643,469.35656966596605,City_17 -> City_4 -> City_14 -> City_10 -> City_16 -> City_15 -> City_11 -> City_7 -> City_18 -> City_2 -> City_5 -> City_20 -> City_19 -> City_3 -> City_8 -> City_12 -> City_9 -> City_13 -> City_1 -> City_6
45,497.87689048846255,469.35656966596605,City_6 -> City_17 -> City_12 -> City_10 -> City_15 -> City_16 -> City_11 -> City_7 -> City_18 -> City_2 -> City_5 -> City_20 -> City_19 -> City_8 -> City_3 -> City_14 -> City_9 -> City_13 -> City_1 -> City_4
50,496.31988075454456,469.35656966596605,City_4 -> City_17 -> City_12 -> City_10 -> City_11 -> City_15 -> City_16 -> City_7 -> City_20 -> City_2 -> City_18 -> City_5 -> City_19 -> City_8 -> City_3 -> City_14 -> City_9 -> City_13 -> City_1 -> City_6
55,486.44354906136056,469.35656966596605,City_4 -> City_6 -> City_14 -> City_12 -> City_11 -> City_15 -> City_16 -> City_7 -> City_20 -> City_2 -> City_18 -> City_5 -> City_10 -> City_19 -> City_3 -> City_8 -> City_9 -> City_13 -> City_1 -> City_17
60,471.1562991351506,466.8959109021516,City_17 -> City_4 -> City_14 -> City_12 -> City_16 -> City_11 -> City_15 -> City_7 -> City_20 -> City_2 -> City_18 -> City_5 -> City_10 -> City_19 -> City_8 -> City_3 -> City_9 -> City_13 -> City_1 -> City_6
65,481.1670244628721,466.8959109021516,City_17 -> City_4 -> City_14 -> City_9 -> City_16 -> City_15 -> City_11 -> City_7 -> City_18 -> City_5 -> City_2 -> City_20 -> City_10 -> City_19 -> City_8 -> City_3 -> City_12 -> City_13 -> City_1 -> City_6
70,474.5203048566071,466.8959109021516,City_17 -> City_4 -> City_14 -> City_9 -> City_10 -> City_16 -> City_11 -> City_20 -> City_2 -> City_5 -> City_18 -> City_7 -> City_15 -> City_19 -> City_3 -> City_8 -> City_12 -> City_13 -> City_1 -> City_6
75,482.933427153889,466.8959109021516,City_6 -> City_4 -> City_9 -> City_12 -> City_10 -> City_11 -> City_16 -> City_20 -> City_2 -> City_18 -> City_5 -> City_7 -> City_15 -> City_19 -> City_3 -> City_8 -> City_14 -> City_13 -> City_1 -> City_17
80,493.94717763460164,466.8959109021516,City_17 -> City_6 -> City_9 -> City_12 -> City_10 -> City_16 -> City_7 -> City_20 -> City_5 -> City_18 -> City_2 -> City_11 -> City_15 -> City_19 -> City_3 -> City_8 -> City_14 -> City_13 -> City_1 -> City_4
85,483.4385713286493,466.8959109021516,City_4 -> City_6 -> City_14 -> City_12 -> City_10 -> City_16 -> City_20 -> City_2 -> City_5 -> City_18 -> City_7 -> City_11 -> City_15 -> City_19 -> City_8 -> City_3 -> City_9 -> City_13 -> City_1 -> City_17
90,479.43431395811047,466.8959109021516,City_17 -> City_4 -> City_14 -> City_9 -> City_10 -> City_16 -> City_20 -> City_5 -> City_18 -> City_2 -> City_7 -> City_11 -> City_15 -> City_19 -> City_8 -> City_3 -> City_12 -> City_13 -> City_1 -> City_6
95,447.2313700447693,447.2313700447693,City_17 -> City_4 -> City_14 -> City_9 -> City_13 -> City_5 -> City_18 -> City_2 -> City_20 -> City_7 -> City_16 -> City_11 -> City_15 -> City_19 -> City_8 -> City_3 -> City_12 -> City_10 -> City_1 -> City_6
100,401.03316293869364,401.03316293869364,City_6 -> City_4 -> City_17 -> City_1 -> City_13 -> City_5 -> City_18 -> City_2 -> City_20 -> City_7 -> City_16 -> City_11 -> City_15 -> City_19 -> City_3 -> City_8 -> City_10 -> City_12 -> City_9 -> City_14
105,405.1759007811328,386.6266770171125,City_4 -> City_17 -> City_6 -> City_1 -> City_13 -> City_5 -> City_18 -> City_2 -> City_20 -> City_7 -> City_15 -> City_16 -> City_11 -> City_19 -> City_3 -> City_8 -> City_10 -> City_12 -> City_14 -> City_9
110,396.6127383974526,386.6266770171125,City_4 -> City_17 -> City_6 -> City_1 -> City_13 -> City_5 -> City_18 -> City_2 -> City_20 -> City_7 -> City_15 -> City_11 -> City_16 -> City_10 -> City_19 -> City_8 -> City_3 -> City_12 -> City_14 -> City_9
115,408.0007451108616,386.6266770171125,City_17 -> City_4 -> City_6 -> City_1 -> City_13 -> City_5 -> City_18 -> City_2 -> City_20 -> City_7 -> City_11 -> City_15 -> City_16 -> City_10 -> City_19 -> City_8 -> City_3 -> City_12 -> City_9 -> City_14
120,411.1157186115767,386.6266770171125,City_17 -> City_4 -> City_6 -> City_1 -> City_13 -> City_5 -> City_2 -> City_18 -> City_20 -> City_7 -> City_16 -> City_11 -> City_15 -> City_19 -> City_3 -> City_8 -> City_10 -> City_12 -> City_9 -> City_14
125,403.2908591334568,386.6266770171125,City_4 -> City_17 -> City_6 -> City_1 -> City_13 -> City_5 -> City_2 -> City_18 -> City_20 -> City_7 -> City_11 -> City_16 -> City_15 -> City_19 -> City_8 -> City_3 -> City_10 -> City_12 -> City_9 -> City_14
130,413.92280000935114,386.6266770171125,City_4 -> City_17 -> City_6 -> City_1 -> City_13 -> City_5 -> City_18 -> City_2 -> City_20 -> City_7 -> City_15 -> City_11 -> City_16 -> City_19 -> City_8 -> City_3 -> City_12 -> City_10 -> City_14 -> City_9
135,394.8446698312728,386.6266770171125,City_4 -> City_6 -> City_17 -> City_1 -> City_13 -> City_5 -> City_18 -> City_2 -> City_20 -> City_7 -> City_15 -> City_11 -> City_16 -> City_10 -> City_19 -> City_8 -> City_3 -> City_12 -> City_14 -> City_9
140,409.8355381530984,386.6266770171125,City_6 -> City_17 -> City_4 -> City_1 -> City_13 -> City_5 -> City_18 -> City_2 -> City_20 -> City_7 -> City_15 -> City_16 -> City_11 -> City_10 -> City_19 -> City_8 -> City_3 -> City_12 -> City_14 -> City_9
145,426.4862967777602,386.6266770171125,City_6 -> City_17 -> City_4 -> City_1 -> City_13 -> City_5 -> City_2 -> City_18 -> City_7 -> City_20 -> City_10 -> City_16 -> City_11 -> City_15 -> City_19 -> City_3 -> City_8 -> City_12 -> City_9 -> City_14
150,430.8830318457859,386.6266770171125,City_4 -> City_17 -> City_6 -> City_1 -> City_13 -> City_5 -> City_2 -> City_18 -> City_7 -> City_20 -> City_10 -> City_15 -> City_16 -> City_11 -> City_19 -> City_3 -> City_8 -> City_12 -> City_9 -> City_14
155,398.9153849366541,386.6266770171125,City_4 -> City_17 -> City_6 -> City_1 -> City_13 -> City_5 -> City_18 -> City_2 -> City_20 -> City_7 -> City_11 -> City_16 -> City_15 -> City_10 -> City_19 -> City_3 -> City_8 -> City_12 -> City_14 -> City_9
160,403.2527654372505,386.6266770171125,City_17 -> City_6 -> City_4 -> City_1 -> City_13 -> City_5 -> City_18 -> City_2 -> City_20 -> City_7 -> City_15 -> City_11 -> City_16 -> City_10 -> City_19 -> City_8 -> City_3 -> City_12 -> City_14 -> City_9
165,422.9000853106819,386.6266770171125,City_6 -> City_17 -> City_4 -> City_1 -> City_13 -> City_5 -> City_2 -> City_18 -> City_20 -> City_7 -> City_15 -> City_16 -> City_11 -> City_10 -> City_3 -> City_8 -> City_19 -> City_12 -> City_9 -> City_14
170,424.2261809103715,386.6266770171125,City_6 -> City_4 -> City_17 -> City_1 -> City_13 -> City_5 -> City_2 -> City_18 -> City_20 -> City_7 -> City_11 -> City_15 -> City_16 -> City_19 -> City_8 -> City_3 -> City_10 -> City_12 -> City_9 -> City_14
175,399.30733296981566,386.6266770171125,City_4 -> City_17 -> City_6 -> City_1 -> City_13 -> City_5 -> City_18 -> City_2 -> City_20 -> City_7 -> City_11 -> City_16 -> City_15 -> City_19 -> City_8 -> City_3 -> City_12 -> City_10 -> City_9 -> City_14
180,415.0831388135867,386.6266770171125,City_4 -> City_17 -> City_6 -> City_1 -> City_13 -> City_5 -> City_18 -> City_2 -> City_20 -> City_7 -> City_16 -> City_11 -> City_15 -> City_19 -> City_3 -> City_8 -> City_9 -> City_10 -> City_12 -> City_14
185,424.26040181039593,386.6266770171125,City_4 -> City_6 -> City_17 -> City_1 -> City_13 -> City_5 -> City_18 -> City_2 -> City_20 -> City_7 -> City_15 -> City_16 -> City_11 -> City_19 -> City_3 -> City_8 -> City_12 -> City_9 -> City_10 -> City_14
190,425.18245101704906,386.6266770171125,City_4 -> City_6 -> City_17 -> City_1 -> City_13 -> City_5 -> City_18 -> City_2 -> City_20 -> City_7 -> City_16 -> City_15 -> City_11 -> City_19 -> City_3 -> City_8 -> City_10 -> City_14 -> City_12 -> City_9
195,393.7978238256898,386.6266770171125,City_4 -> City_6 -> City_17 -> City_1 -> City_13 -> City_5 -> City_18 -> City_2 -> City_20 -> City_7 -> City_16 -> City_11 -> City_15 -> City_10 -> City_19 -> City_3 -> City_8 -> City_12 -> City_14 -> City_9
200,399.2355494127775,386.6266770171125,City_6 -> City_17 -> City_4 -> City_1 -> City_13 -> City_5 -> City_18 -> City_2 -> City_20 -> City_7 -> City_15 -> City_11 -> City_16 -> City_10 -> City_19 -> City_8 -> City_3 -> City_12 -> City_9 -> City_14
205,425.65142391516383,386.6266770171125,City_17 -> City_6 -> City_4 -> City_1 -> City_13 -> City_5 -> City_2 -> City_18 -> City_20 -> City_7 -> City_11 -> City_15 -> City_16 -> City_3 -> City_8 -> City_19 -> City_10 -> City_12 -> City_9 -> City_14
210,429.75005416558633,386.6266770171125,City_17 -> City_4 -> City_6 -> City_1 -> City_13 -> City_5 -> City_2 -> City_18 -> City_20 -> City_7 -> City_15 -> City_16 -> City_11 -> City_19 -> City_8 -> City_3 -> City_12 -> City_10 -> City_9 -> City_14
215,402.6261104094783,386.6266770171125,City_4 -> City_6 -> City_17 -> City_1 -> City_13 -> City_5 -> City_18 -> City_2 -> City_20 -> City_7 -> City_16 -> City_15 -> City_11 -> City_19 -> City_3 -> City_8 -> City_12 -> City_10 -> City_9 -> City_14
220,404.3028277407933,386.6266770171125,City_4 -> City_6 -> City_17 -> City_1 -> City_13 -> City_5 -> City_18 -> City_2 -> City_20 -> City_7 -> City_16 -> City_11 -> City_15 -> City_19 -> City_3 -> City_8 -> City_10 -> City_9 -> City_12 -> City_14
225,403.72352545514093,386.6266770171125,City_4 -> City_17 -> City_6 -> City_1 -> City_13 -> City_5 -> City_18 -> City_2 -> City_20 -> City_7 -> City_11 -> City_15 -> City_16 -> City_10 -> City_3 -> City_8 -> City_19 -> City_12 -> City_9 -> City_14
230,406.9174021669594,386.6266770171125,City_6 -> City_17 -> City_4 -> City_1 -> City_13 -> City_5 -> City_18 -> City_2 -> City_20 -> City_7 -> City_11 -> City_16 -> City_15 -> City_10 -> City_19 -> City_3 -> City_8 -> City_12 -> City_14 -> City_9
235,420.95511429631296,386.6266770171125,City_17 -> City_4 -> City_6 -> City_1 -> City_13 -> City_5 -> City_2 -> City_18 -> City_20 -> City_7 -> City_16 -> City_15 -> City_11 -> City_10 -> City_19 -> City_3 -> City_8 -> City_12 -> City_14 -> City_9
240,431.08252474448295,386.6266770171125,City_1 -> City_17 -> City_6 -> City_4 -> City_13 -> City_5 -> City_2 -> City_18 -> City_20 -> City_7 -> City_16 -> City_11 -> City_15 -> City_10 -> City_19 -> City_8 -> City_3 -> City_12 -> City_9 -> City_14
245,422.14549998144383,386.6266770171125,City_1 -> City_6 -> City_17 -> City_4 -> City_13 -> City_5 -> City_18 -> City_2 -> City_20 -> City_7 -> City_16 -> City_11 -> City_15 -> City_19 -> City_8 -> City_3 -> City_10 -> City_12 -> City_9 -> City_14
250,402.4165125797755,386.6266770171125,City_4 -> City_6 -> City_17 -> City_1 -> City_13 -> City_5 -> City_18 -> City_2 -> City_20 -> City_7 -> City_15 -> City_11 -> City_16 -> City_19 -> City_8 -> City_3 -> City_12 -> City_10 -> City_9 -> City_14
255,435.2732171688423,386.6266770171125,City_6 -> City_4 -> City_17 -> City_1 -> City_13 -> City_5 -> City_2 -> City_18 -> City_20 -> City_7 -> City_15 -> City_11 -> City_16 -> City_19 -> City_8 -> City_3 -> City_12 -> City_10 -> City_14 -> City_9
260,438.03707198392874,386.6266770171125,City_1 -> City_6 -> City_17 -> City_4 -> City_13 -> City_5 -> City_2 -> City_18 -> City_20 -> City_7 -> City_11 -> City_15 -> City_16 -> City_19 -> City_3 -> City_8 -> City_10 -> City_12 -> City_14 -> City_9
265,425.07682779688264,386.6266770171125,City_1 -> City_6 -> City_17 -> City_4 -> City_13 -> City_5 -> City_18 -> City_2 -> City_20 -> City_7 -> City_15 -> City_16 -> City_11 -> City_10 -> City_19 -> City_8 -> City_3 -> City_12 -> City_14 -> City_9
270,393.4887042755795,386.6266770171125,City_4 -> City_17 -> City_6 -> City_1 -> City_13 -> City_5 -> City_18 -> City_2 -> City_20 -> City_7 -> City_16 -> City_15 -> City_11 -> City_10 -> City_19 -> City_3 -> City_8 -> City_12 -> City_9 -> City_14
275,405.4044608119854,386.6266770171125,City_17 -> City_6 -> City_4 -> City_1 -> City_13 -> City_5 -> City_18 -> City_2 -> City_20 -> City_7 -> City_15 -> City_11 -> City_16 -> City_10 -> City_8 -> City_3 -> City_19 -> City_12 -> City_9 -> City_14
280,418.5774364827013,386.6266770171125,City_17 -> City_4 -> City_6 -> City_1 -> City_13 -> City_5 -> City_18 -> City_2 -> City_20 -> City_7 -> City_11 -> City_15 -> City_16 -> City_19 -> City_3 -> City_8 -> City_12 -> City_10 -> City_9 -> City_14
285,412.294165572285,386.6266770171125,City_4 -> City_6 -> City_17 -> City_1 -> City_13 -> City_5 -> City_18 -> City_2 -> City_20 -> City_7 -> City_15 -> City_16 -> City_11 -> City_19 -> City_3 -> City_8 -> City_12 -> City_10 -> City_14 -> City_9
290,431.31349639732633,386.6266770171125,City_4 -> City_6 -> City_17 -> City_1 -> City_13 -> City_18 -> City_2 -> City_5 -> City_20 -> City_7 -> City_16 -> City_15 -> City_11 -> City_19 -> City_8 -> City_3 -> City_10 -> City_12 -> City_14 -> City_9
295,411.76127703455336,386.6266770171125,City_4 -> City_6 -> City_17 -> City_1 -> City_13 -> City_18 -> City_2 -> City_5 -> City_20 -> City_7 -> City_15 -> City_11 -> City_16 -> City_10 -> City_19 -> City_3 -> City_8 -> City_12 -> City_9 -> City_14
300,399.2355494127775,386.6266770171125,City_6 -> City_17 -> City_4 -> City_1 -> City_13 -> City_5 -> City_18 -> City_2 -> City_20 -> City_7 -> City_15 -> City_11 -> City_16 -> City_10 -> City_19 -> City_8 -> City_3 -> City_12 -> City_9 -> City_14
305,399.3487426609957,386.6266770171125,City_17 -> City_6 -> City_4 -> City_1 -> City_13 -> City_5 -> City_18 -> City_2 -> City_20 -> City_7 -> City_11 -> City_16 -> City_15 -> City_19 -> City_3 -> City_8 -> City_10 -> City_12 -> City_9 -> City_14
310,427.4396041470734,386.6266770171125,City_17 -> City_4 -> City_6 -> City_1 -> City_13 -> City_5 -> City_18 -> City_2 -> City_20 -> City_7 -> City_15 -> City_16 -> City_11 -> City_3 -> City_8 -> City_19 -> City_10 -> City_12 -> City_14 -> City_9
315,425.97168803758416,386.6266770171125,City_6 -> City_17 -> City_4 -> City_1 -> City_13 -> City_5 -> City_18 -> City_2 -> City_20 -> City_7 -> City_16 -> City_15 -> City_11 -> City_10 -> City_3 -> City_19 -> City_8 -> City_12 -> City_14 -> City_9
320,399.2355494127775,386.6266770171125,City_6 -> City_17 -> City_4 -> City_1 -> City_13 -> City_5 -> City_18 -> City_2 -> City_20 -> City_7 -> City_15 -> City_11 -> City_16 -> City_10 -> City_19 -> City_8 -> City_3 -> City_12 -> City_9 -> City_14
325,410.9696927648546,386.6266770171125,City_17 -> City_6 -> City_4 -> City_1 -> City_13 -> City_5 -> City_2 -> City_18 -> City_20 -> City_7 -> City_11 -> City_15 -> City_16 -> City_10 -> City_19 -> City_8 -> City_3 -> City_12 -> City_9 -> City_14
330,414.5981200511313,386.6266770171125,City_17 -> City_6 -> City_4 -> City_1 -> City_13 -> City_5 -> City_2 -> City_18 -> City_20 -> City_7 -> City_11 -> City_16 -> City_15 -> City_10 -> City_19 -> City_3 -> City_8 -> City_12 -> City_14 -> City_9
335,399.19861876114936,386.6266770171125,City_4 -> City_17 -> City_6 -> City_1 -> City_13 -> City_5 -> City_18 -> City_2 -> City_20 -> City_7 -> City_16 -> City_15 -> City_11 -> City_10 -> City_19 -> City_3 -> City_8 -> City_12 -> City_14 -> City_9
340,421.2132398135684,386.6266770171125,City_6 -> City_17 -> City_4 -> City_1 -> City_13 -> City_5 -> City_18 -> City_2 -> City_20 -> City_10 -> City_16 -> City_7 -> City_11 -> City_15 -> City_19 -> City_8 -> City_3 -> City_12 -> City_9 -> City_14
345,398.5073284448016,386.6266770171125,City_17 -> City_6 -> City_4 -> City_1 -> City_13 -> City_5 -> City_18 -> City_2 -> City_20 -> City_7 -> City_15 -> City_11 -> City_16 -> City_10 -> City_19 -> City_8 -> City_3 -> City_12 -> City_9 -> City_14
350,400.6601223697028,386.6266770171125,City_4 -> City_17 -> City_6 -> City_1 -> City_13 -> City_5 -> City_2 -> City_18 -> City_20 -> City_7 -> City_11 -> City_15 -> City_16 -> City_10 -> City_19 -> City_3 -> City_8 -> City_12 -> City_9 -> City_14
355,406.4968606883259,386.6266770171125,City_4 -> City_17 -> City_6 -> City_1 -> City_13 -> City_5 -> City_2 -> City_18 -> City_20 -> City_7 -> City_11 -> City_16 -> City_15 -> City_19 -> City_3 -> City_8 -> City_10 -> City_12 -> City_14 -> City_9
360,411.8860915215199,386.6266770171125,City_17 -> City_6 -> City_4 -> City_1 -> City_13 -> City_5 -> City_18 -> City_2 -> City_20 -> City_7 -> City_16 -> City_15 -> City_11 -> City_19 -> City_3 -> City_8 -> City_10 -> City_12 -> City_14 -> City_9
365,426.31356139798163,386.6266770171125,City_1 -> City_4 -> City_6 -> City_17 -> City_13 -> City_5 -> City_18 -> City_2 -> City_20 -> City_7 -> City_16 -> City_11 -> City_15 -> City_19 -> City_3 -> City_8 -> City_12 -> City_10 -> City_9 -> City_14
370,446.5796375458609,386.6266770171125,City_1 -> City_17 -> City_4 -> City_6 -> City_13 -> City_5 -> City_18 -> City_2 -> City_20 -> City_7 -> City_15 -> City_16 -> City_11 -> City_19 -> City_8 -> City_3 -> City_12 -> City_10 -> City_9 -> City_14
375,431.8228709337733,386.6266770171125,City_13 -> City_4 -> City_17 -> City_6 -> City_1 -> City_5 -> City_18 -> City_2 -> City_20 -> City_7 -> City_15 -> City_11 -> City_16 -> City_19 -> City_8 -> City_3 -> City_10 -> City_12 -> City_14 -> City_9
380,424.68840396930665,386.6266770171125,City_13 -> City_1 -> City_17 -> City_6 -> City_4 -> City_5 -> City_18 -> City_2 -> City_20 -> City_7 -> City_16 -> City_11 -> City_15 -> City_10 -> City_19 -> City_8 -> City_3 -> City_12 -> City_14 -> City_9
385,430.4647974324846,386.6266770171125,City_13 -> City_1 -> City_4 -> City_6 -> City_17 -> City_5 -> City_18 -> City_2 -> City_20 -> City_7 -> City_11 -> City_15 -> City_16 -> City_10 -> City_19 -> City_8 -> City_3 -> City_12 -> City_14 -> City_9
390,453.33309288302127,386.6266770171125,City_13 -> City_1 -> City_4 -> City_6 -> City_17 -> City_5 -> City_2 -> City_18 -> City_20 -> City_7 -> City_11 -> City_15 -> City_16 -> City_19 -> City_8 -> City_3 -> City_10 -> City_12 -> City_9 -> City_14
395,411.08277100153214,386.6266770171125,City_4 -> City_17 -> City_6 -> City_1 -> City_13 -> City_5 -> City_2 -> City_18 -> City_20 -> City_7 -> City_16 -> City_15 -> City_11 -> City_19 -> City_8 -> City_3 -> City_10 -> City_12 -> City_9 -> City_14
400,397.5392644036359,386.6266770171125,City_4 -> City_6 -> City_17 -> City_1 -> City_13 -> City_5 -> City_18 -> City_2 -> City_20 -> City_7 -> City_11 -> City_16 -> City_15 -> City_19 -> City_8 -> City_3 -> City_12 -> City_10 -> City_9 -> City_14
405,426.776021598949,386.6266770171125,City_17 -> City_4 -> City_6 -> City_1 -> City_13 -> City_5 -> City_18 -> City_2 -> City_20 -> City_7 -> City_15 -> City_16 -> City_11 -> City_19 -> City_3 -> City_8 -> City_12 -> City_10 -> City_14 -> City_9
410,437.8806972665815,386.6266770171125,City_1 -> City_6 -> City_17 -> City_4 -> City_13 -> City_5 -> City_18 -> City_2 -> City_20 -> City_7 -> City_11 -> City_15 -> City_16 -> City_19 -> City_3 -> City_8 -> City_12 -> City_10 -> City_14 -> City_9
415,422.4419256352389,386.6266770171125,City_1 -> City_6 -> City_17 -> City_4 -> City_13 -> City_5 -> City_18 -> City_2 -> City_20 -> City_7 -> City_16 -> City_15 -> City_11 -> City_10 -> City_19 -> City_3 -> City_8 -> City_12 -> City_14 -> City_9
420,392.5610437685326,386.6266770171125,City_4 -> City_17 -> City_6 -> City_1 -> City_13 -> City_5 -> City_18 -> City_2 -> City_20 -> City_7 -> City_16 -> City_11 -> City_15 -> City_10 -> City_19 -> City_8 -> City_3 -> City_12 -> City_9 -> City_14
425,421.9587942187999,386.6266770171125,City_17 -> City_6 -> City_4 -> City_1 -> City_13 -> City_5 -> City_2 -> City_18 -> City_20 -> City_7 -> City_11 -> City_16 -> City_15 -> City_10 -> City_3 -> City_8 -> City_19 -> City_12 -> City_9 -> City_14
430,420.5180488349642,386.6266770171125,City_17 -> City_6 -> City_4 -> City_1 -> City_13 -> City_5 -> City_2 -> City_18 -> City_20 -> City_7 -> City_15 -> City_11 -> City_16 -> City_19 -> City_8 -> City_3 -> City_10 -> City_12 -> City_14 -> City_9
435,406.48690139968096,386.6266770171125,City_4 -> City_6 -> City_17 -> City_1 -> City_13 -> City_5 -> City_18 -> City_2 -> City_20 -> City_7 -> City_11 -> City_15 -> City_16 -> City_19 -> City_8 -> City_3 -> City_10 -> City_12 -> City_14 -> City_9
440,389.8493457288437,386.6266770171125,City_4 -> City_6 -> City_17 -> City_1 -> City_13 -> City_5 -> City_18 -> City_2 -> City_20 -> City_7 -> City_11 -> City_15 -> City_16 -> City_10 -> City_19 -> City_3 -> City_8 -> City_12 -> City_9 -> City_14
445,396.19377013781246,386.6266770171125,City_4 -> City_17 -> City_6 -> City_1 -> City_13 -> City_5 -> City_18 -> City_2 -> City_20 -> City_7 -> City_16 -> City_15 -> City_11 -> City_10 -> City_19 -> City_8 -> City_3 -> City_12 -> City_9 -> City_14
450,416.18336260375025,386.6266770171125,City_17 -> City_6 -> City_4 -> City_1 -> City_13 -> City_5 -> City_2 -> City_18 -> City_20 -> City_7 -> City_16 -> City_15 -> City_11 -> City_19 -> City_3 -> City_8 -> City_10 -> City_12 -> City_9 -> City_14
455,421.71456107951093,386.6266770171125,City_17 -> City_4 -> City_6 -> City_1 -> City_13 -> City_5 -> City_2 -> City_18 -> City_20 -> City_7 -> City_11 -> City_16 -> City_15 -> City_19 -> City_8 -> City_3 -> City_10 -> City_12 -> City_14 -> City_9
460,412.9577481204094,386.6266770171125,City_4 -> City_6 -> City_17 -> City_1 -> City_13 -> City_5 -> City_18 -> City_2 -> City_20 -> City_7 -> City_15 -> City_16 -> City_11 -> City_3 -> City_8 -> City_19 -> City_10 -> City_12 -> City_14 -> City_9
465,386.42968948347004,386.42968948347004,City_4 -> City_6 -> City_17 -> City_1 -> City_13 -> City_5 -> City_18 -> City_2 -> City_20 -> City_7 -> City_15 -> City_11 -> City_16 -> City_10 -> City_19 -> City_3 -> City_8 -> City_12 -> City_9 -> City_14
470,404.24326181421196,386.42968948347004,City_6 -> City_17 -> City_4 -> City_1 -> City_13 -> City_5 -> City_18 -> City_2 -> City_20 -> City_7 -> City_11 -> City_16 -> City_15 -> City_10 -> City_19 -> City_8 -> City_3 -> City_12 -> City_9 -> City_14
475,410.8953636663757,386.42968948347004,City_17 -> City_6 -> City_4 -> City_1 -> City_13 -> City_5 -> City_2 -> City_18 -> City_20 -> City_7 -> City_11 -> City_16 -> City_15 -> City_19 -> City_8 -> City_3 -> City_10 -> City_12 -> City_9 -> City_14
480,430.01146550102425,386.42968948347004,City_17 -> City_4 -> City_6 -> City_1 -> City_13 -> City_5 -> City_2 -> City_18 -> City_20 -> City_7 -> City_11 -> City_15 -> City_16 -> City_19 -> City_8 -> City_3 -> City_10 -> City_12 -> City_14 -> City_9
485,411.3489297032573,386.42968948347004,City_4 -> City_6 -> City_17 -> City_1 -> City_13 -> City_5 -> City_18 -> City_2 -> City_20 -> City_7 -> City_11 -> City_15 -> City_16 -> City_8 -> City_3 -> City_19 -> City_10 -> City_12 -> City_14 -> City_9
490,393.20547045108424,386.42968948347004,City_4 -> City_17 -> City_6 -> City_1 -> City_13 -> City_5 -> City_18 -> City_2 -> City_20 -> City_7 -> City_11 -> City_16 -> City_15 -> City_10 -> City_19 -> City_3 -> City_8 -> City_12 -> City_9 -> City_14
495,398.5073284448016,386.42968948347004,City_17 -> City_6 -> City_4 -> City_1 -> City_13 -> City_5 -> City_18 -> City_2 -> City_20 -> City_7 -> City_15 -> City_11 -> City_16 -> City_10 -> City_19 -> City_8 -> City_3 -> City_12 -> City_9 -> City_14
500,420.5180488349642,386.42968948347004,City_17 -> City_6 -> City_4 -> City_1 -> City_13 -> City_5 -> City_2 -> City_18 -> City_20 -> City_7 -> City_15 -> City_11 -> City_16 -> City_19 -> City_8 -> City_3 -> City_10 -> City_12 -> City_14 -> City_9
505,429.60538712535185,386.42968948347004,City_6 -> City_4 -> City_17 -> City_1 -> City_13 -> City_5 -> City_2 -> City_18 -> City_20 -> City_7 -> City_11 -> City_15 -> City_16 -> City_19 -> City_8 -> City_3 -> City_10 -> City_12 -> City_14 -> City_9
510,414.33031226054305,386.42968948347004,City_4 -> City_6 -> City_17 -> City_1 -> City_13 -> City_5 -> City_18 -> City_2 -> City_20 -> City_7 -> City_11 -> City_15 -> City_16 -> City_10 -> City_3 -> City_19 -> City_8 -> City_12 -> City_14 -> City_9
515,389.8559779062997,386.42968948347004,City_4 -> City_17 -> City_6 -> City_1 -> City_13 -> City_5 -> City_18 -> City_2 -> City_20 -> City_7 -> City_16 -> City_11 -> City_15 -> City_10 -> City_19 -> City_3 -> City_8 -> City_12 -> City_9 -> City_14
520,412.84098274541066,386.42968948347004,City_17 -> City_6 -> City_4 -> City_1 -> City_13 -> City_5 -> City_2 -> City_18 -> City_20 -> City_7 -> City_16 -> City_15 -> City_11 -> City_10 -> City_19 -> City_8 -> City_3 -> City_12 -> City_9 -> City_14
525,410.8953636663757,386.42968948347004,City_17 -> City_6 -> City_4 -> City_1 -> City_13 -> City_5 -> City_2 -> City_18 -> City_20 -> City_7 -> City_11 -> City_16 -> City_15 -> City_19 -> City_8 -> City_3 -> City_10 -> City_12 -> City_9 -> City_14
530,416.4786194414538,386.42968948347004,City_4 -> City_17 -> City_6 -> City_1 -> City_13 -> City_5 -> City_2 -> City_18 -> City_20 -> City_7 -> City_11 -> City_16 -> City_15 -> City_8 -> City_3 -> City_19 -> City_10 -> City_12 -> City_14 -> City_9
535,393.90767253521966,386.42968948347004,City_4 -> City_17 -> City_6 -> City_1 -> City_13 -> City_5 -> City_18 -> City_2 -> City_20 -> City_7 -> City_15 -> City_11 -> City_16 -> City_10 -> City_19 -> City_3 -> City_8 -> City_12 -> City_14 -> City_9
540,400.1655483014515,386.42968948347004,City_17 -> City_6 -> City_4 -> City_1 -> City_13 -> City_5 -> City_18 -> City_2 -> City_20 -> City_7 -> City_16 -> City_11 -> City_15 -> City_10 -> City_19 -> City_8 -> City_3 -> City_12 -> City_9 -> City_14
545,416.91158357172617,386.42968948347004,City_6 -> City_17 -> City_4 -> City_1 -> City_13 -> City_5 -> City_2 -> City_18 -> City_20 -> City_7 -> City_16 -> City_15 -> City_11 -> City_19 -> City_3 -> City_8 -> City_10 -> City_12 -> City_9 -> City_14
550,420.98845839989633,386.42968948347004,City_6 -> City_4 -> City_17 -> City_1 -> City_13 -> City_5 -> City_2 -> City_18 -> City_20 -> City_7 -> City_11 -> City_16 -> City_15 -> City_19 -> City_8 -> City_3 -> City_12 -> City_10 -> City_9 -> City_14
555,417.3424562547249,386.42968948347004,City_4 -> City_17 -> City_6 -> City_1 -> City_13 -> City_5 -> City_18 -> City_2 -> City_20 -> City_7 -> City_11 -> City_15 -> City_16 -> City_19 -> City_8 -> City_3 -> City_12 -> City_10 -> City_14 -> City_9
560,392.1396039690399,386.42968948347004,City_4 -> City_6 -> City_17 -> City_1 -> City_13 -> City_5 -> City_18 -> City_2 -> City_20 -> City_7 -> City_15 -> City_11 -> City_16 -> City_10 -> City_19 -> City_3 -> City_8 -> City_12 -> City_14 -> City_9
565,409.9057018536876,386.42968948347004,City_6 -> City_17 -> City_4 -> City_1 -> City_13 -> City_5 -> City_18 -> City_2 -> City_20 -> City_7 -> City_16 -> City_15 -> City_11 -> City_10 -> City_19 -> City_8 -> City_3 -> City_12 -> City_14 -> City_9
570,429.66900221175047,386.42968948347004,City_6 -> City_17 -> City_4 -> City_1 -> City_13 -> City_5 -> City_2 -> City_18 -> City_20 -> City_10 -> City_7 -> City_16 -> City_11 -> City_15 -> City_19 -> City_8 -> City_3 -> City_12 -> City_9 -> City_14
575,400.6931800834899,386.42968948347004,City_4 -> City_6 -> City_17 -> City_1 -> City_13 -> City_5 -> City_2 -> City_18 -> City_20 -> City_7 -> City_15 -> City_16 -> City_11 -> City_10 -> City_19 -> City_3 -> City_8 -> City_12 -> City_9 -> City_14
580,403.40002205510655,386.42968948347004,City_4 -> City_6 -> City_17 -> City_1 -> City_13 -> City_5 -> City_18 -> City_2 -> City_20 -> City_7 -> City_16 -> City_11 -> City_15 -> City_10 -> City_8 -> City_3 -> City_19 -> City_12 -> City_14 -> City_9
585,412.9805130107766,386.42968948347004,City_17 -> City_6 -> City_4 -> City_1 -> City_13 -> City_5 -> City_18 -> City_2 -> City_20 -> City_7 -> City_11 -> City_16 -> City_15 -> City_19 -> City_3 -> City_8 -> City_12 -> City_10 -> City_14 -> City_9
590,414.1179326391237,386.42968948347004,City_6 -> City_4 -> City_17 -> City_1 -> City_13 -> City_5 -> City_18 -> City_2 -> City_20 -> City_7 -> City_15 -> City_11 -> City_16 -> City_19 -> City_3 -> City_8 -> City_12 -> City_10 -> City_9 -> City_14
595,409.8788834797304,386.42968948347004,City_6 -> City_4 -> City_17 -> City_1 -> City_13 -> City_5 -> City_2 -> City_18 -> City_20 -> City_7 -> City_15 -> City_11 -> City_16 -> City_10 -> City_19 -> City_3 -> City_8 -> City_12 -> City_9 -> City_14
600,400.48010995958373,386.42968948347004,City_4 -> City_6 -> City_17 -> City_1 -> City_13 -> City_5 -> City_2 -> City_18 -> City_20 -> City_7 -> City_11 -> City_16 -> City_15 -> City_10 -> City_19 -> City_3 -> City_8 -> City_12 -> City_9 -> City_14
605,418.39127554199825,386.42968948347004,City_4 -> City_6 -> City_17 -> City_1 -> City_13 -> City_5 -> City_18 -> City_2 -> City_20 -> City_11 -> City_16 -> City_15 -> City_7 -> City_10 -> City_19 -> City_3 -> City_8 -> City_12 -> City_14 -> City_9
610,421.3529756665307,386.42968948347004,City_4 -> City_17 -> City_6 -> City_1 -> City_13 -> City_5 -> City_18 -> City_2 -> City_20 -> City_10 -> City_7 -> City_11 -> City_16 -> City_15 -> City_19 -> City_8 -> City_3 -> City_12 -> City_14 -> City_9
615,419.11634552120023,386.42968948347004,City_6 -> City_17 -> City_4 -> City_1 -> City_13 -> City_5 -> City_18 -> City_2 -> City_20 -> City_7 -> City_11 -> City_16 -> City_10 -> City_15 -> City_19 -> City_8 -> City_3 -> City_12 -> City_9 -> City_14
620,415.9264434793687,386.42968948347004,City_17 -> City_4 -> City_6 -> City_1 -> City_13 -> City_5 -> City_2 -> City_18 -> City_20 -> City_7 -> City_11 -> City_16 -> City_15 -> City_10 -> City_19 -> City_3 -> City_8 -> City_12 -> City_9 -> City_14
625,416.91630955136065,386.42968948347004,City_6 -> City_4 -> City_17 -> City_1 -> City_13 -> City_5 -> City_2 -> City_18 -> City_20 -> City_7 -> City_16 -> City_11 -> City_15 -> City_10 -> City_19 -> City_3 -> City_8 -> City_12 -> City_14 -> City_9
630,392.3365915026824,386.42968948347004,City_4 -> City_6 -> City_17 -> City_1 -> City_13 -> City_5 -> City_18 -> City_2 -> City_20 -> City_7 -> City_16 -> City_11 -> City_15 -> City_19 -> City_3 -> City_8 -> City_10 -> City_12 -> City_14 -> City_9
635,405.45616984395195,386.42968948347004,City_6 -> City_17 -> City_4 -> City_1 -> City_13 -> City_5 -> City_18 -> City_2 -> City_20 -> City_7 -> City_11 -> City_16 -> City_15 -> City_19 -> City_3 -> City_8 -> City_10 -> City_12 -> City_14 -> City_9
640,424.276240099799,386.42968948347004,City_17 -> City_6 -> City_4 -> City_1 -> City_13 -> City_5 -> City_18 -> City_2 -> City_20 -> City_11 -> City_16 -> City_7 -> City_15 -> City_19 -> City_3 -> City_8 -> City_12 -> City_10 -> City_9 -> City_14
645,438.3098040549112,386.42968948347004,City_17 -> City_4 -> City_6 -> City_1 -> City_13 -> City_5 -> City_18 -> City_2 -> City_20 -> City_16 -> City_7 -> City_15 -> City_11 -> City_19 -> City_8 -> City_3 -> City_12 -> City_10 -> City_9 -> City_14
650,408.9162820843747,386.42968948347004,City_6 -> City_4 -> City_17 -> City_1 -> City_13 -> City_5 -> City_18 -> City_2 -> City_20 -> City_7 -> City_16 -> City_11 -> City_15 -> City_19 -> City_8 -> City_3 -> City_10 -> City_12 -> City_14 -> City_9
655,406.0137836953371,386.42968948347004,City_4 -> City_17 -> City_6 -> City_1 -> City_13 -> City_5 -> City_18 -> City_2 -> City_20 -> City_7 -> City_15 -> City_11 -> City_16 -> City_10 -> City_3 -> City_8 -> City_19 -> City_12 -> City_14 -> City_9
660,393.20547045108424,386.42968948347004,City_4 -> City_17 -> City_6 -> City_1 -> City_13 -> City_5 -> City_18 -> City_2 -> City_20 -> City_7 -> City_11 -> City_16 -> City_15 -> City_10 -> City_19 -> City_3 -> City_8 -> City_12 -> City_9 -> City_14
665,416.13951360327485,386.42968948347004,City_17 -> City_4 -> City_6 -> City_1 -> City_13 -> City_5 -> City_2 -> City_18 -> City_20 -> City_7 -> City_15 -> City_16 -> City_11 -> City_10 -> City_19 -> City_3 -> City_8 -> City_12 -> City_9 -> City_14
670,447.2663626616241,386.42968948347004,City_17 -> City_4 -> City_6 -> City_1 -> City_13 -> City_5 -> City_2 -> City_18 -> City_7 -> City_20 -> City_10 -> City_15 -> City_16 -> City_11 -> City_19 -> City_8 -> City_3 -> City_12 -> City_9 -> City_14
675,431.5889365333984,386.42968948347004,City_4 -> City_17 -> City_6 -> City_1 -> City_13 -> City_5 -> City_18 -> City_2 -> City_7 -> City_20 -> City_10 -> City_16 -> City_15 -> City_11 -> City_19 -> City_8 -> City_3 -> City_12 -> City_9 -> City_14
680,401.620450798887,386.42968948347004,City_4 -> City_17 -> City_6 -> City_1 -> City_13 -> City_5 -> City_18 -> City_2 -> City_20 -> City_7 -> City_11 -> City_16 -> City_15 -> City_10 -> City_19 -> City_8 -> City_3 -> City_12 -> City_14 -> City_9
685,407.13047229086544,386.42968948347004,City_6 -> City_17 -> City_4 -> City_1 -> City_13 -> City_5 -> City_18 -> City_2 -> City_20 -> City_7 -> City_15 -> City_16 -> City_11 -> City_10 -> City_19 -> City_3 -> City_8 -> City_12 -> City_14 -> City_9
690,425.7417118326916,386.42968948347004,City_17 -> City_4 -> City_6 -> City_1 -> City_13 -> City_5 -> City_2 -> City_18 -> City_20 -> City_7 -> City_15 -> City_16 -> City_11 -> City_10 -> City_8 -> City_3 -> City_19 -> City_12 -> City_9 -> City_14
695,414.46521115636125,386.42968948347004,City_17 -> City_4 -> City_6 -> City_1 -> City_13 -> City_5 -> City_2 -> City_18 -> City_20 -> City_7 -> City_11 -> City_16 -> City_15 -> City_19 -> City_3 -> City_8 -> City_10 -> City_12 -> City_9 -> City_14
700,396.60226710758275,386.42968948347004,City_4 -> City_17 -> City_6 -> City_1 -> City_13 -> City_5 -> City_18 -> City_2 -> City_20 -> City_7 -> City_11 -> City_16 -> City_15 -> City_19 -> City_3 -> City_8 -> City_12 -> City_10 -> City_9 -> City_14
705,417.57545848040587,386.42968948347004,City_4 -> City_17 -> City_6 -> City_1 -> City_13 -> City_5 -> City_18 -> City_2 -> City_20 -> City_7 -> City_16 -> City_11 -> City_15 -> City_19 -> City_8 -> City_3 -> City_9 -> City_10 -> City_12 -> City_14
710,426.9654676726289,386.42968948347004,City_4 -> City_6 -> City_17 -> City_1 -> City_13 -> City_5 -> City_18 -> City_2 -> City_20 -> City_7 -> City_15 -> City_16 -> City_11 -> City_19 -> City_8 -> City_3 -> City_12 -> City_9 -> City_10 -> City_14
715,427.6863639477498,386.42968948347004,City_4 -> City_6 -> City_17 -> City_1 -> City_13 -> City_5 -> City_18 -> City_2 -> City_20 -> City_7 -> City_16 -> City_15 -> City_11 -> City_19 -> City_8 -> City_3 -> City_10 -> City_14 -> City_12 -> City_9
720,397.45415261364667,386.42968948347004,City_4 -> City_17 -> City_6 -> City_1 -> City_13 -> City_5 -> City_18 -> City_2 -> City_20 -> City_7 -> City_11 -> City_16 -> City_15 -> City_19 -> City_3 -> City_8 -> City_10 -> City_12 -> City_14 -> City_9
725,413.2494797151809,386.42968948347004,City_17 -> City_6 -> City_4 -> City_1 -> City_13 -> City_5 -> City_2 -> City_18 -> City_20 -> City_7 -> City_11 -> City_16 -> City_15 -> City_19 -> City_3 -> City_8 -> City_12 -> City_10 -> City_9 -> City_14
730,440.1648254846506,386.42968948347004,City_17 -> City_6 -> City_4 -> City_1 -> City_13 -> City_2 -> City_18 -> City_5 -> City_20 -> City_7 -> City_15 -> City_11 -> City_16 -> City_19 -> City_8 -> City_3 -> City_12 -> City_10 -> City_9 -> City_14
735,436.05555351760995,386.42968948347004,City_4 -> City_17 -> City_6 -> City_1 -> City_13 -> City_2 -> City_18 -> City_5 -> City_20 -> City_7 -> City_15 -> City_16 -> City_11 -> City_19 -> City_8 -> City_3 -> City_10 -> City_12 -> City_14 -> City_9
740,401.90368462338233,386.42968948347004,City_4 -> City_17 -> City_6 -> City_1 -> City_13 -> City_5 -> City_18 -> City_2 -> City_20 -> City_7 -> City_16 -> City_15 -> City_11 -> City_10 -> City_19 -> City_8 -> City_3 -> City_12 -> City_14 -> City_9
745,403.51504084623605,386.42968948347004,City_17 -> City_6 -> City_4 -> City_1 -> City_13 -> City_5 -> City_18 -> City_2 -> City_20 -> City_7 -> City_11 -> City_16 -> City_15 -> City_10 -> City_19 -> City_8 -> City_3 -> City_12 -> City_9 -> City_14
750,411.1157186115767,386.42968948347004,City_17 -> City_4 -> City_6 -> City_1 -> City_13 -> City_5 -> City_2 -> City_18 -> City_20 -> City_7 -> City_16 -> City_11 -> City_15 -> City_19 -> City_3 -> City_8 -> City_10 -> City_12 -> City_9 -> City_14
755,411.4592206544548,386.42968948347004,City_4 -> City_6 -> City_17 -> City_1 -> City_13 -> City_5 -> City_2 -> City_18 -> City_20 -> City_7 -> City_15 -> City_11 -> City_16 -> City_19 -> City_8 -> City_3 -> City_12 -> City_10 -> City_9 -> City_14
760,429.55469573052613,386.42968948347004,City_4 -> City_17 -> City_6 -> City_1 -> City_13 -> City_5 -> City_18 -> City_2 -> City_20 -> City_7 -> City_15 -> City_16 -> City_11 -> City_12 -> City_8 -> City_3 -> City_19 -> City_10 -> City_14 -> City_9
765,400.03239464282626,386.42968948347004,City_4 -> City_17 -> City_6 -> City_1 -> City_13 -> City_5 -> City_18 -> City_2 -> City_20 -> City_7 -> City_11 -> City_15 -> City_16 -> City_10 -> City_19 -> City_8 -> City_3 -> City_12 -> City_14 -> City_9
770,409.58880126692236,386.42968948347004,City_17 -> City_4 -> City_6 -> City_1 -> City_13 -> City_5 -> City_18 -> City_2 -> City_20 -> City_7 -> City_11 -> City_16 -> City_15 -> City_10 -> City_19 -> City_8 -> City_3 -> City_12 -> City_9 -> City_14
775,413.6196315422775,386.42968948347004,City_17 -> City_4 -> City_6 -> City_1 -> City_13 -> City_5 -> City_2 -> City_18 -> City_20 -> City_7 -> City_16 -> City_11 -> City_15 -> City_19 -> City_8 -> City_3 -> City_10 -> City_12 -> City_9 -> City_14
780,413.22728922063453,386.42968948347004,City_4 -> City_17 -> City_6 -> City_1 -> City_13 -> City_5 -> City_2 -> City_18 -> City_20 -> City_7 -> City_15 -> City_11 -> City_16 -> City_19 -> City_8 -> City_3 -> City_12 -> City_10 -> City_9 -> City_14
785,408.7306532899769,386.42968948347004,City_4 -> City_17 -> City_6 -> City_1 -> City_13 -> City_5 -> City_18 -> City_2 -> City_20 -> City_7 -> City_15 -> City_16 -> City_11 -> City_10 -> City_8 -> City_3 -> City_19 -> City_12 -> City_14 -> City_9
790,408.03441187313155,386.42968948347004,City_6 -> City_17 -> City_4 -> City_1 -> City_13 -> City_5 -> City_18 -> City_2 -> City_20 -> City_7 -> City_11 -> City_15 -> City_16 -> City_10 -> City_19 -> City_8 -> City_3 -> City_12 -> City_14 -> City_9
795,418.63150934160166,386.42968948347004,City_17 -> City_4 -> City_6 -> City_1 -> City_13 -> City_5 -> City_2 -> City_18 -> City_20 -> City_7 -> City_11 -> City_16 -> City_15 -> City_10 -> City_19 -> City_8 -> City_3 -> City_12 -> City_9 -> City_14
800,412.57978394407365,386.42968948347004,City_6 -> City_4 -> City_17 -> City_1 -> City_13 -> City_5 -> City_2 -> City_18 -> City_20 -> City_7 -> City_16 -> City_11 -> City_15 -> City_19 -> City_8 -> City_3 -> City_10 -> City_12 -> City_9 -> City_14
805,416.0717892119811,386.42968948347004,City_4 -> City_17 -> City_6 -> City_1 -> City_13 -> City_5 -> City_2 -> City_18 -> City_20 -> City_7 -> City_15 -> City_16 -> City_11 -> City_19 -> City_8 -> City_3 -> City_12 -> City_10 -> City_9 -> City_14
810,399.12845506056016,386.42968948347004,City_4 -> City_17 -> City_6 -> City_1 -> City_13 -> City_5 -> City_18 -> City_2 -> City_20 -> City_7 -> City_15 -> City_16 -> City_11 -> City_10 -> City_19 -> City_3 -> City_8 -> City_12 -> City_14 -> City_9
815,406.6724216826242,386.42968948347004,City_17 -> City_6 -> City_4 -> City_1 -> City_13 -> City_5 -> City_18 -> City_2 -> City_20 -> City_7 -> City_11 -> City_15 -> City_16 -> City_10 -> City_19 -> City_8 -> City_3 -> City_12 -> City_14 -> City_9
820,430.8563557872174,386.42968948347004,City_17 -> City_4 -> City_6 -> City_1 -> City_13 -> City_5 -> City_2 -> City_18 -> City_20 -> City_7 -> City_11 -> City_16 -> City_15 -> City_19 -> City_10 -> City_8 -> City_3 -> City_12 -> City_9 -> City_14
825,417.6389658551118,386.42968948347004,City_6 -> City_4 -> City_17 -> City_1 -> City_13 -> City_5 -> City_2 -> City_18 -> City_20 -> City_7 -> City_16 -> City_11 -> City_15 -> City_19 -> City_8 -> City_3 -> City_12 -> City_10 -> City_9 -> City_14
830,407.02908113730183,386.42968948347004,City_4 -> City_17 -> City_6 -> City_1 -> City_13 -> City_5 -> City_18 -> City_2 -> City_20 -> City_7 -> City_15 -> City_16 -> City_11 -> City_19 -> City_8 -> City_3 -> City_12 -> City_10 -> City_9 -> City_14
835,399.19861876114936,386.42968948347004,City_4 -> City_17 -> City_6 -> City_1 -> City_13 -> City_5 -> City_18 -> City_2 -> City_20 -> City_7 -> City_16 -> City_15 -> City_11 -> City_10 -> City_19 -> City_3 -> City_8 -> City_12 -> City_14 -> City_9
840,408.26047783868495,386.42968948347004,City_17 -> City_6 -> City_4 -> City_1 -> City_13 -> City_5 -> City_18 -> City_2 -> City_20 -> City_7 -> City_11 -> City_16 -> City_15 -> City_10 -> City_19 -> City_8 -> City_3 -> City_12 -> City_14 -> City_9
845,414.46521115636125,386.42968948347004,City_17 -> City_4 -> City_6 -> City_1 -> City_13 -> City_5 -> City_2 -> City_18 -> City_20 -> City_7 -> City_11 -> City_16 -> City_15 -> City_19 -> City_3 -> City_8 -> City_10 -> City_12 -> City_9 -> City_14
850,403.23247993353067,386.42968948347004,City_4 -> City_6 -> City_17 -> City_1 -> City_13 -> City_5 -> City_2 -> City_18 -> City_20 -> City_7 -> City_16 -> City_11 -> City_15 -> City_19 -> City_8 -> City_3 -> City_12 -> City_10 -> City_9 -> City_14
855,416.76730000069773,386.42968948347004,City_4 -> City_17 -> City_6 -> City_1 -> City_13 -> City_5 -> City_18 -> City_2 -> City_20 -> City_7 -> City_15 -> City_16 -> City_11 -> City_19 -> City_8 -> City_3 -> City_12 -> City_10 -> City_14 -> City_9
860,401.90368462338233,386.42968948347004,City_4 -> City_17 -> City_6 -> City_1 -> City_13 -> City_5 -> City_18 -> City_2 -> City_20 -> City_7 -> City_16 -> City_15 -> City_11 -> City_10 -> City_19 -> City_8 -> City_3 -> City_12 -> City_14 -> City_9
865,414.33423825937126,386.42968948347004,City_17 -> City_4 -> City_6 -> City_1 -> City_13 -> City_5 -> City_18 -> City_2 -> City_20 -> City_7 -> City_11 -> City_16 -> City_15 -> City_10 -> City_19 -> City_8 -> City_3 -> City_12 -> City_14 -> City_9
870,411.1157186115767,386.42968948347004,City_17 -> City_4 -> City_6 -> City_1 -> City_13 -> City_5 -> City_2 -> City_18 -> City_20 -> City_7 -> City_16 -> City_11 -> City_15 -> City_19 -> City_3 -> City_8 -> City_10 -> City_12 -> City_9 -> City_14
875,411.4592206544548,386.42968948347004,City_4 -> City_6 -> City_17 -> City_1 -> City_13 -> City_5 -> City_2 -> City_18 -> City_20 -> City_7 -> City_15 -> City_11 -> City_16 -> City_19 -> City_8 -> City_3 -> City_12 -> City_10 -> City_9 -> City_14
880,429.55469573052613,386.42968948347004,City_4 -> City_17 -> City_6 -> City_1 -> City_13 -> City_5 -> City_18 -> City_2 -> City_20 -> City_7 -> City_15 -> City_16 -> City_11 -> City_12 -> City_8 -> City_3 -> City_19 -> City_10 -> City_14 -> City_9
885,409.9057018536876,386.42968948347004,City_6 -> City_17 -> City_4 -> City_1 -> City_13 -> City_5 -> City_18 -> City_2 -> City_20 -> City_7 -> City_16 -> City_15 -> City_11 -> City_10 -> City_19 -> City_8 -> City_3 -> City_12 -> City_14 -> City_9
890,409.58880126692236,386.42968948347004,City_17 -> City_4 -> City_6 -> City_1 -> City_13 -> City_5 -> City_18 -> City_2 -> City_20 -> City_7 -> City_11 -> City_16 -> City_15 -> City_10 -> City_19 -> City_8 -> City_3 -> City_12 -> City_9 -> City_14
895,413.6196315422775,386.42968948347004,City_17 -> City_4 -> City_6 -> City_1 -> City_13 -> City_5 -> City_2 -> City_18 -> City_20 -> City_7 -> City_16 -> City_11 -> City_15 -> City_19 -> City_8 -> City_3 -> City_10 -> City_12 -> City_9 -> City_14
900,413.22728922063453,386.42968948347004,City_4 -> City_17 -> City_6 -> City_1 -> City_13 -> City_5 -> City_2 -> City_18 -> City_20 -> City_7 -> City_15 -> City_11 -> City_16 -> City_19 -> City_8 -> City_3 -> City_12 -> City_10 -> City_9 -> City_14
905,408.7306532899769,386.42968948347004,City_4 -> City_17 -> City_6 -> City_1 -> City_13 -> City_5 -> City_18 -> City_2 -> City_20 -> City_7 -> City_15 -> City_16 -> City_11 -> City_10 -> City_8 -> City_3 -> City_19 -> City_12 -> City_14 -> City_9
910,408.03441187313155,386.42968948347004,City_6 -> City_17 -> City_4 -> City_1 -> City_13 -> City_5 -> City_18 -> City_2 -> City_20 -> City_7 -> City_11 -> City_15 -> City_16 -> City_10 -> City_19 -> City_8 -> City_3 -> City_12 -> City_14 -> City_9
915,418.63150934160166,386.42968948347004,City_17 -> City_4 -> City_6 -> City_1 -> City_13 -> City_5 -> City_2 -> City_18 -> City_20 -> City_7 -> City_11 -> City_16 -> City_15 -> City_10 -> City_19 -> City_8 -> City_3 -> City_12 -> City_9 -> City_14
920,412.57978394407365,386.42968948347004,City_6 -> City_4 -> City_17 -> City_1 -> City_13 -> City_5 -> City_2 -> City_18 -> City_20 -> City_7 -> City_16 -> City_11 -> City_15 -> City_19 -> City_8 -> City_3 -> City_10 -> City_12 -> City_9 -> City_14
925,416.0717892119811,386.42968948347004,City_4 -> City_17 -> City_6 -> City_1 -> City_13 -> City_5 -> City_2 -> City_18 -> City_20 -> City_7 -> City_15 -> City_16 -> City_11 -> City_19 -> City_8 -> City_3 -> City_12 -> City_10 -> City_9 -> City_14
930,399.12845506056016,386.42968948347004,City_4 -> City_17 -> City_6 -> City_1 -> City_13 -> City_5 -> City_18 -> City_2 -> City_20 -> City_7 -> City_15 -> City_16 -> City_11 -> City_10 -> City_19 -> City_3 -> City_8 -> City_12 -> City_14 -> City_9
935,406.6724216826242,386.42968948347004,City_17 -> City_6 -> City_4 -> City_1 -> City_13 -> City_5 -> City_18 -> City_2 -> City_20 -> City_7 -> City_11 -> City_15 -> City_16 -> City_10 -> City_19 -> City_8 -> City_3 -> City_12 -> City_14 -> City_9
940,430.8563557872174,386.42968948347004,City_17 -> City_4 -> City_6 -> City_1 -> City_13 -> City_5 -> City_2 -> City_18 -> City_20 -> City_7 -> City_11 -> City_16 -> City_15 -> City_19 -> City_10 -> City_8 -> City_3 -> City_12 -> City_9 -> City_14
945,417.6389658551118,386.42968948347004,City_6 -> City_4 -> City_17 -> City_1 -> City_13 -> City_5 -> City_2 -> City_18 -> City_20 -> City_7 -> City_16 -> City_11 -> City_15 -> City_19 -> City_8 -> City_3 -> City_12 -> City_10 -> City_9 -> City_14
950,407.02908113730183,386.42968948347004,City_4 -> City_17 -> City_6 -> City_1 -> City_13 -> City_5 -> City_18 -> City_2 -> City_20 -> City_7 -> City_15 -> City_16 -> City_11 -> City_19 -> City_8 -> City_3 -> City_12 -> City_10 -> City_9 -> City_14
955,399.19861876114936,386.42968948347004,City_4 -> City_17 -> City_6 -> City_1 -> City_13 -> City_5 -> City_18 -> City_2 -> City_20 -> City_7 -> City_16 -> City_15 -> City_11 -> City_10 -> City_19 -> City_3 -> City_8 -> City_12 -> City_14 -> City_9
960,408.26047783868495,386.42968948347004,City_17 -> City_6 -> City_4 -> City_1 -> City_13 -> City_5 -> City_18 -> City_2 -> City_20 -> City_7 -> City_11 -> City_16 -> City_15 -> City_10 -> City_19 -> City_8 -> City_3 -> City_12 -> City_14 -> City_9
965,414.46521115636125,386.42968948347004,City_17 -> City_4 -> City_6 -> City_1 -> City_13 -> City_5 -> City_2 -> City_18 -> City_20 -> City_7 -> City_11 -> City_16 -> City_15 -> City_19 -> City_3 -> City_8 -> City_10 -> City_12 -> City_9 -> City_14
970,403.23247993353067,386.42968948347004,City_4 -> City_6 -> City_17 -> City_1 -> City_13 -> City_5 -> City_2 -> City_18 -> City_20 -> City_7 -> City_16 -> City_11 -> City_15 -> City_19 -> City_8 -> City_3 -> City_12 -> City_10 -> City_9 -> City_14
975,416.76730000069773,386.42968948347004,City_4 -> City_17 -> City_6 -> City_1 -> City_13 -> City_5 -> City_18 -> City_2 -> City_20 -> City_7 -> City_15 -> City_16 -> City_11 -> City_19 -> City_8 -> City_3 -> City_12 -> City_10 -> City_14 -> City_9
980,401.90368462338233,386.42968948347004,City_4 -> City_17 -> City_6 -> City_1 -> City_13 -> City_5 -> City_18 -> City_2 -> City_20 -> City_7 -> City_16 -> City_15 -> City_11 -> City_10 -> City_19 -> City_8 -> City_3 -> City_12 -> City_14 -> City_9
985,414.33423825937126,386.42968948347004,City_17 -> City_4 -> City_6 -> City_1 -> City_13 -> City_5 -> City_18 -> City_2 -> City_20 -> City_7 -> City_11 -> City_16 -> City_15 -> City_10 -> City_19 -> City_8 -> City_3 -> City_12 -> City_14 -> City_9
990,411.1157186115767,386.42968948347004,City_17 -> City_4 -> City_6 -> City_1 -> City_13 -> City_5 -> City_2 -> City_18 -> City_20 -> City_7 -> City_16 -> City_11 -> City_15 -> City_19 -> City_3 -> City_8 -> City_10 -> City_12 -> City_9 -> City_14
995,411.4592206544548,386.42968948347004,City_4 -> City_6 -> City_17 -> City_1 -> City_13 -> City_5 -> City_2 -> City_18 -> City_20 -> City_7 -> City_15 -> City_11 -> City_16 -> City_19 -> City_8 -> City_3 -> City_12 -> City_10 -> City_9 -> City_14
1000,429.55469573052613,386.42968948347004,City_4 -> City_17 -> City_6 -> City_1 -> City_13 -> City_5 -> City_18 -> City_2 -> City_20 -> City_7 -> City_15 -> City_16 -> City_11 -> City_12 -> City_8 -> City_3 -> City_19 -> City_10 -> City_14 -> City_9
1005,409.9057018536876,386.42968948347004,City_6 -> City_17 -> City_4 -> City_1 -> City_13 -> City_5 -> City_18 -> City_2 -> City_20 -> City_7 -> City_16 -> City_15 -> City_11 -> City_10 -> City_19 -> City_8 -> City_3 -> City_12 -> City_14 -> City_9
1010,409.58880126692236,386.42968948347004,City_17 -> City_4 -> City_6 -> City_1 -> City_13 -> City_5 -> City_18 -> City_2 -> City_20 -> City_7 -> City_11 -> City_16 -> City_15 -> City_10 -> City_19 -> City_8 -> City_3 -> City_12 -> City_9 -> City_14
1015,413.6196315422775,386.42968948347004,City_17 -> City_4 -> City_6 -> City_1 -> City_13 -> City_5 -> City_2 -> City_18 -> City_20 -> City_7 -> City_16 -> City_11 -> City_15 -> City_19 -> City_8 -> City_3 -> City_10 -> City_12 -> City_9 -> City_14
1020,413.22728922063453,386.42968948347004,City_4 -> City_17 -> City_6 -> City_1 -> City_13 -> City_5 -> City_2 -> City_18 -> City_20 -> City_7 -> City_15 -> City_11 -> City_16 -> City_19 -> City_8 -> City_3 -> City_12 -> City_10 -> City_9 -> City_14
1025,408.7306532899769,386.42968948347004,City_4 -> City_17 -> City_6 -> City_1 -> City_13 -> City_5 -> City_18 -> City_2 -> City_20 -> City_7 -> City_15 -> City_16 -> City_11 -> City_10 -> City_8 -> City_3 -> City_19 -> City_12 -> City_14 -> City_9
1030,408.03441187313155,386.42968948347004,City_6 -> City_17 -> City_4 -> City_1 -> City_13 -> City_5 -> City_18 -> City_2 -> City_20 -> City_7 -> City_11 -> City_15 -> City_16 -> City_10 -> City_19 -> City_8 -> City_3 -> City_12 -> City_14 -> City_9
1035,418.63150934160166,386.42968948347004,City_17 -> City_4 -> City_6 -> City_1 -> City_13 -> City_5 -> City_2 -> City_18 -> City_20 -> City_7 -> City_11 -> City_16 -> City_15 -> City_10 -> City_19 -> City_8 -> City_3 -> City_12 -> City_9 -> City_14
1040,412.57978394407365,386.42968948347004,City_6 -> City_4 -> City_17 -> City_1 -> City_13 -> City_5 -> City_2 -> City_18 -> City_20 -> City_7 -> City_16 -> City_11 -> City_15 -> City_19 -> City_8 -> City_3 -> City_10 -> City_12 -> City_9 -> City_14
1045,416.0717892119811,386.42968948347004,City_4 -> City_17 -> City_6 -> City_1 -> City_13 -> City_5 -> City_2 -> City_18 -> City_20 -> City_7 -> City_15 -> City_16 -> City_11 -> City_19 -> City_8 -> City_3 -> City_12 -> City_10 -> City_9 -> City_14
1050,399.12845506056016,386.42968948347004,City_4 -> City_17 -> City_6 -> City_1 -> City_13 -> City_5 -> City_18 -> City_2 -> City_20 -> City_7 -> City_15 -> City_16 -> City_11 -> City_10 -> City_19 -> City_3 -> City_8 -> City_12 -> City_14 -> City_9
1055,406.6724216826242,386.42968948347004,City_17 -> City_6 -> City_4 -> City_1 -> City_13 -> City_5 -> City_18 -> City_2 -> City_20 -> City_7 -> City_11 -> City_15 -> City_16 -> City_10 -> City_19 -> City_8 -> City_3 -> City_12 -> City_14 -> City_9
1060,430.8563557872174,386.42968948347004,City_17 -> City_4 -> City_6 -> City_1 -> City_13 -> City_5 -> City_2 -> City_18 -> City_20 -> City_7 -> City_11 -> City_16 -> City_15 -> City_19 -> City_10 -> City_8 -> City_3 -> City_12 -> City_9 -> City_14
1065,417.6389658551118,386.42968948347004,City_6 -> City_4 -> City_17 -> City_1 -> City_13 -> City_5 -> City_2 -> City_18 -> City_20 -> City_7 -> City_16 -> City_11 -> City_15 -> City_19 -> City_8 -> City_3 -> City_12 -> City_10 -> City_9 -> City_14
1070,407.02908113730183,386.42968948347004,City_4 -> City_17 -> City_6 -> City_1 -> City_13 -> City_5 -> City_18 -> City_2 -> City_20 -> City_7 -> City_15 -> City_16 -> City_11 -> City_19 -> City_8 -> City_3 -> City_12 -> City_10 -> City_9 -> City_14
1075,399.19861876114936,386.42968948347004,City_4 -> City_17 -> City_6 -> City_1 -> City_13 -> City_5 -> City_18 -> City_2 -> City_20 -> City_7 -> City_16 -> City_15 -> City_11 -> City_10 -> City_19 -> City_3 -> City_8 -> City_12 -> City_14 -> City_9
1080,408.26047783868495,386.42968948347004,City_17 -> City_6 -> City_4 -> City_1 -> City_13 -> City_5 -> City_18 -> City_2 -> City_20 -> City_7 -> City_11 -> City_16 -> City_15 -> City_10 -> City_19 -> City_8 -> City_3 -> City_12 -> City_14 -> City_9
1085,414.46521115636125,386.42968948347004,City_17 -> City_4 -> City_6 -> City_1 -> City_13 -> City_5 -> City_2 -> City_18 -> City_20 -> City_7 -> City_11 -> City_16 -> City_15 -> City_19 -> City_3 -> City_8 -> City_10 -> City_12 -> City_9 -> City_14
1090,403.23247993353067,386.42968948347004,City_4 -> City_6 -> City_17 -> City_1 -> City_13 -> City_5 -> City_2 -> City_18 -> City_20 -> City_7 -> City_16 -> City_11 -> City_15 -> City_19 -> City_8 -> City_3 -> City_12 -> City_10 -> City_9 -> City_14
1095,416.76730000069773,386.42968948347004,City_4 -> City_17 -> City_6 -> City_1 -> City_13 -> City_5 -> City_18 -> City_2 -> City_20 -> City_7 -> City_15 -> City_16 -> City_11 -> City_19 -> City_8 -> City_3 -> City_12 -> City_10 -> City_14 -> City_9
1100,401.90368462338233,386.42968948347004,City_4 -> City_17 -> City_6 -> City_1 -> City_13 -> City_5 -> City_18 -> City_2 -> City_20 -> City_7 -> City_16 -> City_15 -> City_11 -> City_10 -> City_19 -> City_8 -> City_3 -> City_12 -> City_14 -> City_9
1105,414.33423825937126,386.42968948347004,City_17 -> City_4 -> City_6 -> City_1 -> City_13 -> City_5 -> City_18 -> City_2 -> City_20 -> City_7 -> City_11 -> City_16 -> City_15 -> City_10 -> City_19 -> City_8 -> City_3 -> City_12 -> City_14 -> City_9
1110,411.1157186115767,386.42968948347004,City_17 -> City_4 -> City_6 -> City_1 -> City_13 -> City_5 -> City_2 -> City_18 -> City_20 -> City_7 -> City_16 -> City_11 -> City_15 -> City_19 -> City_3 -> City_8 -> City_10 -> City_12 -> City_9 -> City_14
1115,411.4592206544548,386.42968948347004,City_4 -> City_6 -> City_17 -> City_1 -> City_13 -> City_5 -> City_2 -> City_18 -> City_20 -> City_7 -> City_15 -> City_11 -> City_16 -> City_19 -> City_8 -> City_3 -> City_12 -> City_10 -> City_9 -> City_14
1120,429.55469573052613,386.42968948347004,City_4 -> City_17 -> City_6 -> City_1 -> City_13 -> City_5 -> City_18 -> City_2 -> City_20 -> City_7 -> City_15 -> City_16 -> City_11 -> City_12 -> City_8 -> City_3 -> City_19 -> City_10 -> City_14 -> City_9
1125,409.9057018536876,386.42968948347004,City_6 -> City_17 -> City_4 -> City_1 -> City_13 -> City_5 -> City_18 -> City_2 -> City_20 -> City_7 -> City_16 -> City_15 -> City_11 -> City_10 -> City_19 -> City_8 -> City_3 -> City_12 -> City_14 -> City_9
1130,409.58880126692236,386.42968948347004,City_17 -> City_4 -> City_6 -> City_1 -> City_13 -> City_5 -> City_18 -> City_2 -> City_20 -> City_7 -> City_11 -> City_16 -> City_15 -> City_10 -> City_19 -> City_8 -> City_3 -> City_12 -> City_9 -> City_14
1135,413.6196315422775,386.42968948347004,City_17 -> City_4 -> City_6 -> City_1 -> City_13 -> City_5 -> City_2 -> City_18 -> City_20 -> City_7 -> City_16 -> City_11 -> City_15 -> City_19 -> City_8 -> City_3 -> City_10 -> City_12 -> City_9 -> City_14
1140,413.22728922063453,386.42968948347004,City_4 -> City_17 -> City_6 -> City_1 -> City_13 -> City_5 -> City_2 -> City_18 -> City_20 -> City_7 -> City_15 -> City_11 -> City_16 -> City_19 -> City_8 -> City_3 -> City_12 -> City_10 -> City_9 -> City_14
1145,408.7306532899769,386.42968948347004,City_4 -> City_17 -> City_6 -> City_1 -> City_13 -> City_5 -> City_18 -> City_2 -> City_20 -> City_7 -> City_15 -> City_16 -> City_11 -> City_10 -> City_8 -> City_3 -> City_19 -> City_12 -> City_14 -> City_9
1150,408.03441187313155,386.42968948347004,City_6 -> City_17 -> City_4 -> City_1 -> City_13 -> City_5 -> City_18 -> City_2 -> City_20 -> City_7 -> City_11 -> City_15 -> City_16 -> City_10 -> City_19 -> City_8 -> City_3 -> City_12 -> City_14 -> City_9
1155,418.63150934160166,386.42968948347004,City_17 -> City_4 -> City_6 -> City_1 -> City_13 -> City_5 -> City_2 -> City_18 -> City_20 -> City_7 -> City_11 -> City_16 -> City_15 -> City_10 -> City_19 -> City_8 -> City_3 -> City_12 -> City_9 -> City_14
1160,412.57978394407365,386.42968948347004,City_6 -> City_4 -> City_17 -> City_1 -> City_13 -> City_5 -> City_2 -> City_18 -> City_20 -> City_7 -> City_16 -> City_11 -> City_15 -> City_19 -> City_8 -> City_3 -> City_10 -> City_12 -> City_9 -> City_14
1165,416.0717892119811,386.42968948347004,City_4 -> City_17 -> City_6 -> City_1 -> City_13 -> City_5 -> City_2 -> City_18 -> City_20 -> City_7 -> City_15 -> City_16 -> City_11 -> City_19 -> City_8 -> City_3 -> City_12 -> City_10 -> City_9 -> City_14
1170,399.12845506056016,386.42968948347004,City_4 -> City_17 -> City_6 -> City_1 -> City_13 -> City_5 -> City_18 -> City_2 -> City_20 -> City_7 -> City_15 -> City_16 -> City_11 -> City_10 -> City_19 -> City_3 -> City_8 -> City_12 -> City_14 -> City_9
1175,406.6724216826242,386.42968948347004,City_17 -> City_6 -> City_4 -> City_1 -> City_13 -> City_5 -> City_18 -> City_2 -> City_20 -> City_7 -> City_11 -> City_15 -> City_16 -> City_10 -> City_19 -> City_8 -> City_3 -> City_12 -> City_14 -> City_9
1180,430.8563557872174,386.42968948347004,City_17 -> City_4 -> City_6 -> City_1 -> City_13 -> City_5 -> City_2 -> City_18 -> City_20 -> City_7 -> City_11 -> City_16 -> City_15 -> City_19 -> City_10 -> City_8 -> City_3 -> City_12 -> City_9 -> City_14
1185,417.6389658551118,386.42968948347004,City_6 -> City_4 -> City_17 -> City_1 -> City_13 -> City_5 -> City_2 -> City_18 -> City_20 -> City_7 -> City_16 -> City_11 -> City_15 -> City_19 -> City_8 -> City_3 -> City_12 -> City_10 -> City_9 -> City_14
1190,407.02908113730183,386.42968948347004,City_4 -> City_17 -> City_6 -> City_1 -> City_13 -> City_5 -> City_18 -> City_2 -> City_20 -> City_7 -> City_15 -> City_16 -> City_11 -> City_19 -> City_8 -> City_3 -> City_12 -> City_10 -> City_9 -> City_14
1195,399.19861876114936,386.42968948347004,City_4 -> City_17 -> City_6 -> City_1 -> City_13 -> City_5 -> City_18 -> City_2 -> City_20 -> City_7 -> City_16 -> City_15 -> City_11 -> City_10 -> City_19 -> City_3 -> City_8 -> City_12 -> City_14 -> City_9
1200,408.26047783868495,386.42968948347004,City_17 -> City_6 -> City_4 -> City_1 -> City_13 -> City_5 -> City_18 -> City_2 -> City_20 -> City_7 -> City_11 -> City_16 -> City_15 -> City_10 -> City_19 -> City_8 -> City_3 -> City_12 -> City_14 -> City_9
1205,414.46521115636125,386.42968948347004,City_17 -> City_4 -> City_6 -> City_1 -> City_13 -> City_5 -> City_2 -> City_18 -> City_20 -> City_7 -> City_11 -> City_16 -> City_15 -> City_19 -> City_3 -> City_8 -> City_10 -> City_12 -> City_9 -> City_14
1210,403.23247993353067,386.42968948347004,City_4 -> City_6 -> City_17 -> City_1 -> City_13 -> City_5 -> City_2 -> City_18 -> City_20 -> City_7 -> City_16 -> City_11 -> City_15 -> City_19 -> City_8 -> City_3 -> City_12 -> City_10 -> City_9 -> City_14
1215,416.76730000069773,386.42968948347004,City_4 -> City_17 -> City_6 -> City_1 -> City_13 -> City_5 -> City_18 -> City_2 -> City_20 -> City_7 -> City_15 -> City_16 -> City_11 -> City_19 -> City_8 -> City_3 -> City_12 -> City_10 -> City_14 -> City_9
1220,401.90368462338233,386.42968948347004,City_4 -> City_17 -> City_6 -> City_1 -> City_13 -> City_5 -> City_18 -> City_2 -> City_20 -> City_7 -> City_16 -> City_15 -> City_11 -> City_10 -> City_19 -> City_8 -> City_3 -> City_12 -> City_14 -> City_9
1225,414.33423825937126,386.42968948347004,City_17 -> City_4 -> City_6 -> City_1 -> City_13 -> City_5 -> City_18 -> City_2 -> City_20 -> City_7 -> City_11 -> City_16 -> City_15 -> City_10 -> City_19 -> City_8 -> City_3 -> City_12 -> City_14 -> City_9
1230,411.1157186115767,386.42968948347004,City_17 -> City_4 -> City_6 -> City_1 -> City_13 -> City_5 -> City_2 -> City_18 -> City_20 -> City_7 -> City_16 -> City_11 -> City_15 -> City_19 -> City_3 -> City_8 -> City_10 -> City_12 -> City_9 -> City_14
1235,411.4592206544548,386.42968948347004,City_4 -> City_6 -> City_17 -> City_1 -> City_13 -> City_5 -> City_2 -> City_18 -> City_20 -> City_7 -> City_15 -> City_11 -> City_16 -> City_19 -> City_8 -> City_3 -> City_12 -> City_10 -> City_9 -> City_14
1240,429.55469573052613,386.42968948347004,City_4 -> City_17 -> City_6 -> City_1 -> City_13 -> City_5 -> City_18 -> City_2 -> City_20 -> City_7 -> City_15 -> City_16 -> City_11 -> City_12 -> City_8 -> City_3 -> City_19 -> City_10 -> City_14 -> City_9
1245,409.9057018536876,386.42968948347004,City_6 -> City_17 -> City_4 -> City_1 -> City_13 -> City_5 -> City_18 -> City_2 -> City_20 -> City_7 -> City_16 -> City_15 -> City_11 -> City_10 -> City_19 -> City_8 -> City_3 -> City_12 -> City_14 -> City_9
1250,409.58880126692236,386.42968948347004,City_17 -> City_4 -> City_6 -> City_1 -> City_13 -> City_5 -> City_18 -> City_2 -> City_20 -> City_7 -> City_11 -> City_16 -> City_15 -> City_10 -> City_19 -> City_8 -> City_3 -> City_12 -> City_9 -> City_14
1255,413.6196315422775,386.42968948347004,City_17 -> City_4 -> City_6 -> City_1 -> City_13 -> City_5 -> City_2 -> City_18 -> City_20 -> City_7 -> City_16 -> City_11 -> City_15 -> City_19 -> City_8 -> City_3 -> City_10 -> City_12 -> City_9 -> City_14
1260,413.22728922063453,386.42968948347004,City_4 -> City_17 -> City_6 -> City_1 -> City_13 -> City_5 -> City_2 -> City_18 -> City_20 -> City_7 -> City_15 -> City_11 -> City_16 -> City_19 -> City_8 -> City_3 -> City_12 -> City_10 -> City_9 -> City_14
1265,408.7306532899769,386.42968948347004,City_4 -> City_17 -> City_6 -> City_1 -> City_13 -> City_5 -> City_18 -> City_2 -> City_20 -> City_7 -> City_15 -> City_16 -> City_11 -> City_10 -> City_8 -> City_3 -> City_19 -> City_12 -> City_14 -> City_9
1270,408.03441187313155,386.42968948347004,City_6 -> City_17 -> City_4 -> City_1 -> City_13 -> City_5 -> City_18 -> City_2 -> City_20 -> City_7 -> City_11 -> City_15 -> City_16 -> City_10 -> City_19 -> City_8 -> City_3 -> City_12 -> City_14 -> City_9
1275,418.63150934160166,386.42968948347004,City_17 -> City_4 -> City_6 -> City_1 -> City_13 -> City_5 -> City_2 -> City_18 -> City_20 -> City_7 -> City_11 -> City_16 -> City_15 -> City_10 -> City_19 -> City_8 -> City_3 -> City_12 -> City_9 -> City_14
1280,412.57978394407365,386.42968948347004,City_6 -> City_4 -> City_17 -> City_1 -> City_13 -> City_5 -> City_2 -> City_18 -> City_20 -> City_7 -> City_16 -> City_11 -> City_15 -> City_19 -> City_8 -> City_3 -> City_10 -> City_12 -> City_9 -> City_14
1285,416.0717892119811,386.42968948347004,City_4 -> City_17 -> City_6 -> City_1 -> City_13 -> City_5 -> City_2 -> City_18 -> City_20 -> City_7 -> City_15 -> City_16 -> City_11 -> City_19 -> City_8 -> City_3 -> City_12 -> City_10 -> City_9 -> City_14
1290,399.12845506056016,386.42968948347004,City_4 -> City_17 -> City_6 -> City_1 -> City_13 -> City_5 -> City_18 -> City_2 -> City_20 -> City_7 -> City_15 -> City_16 -> City_11 -> City_10 -> City_19 -> City_3 -> City_8 -> City_12 -> City_14 -> City_9
1295,406.6724216826242,386.42968948347004,City_17 -> City_6 -> City_4 -> City_1 -> City_13 -> City_5 -> City_18 -> City_2 -> City_20 -> City_7 -> City_11 -> City_15 -> City_16 -> City_10 -> City_19 -> City_8 -> City_3 -> City_12 -> City_14 -> City_9
1300,430.8563557872174,386.42968948347004,City_17 -> City_4 -> City_6 -> City_1 -> City_13 -> City_5 -> City_2 -> City_18 -> City_20 -> City_7 -> City_11 -> City_16 -> City_15 -> City_19 -> City_10 -> City_8 -> City_3 -> City_12 -> City_9 -> City_14
1305,417.6389658551118,386.42968948347004,City_6 -> City_4 -> City_17 -> City_1 -> City_13 -> City_5 -> City_2 -> City_18 -> City_20 -> City_7 -> City_16 -> City_11 -> City_15 -> City_19 -> City_8 -> City_3 -> City_12 -> City_10 -> City_9 -> City_14
1310,407.02908113730183,386.42968948347004,City_4 -> City_17 -> City_6 -> City_1 -> City_13 -> City_5 -> City_18 -> City_2 -> City_20 -> City_7 -> City_15 -> City_16 -> City_11 -> City_19 -> City_8 -> City_3 -> City_12 -> City_10 -> City_9 -> City_14
1315,399.19861876114936,386.42968948347004,City_4 -> City_17 -> City_6 -> City_1 -> City_13 -> City_5 -> City_18 -> City_2 -> City_20 -> City_7 -> City_16 -> City_15 -> City_11 -> City_10 -> City_19 -> City_3 -> City_8 -> City_12 -> City_14 -> City_9
1320,408.26047783868495,386.42968948347004,City_17 -> City_6 -> City_4 -> City_1 -> City_13 -> City_5 -> City_18 -> City_2 -> City_20 -> City_7 -> City_11 -> City_16 -> City_15 -> City_10 -> City_19 -> City_8 -> City_3 -> City_12 -> City_14 -> City_9
1325,414.46521115636125,386.42968948347004,City_17 -> City_4 -> City_6 -> City_1 -> City_13 -> City_5 -> City_2 -> City_18 -> City_20 -> City_7 -> City_11 -> City_16 -> City_15 -> City_19 -> City_3 -> City_8 -> City_10 -> City_12 -> City_9 -> City_14
1330,403.23247993353067,386.42968948347004,City_4 -> City_6 -> City_17 -> City_1 -> City_13 -> City_5 -> City_2 -> City_18 -> City_20 -> City_7 -> City_16 -> City_11 -> City_15 -> City_19 -> City_8 -> City_3 -> City_12 -> City_10 -> City_9 -> City_14
1335,416.76730000069773,386.42968948347004,City_4 -> City_17 -> City_6 -> City_1 -> City_13 -> City_5 -> City_18 -> City_2 -> City_20 -> City_7 -> City_15 -> City_16 -> City_11 -> City_19 -> City_8 -> City_3 -> City_12 -> City_10 -> City_14 -> City_9
1340,401.90368462338233,386.42968948347004,City_4 -> City_17 -> City_6 -> City_1 -> City_13 -> City_5 -> City_18 -> City_2 -> City_20 -> City_7 -> City_16 -> City_15 -> City_11 -> City_10 -> City_19 -> City_8 -> City_3 -> City_12 -> City_14 -> City_9
1345,414.33423825937126,386.42968948347004,City_17 -> City_4 -> City_6 -> City_1 -> City_13 -> City_5 -> City_18 -> City_2 -> City_20 -> City_7 -> City_11 -> City_16 -> City_15 -> City_10 -> City_19 -> City_8 -> City_3 -> City_12 -> City_14 -> City_9
1350,411.1157186115767,386.42968948347004,City_17 -> City_4 -> City_6 -> City_1 -> City_13 -> City_5 -> City_2 -> City_18 -> City_20 -> City_7 -> City_16 -> City_11 -> City_15 -> City_19 -> City_3 -> City_8 -> City_10 -> City_12 -> City_9 -> City_14
1355,411.4592206544548,386.42968948347004,City_4 -> City_6 -> City_17 -> City_1 -> City_13 -> City_5 -> City_2 -> City_18 -> City_20 -> City_7 -> City_15 -> City_11 -> City_16 -> City_19 -> City_8 -> City_3 -> City_12 -> City_10 -> City_9 -> City_14
1360,429.55469573052613,386.42968948347004,City_4 -> City_17 -> City_6 -> City_1 -> City_13 -> City_5 -> City_18 -> City_2 -> City_20 -> City_7 -> City_15 -> City_16 -> City_11 -> City_12 -> City_8 -> City_3 -> City_19 -> City_10 -> City_14 -> City_9
1365,409.9057018536876,386.42968948347004,City_6 -> City_17 -> City_4 -> City_1 -> City_13 -> City_5 -> City_18 -> City_2 -> City_20 -> City_7 -> City_16 -> City_15 -> City_11 -> City_10 -> City_19 -> City_8 -> City_3 -> City_12 -> City_14 -> City_9
1370,409.58880126692236,386.42968948347004,City_17 -> City_4 -> City_6 -> City_1 -> City_13 -> City_5 -> City_18 -> City_2 -> City_20 -> City_7 -> City_11 -> City_16 -> City_15 -> City_10 -> City_19 -> City_8 -> City_3 -> City_12 -> City_9 -> City_14
1375,413.6196315422775,386.42968948347004,City_17 -> City_4 -> City_6 -> City_1 -> City_13 -> City_5 -> City_2 -> City_18 -> City_20 -> City_7 -> City_16 -> City_11 -> City_15 -> City_19 -> City_8 -> City_3 -> City_10 -> City_12 -> City_9 -> City_14
1380,413.22728922063453,386.42968948347004,City_4 -> City_17 -> City_6 -> City_1 -> City_13 -> City_5 -> City_2 -> City_18 -> City_20 -> City_7 -> City_15 -> City_11 -> City_16 -> City_19 -> City_8 -> City_3 -> City_12 -> City_10 -> City_9 -> City_14
1385,408.7306532899769,386.42968948347004,City_4 -> City_17 -> City_6 -> City_1 -> City_13 -> City_5 -> City_18 -> City_2 -> City_20 -> City_7 -> City_15 -> City_16 -> City_11 -> City_10 -> City_8 -> City_3 -> City_19 -> City_12 -> City_14 -> City_9
1390,408.03441187313155,386.42968948347004,City_6 -> City_17 -> City_4 -> City_1 -> City_13 -> City_5 -> City_18 -> City_2 -> City_20 -> City_7 -> City_11 -> City_15 -> City_16 -> City_10 -> City_19 -> City_8 -> City_3 -> City_12 -> City_14 -> City_9
1395,418.63150934160166,386.42968948347004,City_17 -> City_4 -> City_6 -> City_1 -> City_13 -> City_5 -> City_2 -> City_18 -> City_20 -> City_7 -> City_11 -> City_16 -> City_15 -> City_10 -> City_19 -> City_8 -> City_3 -> City_12 -> City_9 -> City_14
1400,412.57978394407365,386.42968948347004,City_6 -> City_4 -> City_17 -> City_1 -> City_13 -> City_5 -> City_2 -> City_18 -> City_20 -> City_7 -> City_16 -> City_11 -> City_15 -> City_19 -> City_8 -> City_3 -> City_10 -> City_12 -> City_9 -> City_14
1405,416.0717892119811,386.42968948347004,City_4 -> City_17 -> City_6 -> City_1 -> City_13 -> City_5 -> City_2 -> City_18 -> City_20 -> City_7 -> City_15 -> City_16 -> City_11 -> City_19 -> City_8 -> City_3 -> City_12 -> City_10 -> City_9 -> City_14
1410,399.12845506056016,386.42968948347004,City_4 -> City_17 -> City_6 -> City_1 -> City_13 -> City_5 -> City_18 -> City_2 -> City_20 -> City_7 -> City_15 -> City_16 -> City_11 -> City_10 -> City_19 -> City_3 -> City_8 -> City_12 -> City_14 -> City_9
1415,406.6724216826242,386.42968948347004,City_17 -> City_6 -> City_4 -> City_1 -> City_13 -> City_5 -> City_18 -> City_2 -> City_20 -> City_7 -> City_11 -> City_15 -> City_16 -> City_10 -> City_19 -> City_8 -> City_3 -> City_12 -> City_14 -> City_9
1420,430.8563557872174,386.42968948347004,City_17 -> City_4 -> City_6 -> City_1 -> City_13 -> City_5 -> City_2 -> City_18 -> City_20 -> City_7 -> City_11 -> City_16 -> City_15 -> City_19 -> City_10 -> City_8 -> City_3 -> City_12 -> City_9 -> City_14
1425,417.6389658551118,386.42968948347004,City_6 -> City_4 -> City_17 -> City_1 -> City_13 -> City_5 -> City_2 -> City_18 -> City_20 -> City_7 -> City_16 -> City_11 -> City_15 -> City_19 -> City_8 -> City_3 -> City_12 -> City_10 -> City_9 -> City_14
1430,407.02908113730183,386.42968948347004,City_4 -> City_17 -> City_6 -> City_1 -> City_13 -> City_5 -> City_18 -> City_2 -> City_20 -> City_7 -> City_15 -> City_16 -> City_11 -> City_19 -> City_8 -> City_3 -> City_12 -> City_10 -> City_9 -> City_14
1435,399.19861876114936,386.42968948347004,City_4 -> City_17 -> City_6 -> City_1 -> City_13 -> City_5 -> City_18 -> City_2 -> City_20 -> City_7 -> City_16 -> City_15 -> City_11 -> City_10 -> City_19 -> City_3 -> City_8 -> City_12 -> City_14 -> City_9
1440,408.26047783868495,386.42968948347004,City_17 -> City_6 -> City_4 -> City_1 -> City_13 -> City_5 -> City_18 -> City_2 -> City_20 -> City_7 -> City_11 -> City_16 -> City_15 -> City_10 -> City_19 -> City_8 -> City_3 -> City_12 -> City_14 -> City_9
1445,414.46521115636125,386.42968948347004,City_17 -> City_4 -> City_6 -> City_1 -> City_13 -> City_5 -> City_2 -> City_18 -> City_20 -> City_7 -> City_11 -> City_16 -> City_15 -> City_19 -> City_3 -> City_8 -> City_10 -> City_12 -> City_9 -> City_14
1450,403.23247993353067,386.42968948347004,City_4 -> City_6 -> City_17 -> City_1 -> City_13 -> City_5 -> City_2 -> City_18 -> City_20 -> City_7 -> City_16 -> City_11 -> City_15 -> City_19 -> City_8 -> City_3 -> City_12 -> City_10 -> City_9 -> City_14
1455,416.76730000069773,386.42968948347004,City_4 -> City_17 -> City_6 -> City_1 -> City_13 -> City_5 -> City_18 -> City_2 -> City_20 -> City_7 -> City_15 -> City_16 -> City_11 -> City_19 -> City_8 -> City_3 -> City_12 -> City_10 -> City_14 -> City_9
1460,401.90368462338233,386.42968948347004,City_4 -> City_17 -> City_6 -> City_1 -> City_13 -> City_5 -> City_18 -> City_2 -> City_20 -> City_7 -> City_16 -> City_15 -> City_11 -> City_10 -> City_19 -> City_8 -> City_3 -> City_12 -> City_14 -> City_9
1465,414.33423825937126,386.42968948347004,City_17 -> City_4 -> City_6 -> City_1 -> City_13 -> City_5 -> City_18 -> City_2 -> City_20 -> City_7 -> City_11 -> City_16 -> City_15 -> City_10 -> City_19 -> City_8 -> City_3 -> City_12 -> City_14 -> City_9
1470,411.1157186115767,386.42968948347004,City_17 -> City_4 -> City_6 -> City_1 -> City_13 -> City_5 -> City_2 -> City_18 -> City_20 -> City_7 -> City_16 -> City_11 -> City_15 -> City_19 -> City_3 -> City_8 -> City_10 -> City_12 -> City_9 -> City_14
1475,411.4592206544548,386.42968948347004,City_4 -> City_6 -> City_17 -> City_1 -> City_13 -> City_5 -> City_2 -> City_18 -> City_20 -> City_7 -> City_15 -> City_11 -> City_16 -> City_19 -> City_8 -> City_3 -> City_12 -> City_10 -> City_9 -> City_14
1480,429.55469573052613,386.42968948347004,City_4 -> City_17 -> City_6 -> City_1 -> City_13 -> City_5 -> City_18 -> City_2 -> City_20 -> City_7 -> City_15 -> City_16 -> City_11 -> City_12 -> City_8 -> City_3 -> City_19 -> City_10 -> City_14 -> City_9
1485,409.9057018536876,386.42968948347004,City_6 -> City_17 -> City_4 -> City_1 -> City_13 -> City_5 -> City_18 -> City_2 -> City_20 -> City_7 -> City_16 -> City_15 -> City_11 -> City_10 -> City_19 -> City_8 -> City_3 -> City_12 -> City_14 -> City_9
1490,409.58880126692236,386.42968948347004,City_17 -> City_4 -> City_6 -> City_1 -> City_13 -> City_5 -> City_18 -> City_2 -> City_20 -> City_7 -> City_11 -> City_16 -> City_15 -> City_10 -> City_19 -> City_8 -> City_3 -> City_12 -> City_9 -> City_14
1495,413.6196315422775,386.42968948347004,City_17 -> City_4 -> City_6 -> City_1 -> City_13 -> City_5 -> City_2 -> City_18 -> City_20 -> City_7 -> City_16 -> City_11 -> City_15 -> City_19 -> City_8 -> City_3 -> City_10 -> City_12 -> City_9 -> City_14
1500,413.22728922063453,386.42968948347004,City_4 -> City_17 -> City_6 -> City_1 -> City_13 -> City_5 -> City_2 -> City_18 -> City_20 -> City_7 -> City_15 -> City_11 -> City_16 -> City_19 -> City_8 -> City_3 -> City_12 -> City_10 -> City_9 -> City_14
1505,408.7306532899769,386.42968948347004,City_4 -> City_17 -> City_6 -> City_1 -> City_13 -> City_5 -> City_18 -> City_2 -> City_20 -> City_7 -> City_15 -> City_16 -> City_11 -> City_10 -> City_8 -> City_3 -> City_19 -> City_12 -> City_14 -> City_9
1510,408.03441187313155,386.42968948347004,City_6 -> City_17 -> City_4 -> City_1 -> City_13 -> City_5 -> City_18 -> City_2 -> City_20 -> City_7 -> City_11 -> City_15 -> City_16 -> City_10 -> City_19 -> City_8 -> City_3 -> City_12 -> City_14 -> City_9
1515,418.63150934160166,386.42968948347004,City_17 -> City_4 -> City_6 -> City_1 -> City_13 -> City_5 -> City_2 -> City_18 -> City_20 -> City_7 -> City_11 -> City_16 -> City_15 -> City_10 -> City_19 -> City_8 -> City_3 -> City_12 -> City_9 -> City_14
1520,412.57978394407365,386.42968948347004,City_6 -> City_4 -> City_17 -> City_1 -> City_13 -> City_5 -> City_2 -> City_18 -> City_20 -> City_7 -> City_16 -> City_11 -> City_15 -> City_19 -> City_8 -> City_3 -> City_10 -> City_12 -> City_9 -> City_14
1525,416.0717892119811,386.42968948347004,City_4 -> City_17 -> City_6 -> City_1 -> City_13 -> City_5 -> City_2 -> City_18 -> City_20 -> City_7 -> City_15 -> City_16 -> City_11 -> City_19 -> City_8 -> City_3 -> City_12 -> City_10 -> City_9 -> City_14
1530,399.12845506056016,386.42968948347004,City_4 -> City_17 -> City_6 -> City_1 -> City_13 -> City_5 -> City_18 -> City_2 -> City_20 -> City_7 -> City_15 -> City_16 -> City_11 -> City_10 -> City_19 -> City_3 -> City_8 -> City_12 -> City_14 -> City_9
1535,406.6724216826242,386.42968948347004,City_17 -> City_6 -> City_4 -> City_1 -> City_13 -> City_5 -> City_18 -> City_2 -> City_20 -> City_7 -> City_11 -> City_15 -> City_16 -> City_10 -> City_19 -> City_8 -> City_3 -> City_12 -> City_14 -> City_9
1540,430.8563557872174,386.42968948347004,City_17 -> City_4 -> City_6 -> City_1 -> City_13 -> City_5 -> City_2 -> City_18 -> City_20 -> City_7 -> City_11 -> City_16 -> City_15 -> City_19 -> City_10 -> City_8 -> City_3 -> City_12 -> City_9 -> City_14
1545,417.6389658551118,386.42968948347004,City_6 -> City_4 -> City_17 -> City_1 -> City_13 -> City_5 -> City_2 -> City_18 -> City_20 -> City_7 -> City_16 -> City_11 -> City_15 -> City_19 -> City_8 -> City_3 -> City_12 -> City_10 -> City_9 -> City_14
1550,407.02908113730183,386.42968948347004,City_4 -> City_17 -> City_6 -> City_1 -> City_13 -> City_5 -> City_18 -> City_2 -> City_20 -> City_7 -> City_15 -> City_16 -> City_11 -> City_19 -> City_8 -> City_3 -> City_12 -> City_10 -> City_9 -> City_14
1555,399.19861876114936,386.42968948347004,City_4 -> City_17 -> City_6 -> City_1 -> City_13 -> City_5 -> City_18 -> City_2 -> City_20 -> City_7 -> City_16 -> City_15 -> City_11 -> City_10 -> City_19 -> City_3 -> City_8 -> City_12 -> City_14 -> City_9
1560,408.26047783868495,386.42968948347004,City_17 -> City_6 -> City_4 -> City_1 -> City_13 -> City_5 -> City_18 -> City_2 -> City_20 -> City_7 -> City_11 -> City_16 -> City_15 -> City_10 -> City_19 -> City_8 -> City_3 -> City_12 -> City_14 -> City_9
1565,414.46521115636125,386.42968948347004,City_17 -> City_4 -> City_6 -> City_1 -> City_13 -> City_5 -> City_2 -> City_18 -> City_20 -> City_7 -> City_11 -> City_16 -> City_15 -> City_19 -> City_3 -> City_8 -> City_10 -> City_12 -> City_9 -> City_14
1570,403.23247993353067,386.42968948347004,City_4 -> City_6 -> City_17 -> City_1 -> City_13 -> City_5 -> City_2 -> City_18 -> City_20 -> City_7 -> City_16 -> City_11 -> City_15 -> City_19 -> City_8 -> City_3 -> City_12 -> City_10 -> City_9 -> City_14
1575,416.76730000069773,386.42968948347004,City_4 -> City_17 -> City_6 -> City_1 -> City_13 -> City_5 -> City_18 -> City_2 -> City_20 -> City_7 -> City_15 -> City_16 -> City_11 -> City_19 -> City_8 -> City_3 -> City_12 -> City_10 -> City_14 -> City_9
1580,401.90368462338233,386.42968948347004,City_4 -> City_17 -> City_6 -> City_1 -> City_13 -> City_5 -> City_18 -> City_2 -> City_20 -> City_7 -> City_16 -> City_15 -> City_11 -> City_10 -> City_19 -> City_8 -> City_3 -> City_12 -> City_14 -> City_9
1585,414.33423825937126,386.42968948347004,City_17 -> City_4 -> City_6 -> City_1 -> City_13 -> City_5 -> City_18 -> City_2 -> City_20 -> City_7 -> City_11 -> City_16 -> City_15 -> City_10 -> City_19 -> City_8 -> City_3 -> City_12 -> City_14 -> City_9
1590,411.1157186115767,386.42968948347004,City_17 -> City_4 -> City_6 -> City_1 -> City_13 -> City_5 -> City_2 -> City_18 -> City_20 -> City_7 -> City_16 -> City_11 -> City_15 -> City_19 -> City_3 -> City_8 -> City_10 -> City_12 -> City_9 -> City_14
1595,411.4592206544548,386.42968948347004,City_4 -> City_6 -> City_17 -> City_1 -> City_13 -> City_5 -> City_2 -> City_18 -> City_20 -> City_7 -> City_15 -> City_11 -> City_16 -> City_19 -> City_8 -> City_3 -> City_12 -> City_10 -> City_9 -> City_14
1600,429.55469573052613,386.42968948347004,City_4 -> City_17 -> City_6 -> City_1 -> City_13 -> City_5 -> City_18 -> City_2 -> City_20 -> City_7 -> City_15 -> City_16 -> City_11 -> City_12 -> City_8 -> City_3 -> City_19 -> City_10 -> City_14 -> City_9
1605,409.9057018536876,386.42968948347004,City_6 -> City_17 -> City_4 -> City_1 -> City_13 -> City_5 -> City_18 -> City_2 -> City_20 -> City_7 -> City_16 -> City_15 -> City_11 -> City_10 -> City_19 -> City_8 -> City_3 -> City_12 -> City_14 -> City_9
1610,409.58880126692236,386.42968948347004,City_17 -> City_4 -> City_6 -> City_1 -> City_13 -> City_5 -> City_18 -> City_2 -> City_20 -> City_7 -> City_11 -> City_16 -> City_15 -> City_10 -> City_19 -> City_8 -> City_3 -> City_12 -> City_9 -> City_14
1615,413.6196315422775,386.42968948347004,City_17 -> City_4 -> City_6 -> City_1 -> City_13 -> City_5 -> City_2 -> City_18 -> City_20 -> City_7 -> City_16 -> City_11 -> City_15 -> City_19 -> City_8 -> City_3 -> City_10 -> City_12 -> City_9 -> City_14
1620,413.22728922063453,386.42968948347004,City_4 -> City_17 -> City_6 -> City_1 -> City_13 -> City_5 -> City_2 -> City_18 -> City_20 -> City_7 -> City_15 -> City_11 -> City_16 -> City_19 -> City_8 -> City_3 -> City_12 -> City_10 -> City_9 -> City_14
1625,408.7306532899769,386.42968948347004,City_4 -> City_17 -> City_6 -> City_1 -> City_13 -> City_5 -> City_18 -> City_2 -> City_20 -> City_7 -> City_15 -> City_16 -> City_11 -> City_10 -> City_8 -> City_3 -> City_19 -> City_12 -> City_14 -> City_9
1630,408.03441187313155,386.42968948347004,City_6 -> City_17 -> City_4 -> City_1 -> City_13 -> City_5 -> City_18 -> City_2 -> City_20 -> City_7 -> City_11 -> City_15 -> City_16 -> City_10 -> City_19 -> City_8 -> City_3 -> City_12 -> City_14 -> City_9
1635,418.63150934160166,386.42968948347004,City_17 -> City_4 -> City_6 -> City_1 -> City_13 -> City_5 -> City_2 -> City_18 -> City_20 -> City_7 -> City_11 -> City_16 -> City_15 -> City_10 -> City_19 -> City_8 -> City_3 -> City_12 -> City_9 -> City_14
1640,412.57978394407365,386.42968948347004,City_6 -> City_4 -> City_17 -> City_1 -> City_13 -> City_5 -> City_2 -> City_18 -> City_20 -> City_7 -> City_16 -> City_11 -> City_15 -> City_19 -> City_8 -> City_3 -> City_10 -> City_12 -> City_9 -> City_14
1645,416.0717892119811,386.42968948347004,City_4 -> City_17 -> City_6 -> City_1 -> City_13 -> City_5 -> City_2 -> City_18 -> City_20 -> City_7 -> City_15 -> City_16 -> City_11 -> City_19 -> City_8 -> City_3 -> City_12 -> City_10 -> City_9 -> City_14
1650,399.12845506056016,386.42968948347004,City_4 -> City_17 -> City_6 -> City_1 -> City_13 -> City_5 -> City_18 -> City_2 -> City_20 -> City_7 -> City_15 -> City_16 -> City_11 -> City_10 -> City_19 -> City_3 -> City_8 -> City_12 -> City_14 -> City_9
1655,406.6724216826242,386.42968948347004,City_17 -> City_6 -> City_4 -> City_1 -> City_13 -> City_5 -> City_18 -> City_2 -> City_20 -> City_7 -> City_11 -> City_15 -> City_16 -> City_10 -> City_19 -> City_8 -> City_3 -> City_12 -> City_14 -> City_9
1660,430.8563557872174,386.42968948347004,City_17 -> City_4 -> City_6 -> City_1 -> City_13 -> City_5 -> City_2 -> City_18 -> City_20 -> City_7 -> City_11 -> City_16 -> City_15 -> City_19 -> City_10 -> City_8 -> City_3 -> City_12 -> City_9 -> City_14
1665,417.6389658551118,386.42968948347004,City_6 -> City_4 -> City_17 -> City_1 -> City_13 -> City_5 -> City_2 -> City_18 -> City_20 -> City_7 -> City_16 -> City_11 -> City_15 -> City_19 -> City_8 -> City_3 -> City_12 -> City_10 -> City_9 -> City_14
1670,407.02908113730183,386.42968948347004,City_4 -> City_17 -> City_6 -> City_1 -> City_13 -> City_5 -> City_18 -> City_2 -> City_20 -> City_7 -> City_15 -> City_16 -> City_11 -> City_19 -> City_8 -> City_3 -> City_12 -> City_10 -> City_9 -> City_14
1675,399.19861876114936,386.42968948347004,City_4 -> City_17 -> City_6 -> City_1 -> City_13 -> City_5 -> City_18 -> City_2 -> City_20 -> City_7 -> City_16 -> City_15 -> City_11 -> City_10 -> City_19 -> City_3 -> City_8 -> City_12 -> City_14 -> City_9
1680,408.26047783868495,386.42968948347004,City_17 -> City_6 -> City_4 -> City_1 -> City_13 -> City_5 -> City_18 -> City_2 -> City_20 -> City_7 -> City_11 -> City_16 -> City_15 -> City_10 -> City_19 -> City_8 -> City_3 -> City_12 -> City_14 -> City_9
1685,414.46521115636125,386.42968948347004,City_17 -> City_4 -> City_6 -> City_1 -> City_13 -> City_5 -> City_2 -> City_18 -> City_20 -> City_7 -> City_11 -> City_16 -> City_15 -> City_19 -> City_3 -> City_8 -> City_10 -> City_12 -> City_9 -> City_14
1690,403.23247993353067,386.42968948347004,City_4 -> City_6 -> City_17 -> City_1 -> City_13 -> City_5 -> City_2 -> City_18 -> City_20 -> City_7 -> City_16 -> City_11 -> City_15 -> City_19 -> City_8 -> City_3 -> City_12 -> City_10 -> City_9 -> City_14
1695,416.76730000069773,386.42968948347004,City_4 -> City_17 -> City_6 -> City_1 -> City_13 -> City_5 -> City_18 -> City_2 -> City_20 -> City_7 -> City_15 -> City_16 -> City_11 -> City_19 -> City_8 -> City_3 -> City_12 -> City_10 -> City_14 -> City_9
1700,401.90368462338233,386.42968948347004,City_4 -> City_17 -> City_6 -> City_1 -> City_13 -> City_5 -> City_18 -> City_2 -> City_20 -> City_7 -> City_16 -> City_15 -> City_11 -> City_10 -> City_19 -> City_8 -> City_3 -> City_12 -> City_14 -> City_9
1705,414.33423825937126,386.42968948347004,City_17 -> City_4 -> City_6 -> City_1 -> City_13 -> City_5 -> City_18 -> City_2 -> City_20 -> City_7 -> City_11 -> City_16 -> City_15 -> City_10 -> City_19 -> City_8 -> City_3 -> City_12 -> City_14 -> City_9
1710,411.1157186115767,386.42968948347004,City_17 -> City_4 -> City_6 -> City_1 -> City_13 -> City_5 -> City_2 -> City_18 -> City_20 -> City_7 -> City_16 -> City_11 -> City_15 -> City_19 -> City_3 -> City_8 -> City_10 -> City_12 -> City_9 -> City_14
1715,411.4592206544548,386.42968948347004,City_4 -> City_6 -> City_17 -> City_1 -> City_13 -> City_5 -> City_2 -> City_18 -> City_20 -> City_7 -> City_15 -> City_11 -> City_16 -> City_19 -> City_8 -> City_3 -> City_12 -> City_10 -> City_9 -> City_14
1720,429.55469573052613,386.42968948347004,City_4 -> City_17 -> City_6 -> City_1 -> City_13 -> City_5 -> City_18 -> City_2 -> City_20 -> City_7 -> City_15 -> City_16 -> City_11 -> City_12 -> City_8 -> City_3 -> City_19 -> City_10 -> City_14 -> City_9
1725,409.9057018536876,386.42968948347004,City_6 -> City_17 -> City_4 -> City_1 -> City_13 -> City_5 -> City_18 -> City_2 -> City_20 -> City_7 -> City_16 -> City_15 -> City_11 -> City_10 -> City_19 -> City_8 -> City_3 -> City_12 -> City_14 -> City_9
1730,409.58880126692236,386.42968948347004,City_17 -> City_4 -> City_6 -> City_1 -> City_13 -> City_5 -> City_18 -> City_2 -> City_20 -> City_7 -> City_11 -> City_16 -> City_15 -> City_10 -> City_19 -> City_8 -> City_3 -> City_12 -> City_9 -> City_14
1735,413.6196315422775,386.42968948347004,City_17 -> City_4 -> City_6 -> City_1 -> City_13 -> City_5 -> City_2 -> City_18 -> City_20 -> City_7 -> City_16 -> City_11 -> City_15 -> City_19 -> City_8 -> City_3 -> City_10 -> City_12 -> City_9 -> City_14
1740,413.22728922063453,386.42968948347004,City_4 -> City_17 -> City_6 -> City_1 -> City_13 -> City_5 -> City_2 -> City_18 -> City_20 -> City_7 -> City_15 -> City_11 -> City_16 -> City_19 -> City_8 -> City_3 -> City_12 -> City_10 -> City_9 -> City_14
1745,408.7306532899769,386.42968948347004,City_4 -> City_17 -> City_6 -> City_1 -> City_13 -> City_5 -> City_18 -> City_2 -> City_20 -> City_7 -> City_15 -> City_16 -> City_11 -> City_10 -> City_8 -> City_3 -> City_19 -> City_12 -> City_14 -> City_9
1750,408.03441187313155,386.42968948347004,City_6 -> City_17 -> City_4 -> City_1 -> City_13 -> City_5 -> City_18 -> City_2 -> City_20 -> City_7 -> City_11 -> City_15 -> City_16 -> City_10 -> City_19 -> City_8 -> City_3 -> City_12 -> City_14 -> City_9
1755,418.63150934160166,386.42968948347004,City_17 -> City_4 -> City_6 -> City_1 -> City_13 -> City_5 -> City_2 -> City_18 -> City_20 -> City_7 -> City_11 -> City_16 -> City_15 -> City_10 -> City_19 -> City_8 -> City_3 -> City_12 -> City_9 -> City_14
1760,412.57978394407365,386.42968948347004,City_6 -> City_4 -> City_17 -> City_1 -> City_13 -> City_5 -> City_2 -> City_18 -> City_20 -> City_7 -> City_16 -> City_11 -> City_15 -> City_19 -> City_8 -> City_3 -> City_10 -> City_12 -> City_9 -> City_14
1765,416.0717892119811,386.42968948347004,City_4 -> City_17 -> City_6 -> City_1 -> City_13 -> City_5 -> City_2 -> City_18 -> City_20 -> City_7 -> City_15 -> City_16 -> City_11 -> City_19 -> City_8 -> City_3 -> City_12 -> City_10 -> City_9 -> City_14
1770,399.12845506056016,386.42968948347004,City_4 -> City_17 -> City_6 -> City_1 -> City_13 -> City_5 -> City_18 -> City_2 -> City_20 -> City_7 -> City_15 -> City_16 -> City_11 -> City_10 -> City_19 -> City_3 -> City_8 -> City_12 -> City_14 -> City_9
1775,406.6724216826242,386.42968948347004,City_17 -> City_6 -> City_4 -> City_1 -> City_13 -> City_5 -> City_18 -> City_2 -> City_20 -> City_7 -> City_11 -> City_15 -> City_16 -> City_10 -> City_19 -> City_8 -> City_3 -> City_12 -> City_14 -> City_9
1780,430.8563557872174,386.42968948347004,City_17 -> City_4 -> City_6 -> City_1 -> City_13 -> City_5 -> City_2 -> City_18 -> City_20 -> City_7 -> City_11 -> City_16 -> City_15 -> City_19 -> City_10 -> City_8 -> City_3 -> City_12 -> City_9 -> City_14
1785,417.6389658551118,386.42968948347004,City_6 -> City_4 -> City_17 -> City_1 -> City_13 -> City_5 -> City_2 -> City_18 -> City_20 -> City_7 -> City_16 -> City_11 -> City_15 -> City_19 -> City_8 -> City_3 -> City_12 -> City_10 -> City_9 -> City_14
1790,407.02908113730183,386.42968948347004,City_4 -> City_17 -> City_6 -> City_1 -> City_13 -> City_5 -> City_18 -> City_2 -> City_20 -> City_7 -> City_15 -> City_16 -> City_11 -> City_19 -> City_8 -> City_3 -> City_12 -> City_10 -> City_9 -> City_14
1795,399.19861876114936,386.42968948347004,City_4 -> City_17 -> City_6 -> City_1 -> City_13 -> City_5 -> City_18 -> City_2 -> City_20 -> City_7 -> City_16 -> City_15 -> City_11 -> City_10 -> City_19 -> City_3 -> City_8 -> City_12 -> City_14 -> City_9
1800,408.26047783868495,386.42968948347004,City_17 -> City_6 -> City_4 -> City_1 -> City_13 -> City_5 -> City_18 -> City_2 -> City_20 -> City_7 -> City_11 -> City_16 -> City_15 -> City_10 -> City_19 -> City_8 -> City_3 -> City_12 -> City_14 -> City_9
1805,414.46521115636125,386.42968948347004,City_17 -> City_4 -> City_6 -> City_1 -> City_13 -> City_5 -> City_2 -> City_18 -> City_20 -> City_7 -> City_11 -> City_16 -> City_15 -> City_19 -> City_3 -> City_8 -> City_10 -> City_12 -> City_9 -> City_14
1810,403.23247993353067,386.42968948347004,City_4 -> City_6 -> City_17 -> City_1 -> City_13 -> City_5 -> City_2 -> City_18 -> City_20 -> City_7 -> City_16 -> City_11 -> City_15 -> City_19 -> City_8 -> City_3 -> City_12 -> City_10 -> City_9 -> City_14
1815,416.76730000069773,386.42968948347004,City_4 -> City_17 -> City_6 -> City_1 -> City_13 -> City_5 -> City_18 -> City_2 -> City_20 -> City_7 -> City_15 -> City_16 -> City_11 -> City_19 -> City_8 -> City_3 -> City_12 -> City_10 -> City_14 -> City_9
1820,401.90368462338233,386.42968948347004,City_4 -> City_17 -> City_6 -> City_1 -> City_13 -> City_5 -> City_18 -> City_2 -> City_20 -> City_7 -> City_16 -> City_15 -> City_11 -> City_10 -> City_19 -> City_8 -> City_3 -> City_12 -> City_14 -> City_9
1825,414.33423825937126,386.42968948347004,City_17 -> City_4 -> City_6 -> City_1 -> City_13 -> City_5 -> City_18 -> City_2 -> City_20 -> City_7 -> City_11 -> City_16 -> City_15 -> City_10 -> City_19 -> City_8 -> City_3 -> City_12 -> City_14 -> City_9
1830,411.1157186115767,386.42968948347004,City_17 -> City_4 -> City_6 -> City_1 -> City_13 -> City_5 -> City_2 -> City_18 -> City_20 -> City_7 -> City_16 -> City_11 -> City_15 -> City_19 -> City_3 -> City_8 -> City_10 -> City_12 -> City_9 -> City_14
1835,411.4592206544548,386.42968948347004,City_4 -> City_6 -> City_17 -> City_1 -> City_13 -> City_5 -> City_2 -> City_18 -> City_20 -> City_7 -> City_15 -> City_11 -> City_16 -> City_19 -> City_8 -> City_3 -> City_12 -> City_10 -> City_9 -> City_14
1840,429.55469573052613,386.42968948347004,City_4 -> City_17 -> City_6 -> City_1 -> City_13 -> City_5 -> City_18 -> City_2 -> City_20 -> City_7 -> City_15 -> City_16 -> City_11 -> City_12 -> City_8 -> City_3 -> City_19 -> City_10 -> City_14 -> City_9
1845,409.9057018536876,386.42968948347004,City_6 -> City_17 -> City_4 -> City_1 -> City_13 -> City_5 -> City_18 -> City_2 -> City_20 -> City_7 -> City_16 -> City_15 -> City_11 -> City_10 -> City_19 -> City_8 -> City_3 -> City_12 -> City_14 -> City_9
1850,409.58880126692236,386.42968948347004,City_17 -> City_4 -> City_6 -> City_1 -> City_13 -> City_5 -> City_18 -> City_2 -> City_20 -> City_7 -> City_11 -> City_16 -> City_15 -> City_10 -> City_19 -> City_8 -> City_3 -> City_12 -> City_9 -> City_14
1855,413.6196315422775,386.42968948347004,City_17 -> City_4 -> City_6 -> City_1 -> City_13 -> City_5 -> City_2 -> City_18 -> City_20 -> City_7 -> City_16 -> City_11 -> City_15 -> City_19 -> City_8 -> City_3 -> City_10 -> City_12 -> City_9 -> City_14
1860,413.22728922063453,386.42968948347004,City_4 -> City_17 -> City_6 -> City_1 -> City_13 -> City_5 -> City_2 -> City_18 -> City_20 -> City_7 -> City_15 -> City_11 -> City_16 -> City_19 -> City_8 -> City_3 -> City_12 -> City_10 -> City_9 -> City_14
1865,408.7306532899769,386.42968948347004,City_4 -> City_17 -> City_6 -> City_1 -> City_13 -> City_5 -> City_18 -> City_2 -> City_20 -> City_7 -> City_15 -> City_16 -> City_11 -> City_10 -> City_8 -> City_3 -> City_19 -> City_12 -> City_14 -> City_9
1870,408.03441187313155,386.42968948347004,City_6 -> City_17 -> City_4 -> City_1 -> City_13 -> City_5 -> City_18 -> City_2 -> City_20 -> City_7 -> City_11 -> City_15 -> City_16 -> City_10 -> City_19 -> City_8 -> City_3 -> City_12 -> City_14 -> City_9
1875,418.63150934160166,386.42968948347004,City_17 -> City_4 -> City_6 -> City_1 -> City_13 -> City_5 -> City_2 -> City_18 -> City_20 -> City_7 -> City_11 -> City_16 -> City_15 -> City_10 -> City_19 -> City_8 -> City_3 -> City_12 -> City_9 -> City_14
1880,412.57978394407365,386.42968948347004,City_6 -> City_4 -> City_17 -> City_1 -> City_13 -> City_5 -> City_2 -> City_18 -> City_20 -> City_7 -> City_16 -> City_11 -> City_15 -> City_19 -> City_8 -> City_3 -> City_10 -> City_12 -> City_9 -> City_14
1885,416.0717892119811,386.42968948347004,City_4 -> City_17 -> City_6 -> City_1 -> City_13 -> City_5 -> City_2 -> City_18 -> City_20 -> City_7 -> City_15 -> City_16 -> City_11 -> City_19 -> City_8 -> City_3 -> City_12 -> City_10 -> City_9 -> City_14
1890,399.12845506056016,386.42968948347004,City_4 -> City_17 -> City_6 -> City_1 -> City_13 -> City_5 -> City_18 -> City_2 -> City_20 -> City_7 -> City_15 -> City_16 -> City_11 -> City_10 -> City_19 -> City_3 -> City_8 -> City_12 -> City_14 -> City_9
1895,406.6724216826242,386.42968948347004,City_17 -> City_6 -> City_4 -> City_1 -> City_13 -> City_5 -> City_18 -> City_2 -> City_20 -> City_7 -> City_11 -> City_15 -> City_16 -> City_10 -> City_19 -> City_8 -> City_3 -> City_12 -> City_14 -> City_9
1900,430.8563557872174,386.42968948347004,City_17 -> City_4 -> City_6 -> City_1 -> City_13 -> City_5 -> City_2 -> City_18 -> City_20 -> City_7 -> City_11 -> City_16 -> City_15 -> City_19 -> City_10 -> City_8 -> City_3 -> City_12 -> City_9 -> City_14
1905,417.6389658551118,386.42968948347004,City_6 -> City_4 -> City_17 -> City_1 -> City_13 -> City_5 -> City_2 -> City_18 -> City_20 -> City_7 -> City_16 -> City_11 -> City_15 -> City_19 -> City_8 -> City_3 -> City_12 -> City_10 -> City_9 -> City_14
1910,407.02908113730183,386.42968948347004,City_4 -> City_17 -> City_6 -> City_1 -> City_13 -> City_5 -> City_18 -> City_2 -> City_20 -> City_7 -> City_15 -> City_16 -> City_11 -> City_19 -> City_8 -> City_3 -> City_12 -> City_10 -> City_9 -> City_14
1915,399.19861876114936,386.42968948347004,City_4 -> City_17 -> City_6 -> City_1 -> City_13 -> City_5 -> City_18 -> City_2 -> City_20 -> City_7 -> City_16 -> City_15 -> City_11 -> City_10 -> City_19 -> City_3 -> City_8 -> City_12 -> City_14 -> City_9
1920,408.26047783868495,386.42968948347004,City_17 -> City_6 -> City_4 -> City_1 -> City_13 -> City_5 -> City_18 -> City_2 -> City_20 -> City_7 -> City_11 -> City_16 -> City_15 -> City_10 -> City_19 -> City_8 -> City_3 -> City_12 -> City_14 -> City_9
1925,414.46521115636125,386.42968948347004,City_17 -> City_4 -> City_6 -> City_1 -> City_13 -> City_5 -> City_2 -> City_18 -> City_20 -> City_7 -> City_11 -> City_16 -> City_15 -> City_19 -> City_3 -> City_8 -> City_10 -> City_12 -> City_9 -> City_14
1930,403.23247993353067,386.42968948347004,City_4 -> City_6 -> City_17 -> City_1 -> City_13 -> City_5 -> City_2 -> City_18 -> City_20 -> City_7 -> City_16 -> City_11 -> City_15 -> City_19 -> City_8 -> City_3 -> City_12 -> City_10 -> City_9 -> City_14
1935,416.76730000069773,386.42968948347004,City_4 -> City_17 -> City_6 -> City_1 -> City_13 -> City_5 -> City_18 -> City_2 -> City_20 -> City_7 -> City_15 -> City_16 -> City_11 -> City_19 -> City_8 -> City_3 -> City_12 -> City_10 -> City_14 -> City_9
1940,401.90368462338233,386.42968948347004,City_4 -> City_17 -> City_6 -> City_1 -> City_13 -> City_5 -> City_18 -> City_2 -> City_20 -> City_7 -> City_16 -> City_15 -> City_11 -> City_10 -> City_19 -> City_8 -> City_3 -> City_12 -> City_14 -> City_9
1945,414.33423825937126,386.42968948347004,City_17 -> City_4 -> City_6 -> City_1 -> City_13 -> City_5 -> City_18 -> City_2 -> City_20 -> City_7 -> City_11 -> City_16 -> City_15 -> City_10 -> City_19 -> City_8 -> City_3 -> City_12 -> City_14 -> City_9
1950,411.1157186115767,386.42968948347004,City_17 -> City_4 -> City_6 -> City_1 -> City_13 -> City_5 -> City_2 -> City_18 -> City_20 -> City_7 -> City_16 -> City_11 -> City_15 -> City_19 -> City_3 -> City_8 -> City_10 -> City_12 -> City_9 -> City_14
1955,411.4592206544548,386.42968948347004,City_4 -> City_6 -> City_17 -> City_1 -> City_13 -> City_5 -> City_2 -> City_18 -> City_20 -> City_7 -> City_15 -> City_11 -> City_16 -> City_19 -> City_8 -> City_3 -> City_12 -> City_10 -> City_9 -> City_14
1960,429.55469573052613,386.42968948347004,City_4 -> City_17 -> City_6 -> City_1 -> City_13 -> City_5 -> City_18 -> City_2 -> City_20 -> City_7 -> City_15 -> City_16 -> City_11 -> City_12 -> City_8 -> City_3 -> City_19 -> City_10 -> City_14 -> City_9
1965,409.9057018536876,386.42968948347004,City_6 -> City_17 -> City_4 -> City_1 -> City_13 -> City_5 -> City_18 -> City_2 -> City_20 -> City_7 -> City_16 -> City_15 -> City_11 -> City_10 -> City_19 -> City_8 -> City_3 -> City_12 -> City_14 -> City_9
1970,409.58880126692236,386.42968948347004,City_17 -> City_4 -> City_6 -> City_1 -> City_13 -> City_5 -> City_18 -> City_2 -> City_20 -> City_7 -> City_11 -> City_16 -> City_15 -> City_10 -> City_19 -> City_8 -> City_3 -> City_12 -> City_9 -> City_14
1975,413.6196315422775,386.42968948347004,City_17 -> City_4 -> City_6 -> City_1 -> City_13 -> City_5 -> City_2 -> City_18 -> City_20 -> City_7 -> City_16 -> City_11 -> City_15 -> City_19 -> City_8 -> City_3 -> City_10 -> City_12 -> City_9 -> City_14
1980,413.22728922063453,386.42968948347004,City_4 -> City_17 -> City_6 -> City_1 -> City_13 -> City_5 -> City_2 -> City_18 -> City_20 -> City_7 -> City_15 -> City_11 -> City_16 -> City_19 -> City_8 -> City_3 -> City_12 -> City_10 -> City_9 -> City_14
1985,408.7306532899769,386.42968948347004,City_4 -> City_17 -> City_6 -> City_1 -> City_13 -> City_5 -> City_18 -> City_2 -> City_20 -> City_7 -> City_15 -> City_16 -> City_11 -> City_10 -> City_8 -> City_3 -> City_19 -> City_12 -> City_14 -> City_9
1990,408.03441187313155,386.42968948347004,City_6 -> City_17 -> City_4 -> City_1 -> City_13 -> City_5 -> City_18 -> City_2 -> City_20 -> City_7 -> City_11 -> City_15 -> City_16 -> City_10 -> City_19 -> City_8 -> City_3 -> City_12 -> City_14 -> City_9
1995,418.63150934160166,386.42968948347004,City_17 -> City_4 -> City_6 -> City_1 -> City_13 -> City_5 -> City_2 -> City_18 -> City_20 -> City_7 -> City_11 -> City_16 -> City_15 -> City_10 -> City_19 -> City_8 -> City_3 -> City_12 -> City_9 -> City_14
2000,412.57978394407365,386.42968948347004,City_6 -> City_4 -> City_17 -> City_1 -> City_13 -> City_5 -> City_2 -> City_18 -> City_20 -> City_7 -> City_16 -> City_11 -> City_15 -> City_19 -> City_8 -> City_3 -> City_10 -> City_12 -> City_9 -> City_14
